mtllib Boss.mtl
o body0_1
usemtl material11
v 0.125 3.0625 0.125
v 0.125 3.0625 0
v 0.125 2.5625 0.125
v 0.125 2.5625 0
v -0.125 3.0625 0
v -0.125 3.0625 0.125
v -0.125 2.5625 0
v -0.125 2.5625 0.125
v -0.125 3.0625 0
v 0.125 3.0625 0
v -0.125 3.0625 0.125
v 0.125 3.0625 0.125
v -0.125 2.5625 0.125
v 0.125 2.5625 0.125
v -0.125 2.5625 0
v 0.125 2.5625 0
v -0.125 3.0625 0.125
v 0.125 3.0625 0.125
v -0.125 2.5625 0.125
v 0.125 2.5625 0.125
v 0.125 3.0625 0
v -0.125 3.0625 0
v 0.125 2.5625 0
v -0.125 2.5625 0
vt 0.34771728515625 0.14849853515625
vt 0.35540771484375 0.14849853515625
vt 0.34771728515625 0.17962646484375
vt 0.35540771484375 0.17962646484375
vt 0.37115478515625 0.14849853515625
vt 0.37884521484375 0.14849853515625
vt 0.37115478515625 0.17962646484375
vt 0.37884521484375 0.17962646484375
vt 0.37103271484375 0.14837646484375
vt 0.35552978515625 0.14837646484375
vt 0.37103271484375 0.14068603515625
vt 0.35552978515625 0.14068603515625
vt 0.38665771484375 0.14068603515625
vt 0.37115478515625 0.14068603515625
vt 0.38665771484375 0.14837646484375
vt 0.37115478515625 0.14837646484375
vt 0.37896728515625 0.14849853515625
vt 0.39447021484375 0.14849853515625
vt 0.37896728515625 0.17962646484375
vt 0.39447021484375 0.17962646484375
vt 0.35552978515625 0.14849853515625
vt 0.37103271484375 0.14849853515625
vt 0.35552978515625 0.17962646484375
vt 0.37103271484375 0.17962646484375
vn 1 0 0
vn 1 0 0
vn 1 0 0
vn 1 0 0
vn -1 0 0
vn -1 0 0
vn -1 0 0
vn -1 0 0
vn 0 1 0
vn 0 1 0
vn 0 1 0
vn 0 1 0
vn 0 -1 0
vn 0 -1 0
vn 0 -1 0
vn 0 -1 0
vn 0 0 1
vn 0 0 1
vn 0 0 1
vn 0 0 1
vn 0 0 -1
vn 0 0 -1
vn 0 0 -1
vn 0 0 -1
f 1/1/1 3/3/3 2/2/2
f 3/3/3 4/4/4 2/2/2
f 5/5/5 7/7/7 6/6/6
f 7/7/7 8/8/8 6/6/6
f 9/9/9 11/11/11 10/10/10
f 11/11/11 12/12/12 10/10/10
f 13/13/13 15/15/15 14/14/14
f 15/15/15 16/16/16 14/14/14
f 17/17/17 19/19/19 18/18/18
f 19/19/19 20/20/20 18/18/18
f 21/21/21 23/23/23 22/22/22
f 23/23/23 24/24/24 22/22/22
o body0_2
usemtl material11
v 0.125 3.375 0
v 0.125 3.375 -0.25
v 0.125 3 0
v 0.125 3 -0.25
v -0.125 3.375 -0.25
v -0.125 3.375 0
v -0.125 3 -0.25
v -0.125 3 0
v -0.125 3.375 -0.25
v 0.125 3.375 -0.25
v -0.125 3.375 0
v 0.125 3.375 0
v -0.125 3 0
v 0.125 3 0
v -0.125 3 -0.25
v 0.125 3 -0.25
v -0.125 3.375 0
v 0.125 3.375 0
v -0.125 3 0
v 0.125 3 0
v 0.125 3.375 -0.25
v -0.125 3.375 -0.25
v 0.125 3 -0.25
v -0.125 3 -0.25
vt 0.66412353515625 0.47662353515625
vt 0.67962646484375 0.47662353515625
vt 0.66412353515625 0.49993896484375
vt 0.67962646484375 0.49993896484375
vt 0.69537353515625 0.47662353515625
vt 0.71087646484375 0.47662353515625
vt 0.69537353515625 0.49993896484375
vt 0.71087646484375 0.49993896484375
vt 0.69525146484375 0.47650146484375
vt 0.67974853515625 0.47650146484375
vt 0.69525146484375 0.46099853515625
vt 0.67974853515625 0.46099853515625
vt 0.71087646484375 0.46099853515625
vt 0.69537353515625 0.46099853515625
vt 0.71087646484375 0.47650146484375
vt 0.69537353515625 0.47650146484375
vt 0.71099853515625 0.47662353515625
vt 0.72650146484375 0.47662353515625
vt 0.71099853515625 0.49993896484375
vt 0.72650146484375 0.49993896484375
vt 0.67974853515625 0.47662353515625
vt 0.69525146484375 0.47662353515625
vt 0.67974853515625 0.49993896484375
vt 0.69525146484375 0.49993896484375
vn 1 0 0
vn 1 0 0
vn 1 0 0
vn 1 0 0
vn -1 0 0
vn -1 0 0
vn -1 0 0
vn -1 0 0
vn 0 1 0
vn 0 1 0
vn 0 1 0
vn 0 1 0
vn 0 -1 0
vn 0 -1 0
vn 0 -1 0
vn 0 -1 0
vn 0 0 1
vn 0 0 1
vn 0 0 1
vn 0 0 1
vn 0 0 -1
vn 0 0 -1
vn 0 0 -1
vn 0 0 -1
f 25/25/25 27/27/27 26/26/26
f 27/27/27 28/28/28 26/26/26
f 29/29/29 31/31/31 30/30/30
f 31/31/31 32/32/32 30/30/30
f 33/33/33 35/35/35 34/34/34
f 35/35/35 36/36/36 34/34/34
f 37/37/37 39/39/39 38/38/38
f 39/39/39 40/40/40 38/38/38
f 41/41/41 43/43/43 42/42/42
f 43/43/43 44/44/44 42/42/42
f 45/45/45 47/47/47 46/46/46
f 47/47/47 48/48/48 46/46/46
o body0_3
usemtl material11
v 0.5625 3 0
v 0.5625 3 -0.6875
v 0.5625 2.5625 0
v 0.5625 2.5625 -0.6875
v -0.5625 3 -0.6875
v -0.5625 3 0
v -0.5625 2.5625 -0.6875
v -0.5625 2.5625 0
v -0.5625 3 -0.6875
v 0.5625 3 -0.6875
v -0.5625 3 0
v 0.5625 3 0
v -0.5625 2.5625 0
v 0.5625 2.5625 0
v -0.5625 2.5625 -0.6875
v 0.5625 2.5625 -0.6875
v -0.5625 3 0
v 0.5625 3 0
v -0.5625 2.5625 0
v 0.5625 2.5625 0
v 0.5625 3 -0.6875
v -0.5625 3 -0.6875
v 0.5625 2.5625 -0.6875
v -0.5625 2.5625 -0.6875
vt 0.16412353515625 0.23052978515625
vt 0.20697021484375 0.23052978515625
vt 0.16412353515625 0.25775146484375
vt 0.20697021484375 0.25775146484375
vt 0.27740478515625 0.23052978515625
vt 0.32025146484375 0.23052978515625
vt 0.27740478515625 0.25775146484375
vt 0.32025146484375 0.25775146484375
vt 0.27728271484375 0.23040771484375
vt 0.20709228515625 0.23040771484375
vt 0.27728271484375 0.18756103515625
vt 0.20709228515625 0.18756103515625
vt 0.34759521484375 0.18756103515625
vt 0.27740478515625 0.18756103515625
vt 0.34759521484375 0.23040771484375
vt 0.27740478515625 0.23040771484375
vt 0.32037353515625 0.23052978515625
vt 0.39056396484375 0.23052978515625
vt 0.32037353515625 0.25775146484375
vt 0.39056396484375 0.25775146484375
vt 0.20709228515625 0.23052978515625
vt 0.27728271484375 0.23052978515625
vt 0.20709228515625 0.25775146484375
vt 0.27728271484375 0.25775146484375
vn 1 0 0
vn 1 0 0
vn 1 0 0
vn 1 0 0
vn -1 0 0
vn -1 0 0
vn -1 0 0
vn -1 0 0
vn 0 1 0
vn 0 1 0
vn 0 1 0
vn 0 1 0
vn 0 -1 0
vn 0 -1 0
vn 0 -1 0
vn 0 -1 0
vn 0 0 1
vn 0 0 1
vn 0 0 1
vn 0 0 1
vn 0 0 -1
vn 0 0 -1
vn 0 0 -1
vn 0 0 -1
f 49/49/49 51/51/51 50/50/50
f 51/51/51 52/52/52 50/50/50
f 53/53/53 55/55/55 54/54/54
f 55/55/55 56/56/56 54/54/54
f 57/57/57 59/59/59 58/58/58
f 59/59/59 60/60/60 58/58/58
f 61/61/61 63/63/63 62/62/62
f 63/63/63 64/64/64 62/62/62
f 65/65/65 67/67/67 66/66/66
f 67/67/67 68/68/68 66/66/66
f 69/69/69 71/71/71 70/70/70
f 71/71/71 72/72/72 70/70/70
o body0_4
usemtl material11
v 0.125 3.25 -0.65625
v 0.125 3.25 -0.90625
v 0.125 2.5625 -0.65625
v 0.125 2.5625 -0.90625
v -0.125 3.25 -0.90625
v -0.125 3.25 -0.65625
v -0.125 2.5625 -0.90625
v -0.125 2.5625 -0.65625
v -0.125 3.25 -0.90625
v 0.125 3.25 -0.90625
v -0.125 3.25 -0.65625
v 0.125 3.25 -0.65625
v -0.125 2.5625 -0.65625
v 0.125 2.5625 -0.65625
v -0.125 2.5625 -0.90625
v 0.125 2.5625 -0.90625
v -0.125 3.25 -0.65625
v 0.125 3.25 -0.65625
v -0.125 2.5625 -0.65625
v 0.125 2.5625 -0.65625
v 0.125 3.25 -0.90625
v -0.125 3.25 -0.90625
v 0.125 2.5625 -0.90625
v -0.125 2.5625 -0.90625
vt 0.19537353515625 0.65240478515625
vt 0.21087646484375 0.65240478515625
vt 0.19537353515625 0.69525146484375
vt 0.21087646484375 0.69525146484375
vt 0.22662353515625 0.65240478515625
vt 0.24212646484375 0.65240478515625
vt 0.22662353515625 0.69525146484375
vt 0.24212646484375 0.69525146484375
vt 0.22650146484375 0.65228271484375
vt 0.2109985202550888 0.65228271484375
vt 0.22650146484375 0.63677978515625
vt 0.2109985202550888 0.63677978515625
vt 0.24212646484375 0.63677978515625
vt 0.22662353515625 0.63677978515625
vt 0.24212646484375 0.65228271484375
vt 0.22662353515625 0.65228271484375
vt 0.2422485202550888 0.65240478515625
vt 0.25775146484375 0.65240478515625
vt 0.2422485202550888 0.69525146484375
vt 0.25775146484375 0.69525146484375
vt 0.2109985202550888 0.65240478515625
vt 0.22650146484375 0.65240478515625
vt 0.2109985202550888 0.69525146484375
vt 0.22650146484375 0.69525146484375
vn 1 0 0
vn 1 0 0
vn 1 0 0
vn 1 0 0
vn -1 0 0
vn -1 0 0
vn -1 0 0
vn -1 0 0
vn 0 1 0
vn 0 1 0
vn 0 1 0
vn 0 1 0
vn 0 -1 0
vn 0 -1 0
vn 0 -1 0
vn 0 -1 0
vn 0 0 1
vn 0 0 1
vn 0 0 1
vn 0 0 1
vn 0 0 -1
vn 0 0 -1
vn 0 0 -1
vn 0 0 -1
f 73/73/73 75/75/75 74/74/74
f 75/75/75 76/76/76 74/74/74
f 77/77/77 79/79/79 78/78/78
f 79/79/79 80/80/80 78/78/78
f 81/81/81 83/83/83 82/82/82
f 83/83/83 84/84/84 82/82/82
f 85/85/85 87/87/87 86/86/86
f 87/87/87 88/88/88 86/86/86
f 89/89/89 91/91/91 90/90/90
f 91/91/91 92/92/92 90/90/90
f 93/93/93 95/95/95 94/94/94
f 95/95/95 96/96/96 94/94/94
o b29_1
usemtl material11
v -0.125 3.0625 0.125
v -0.07716457095436377 3.0625 0.009515058436089158
v -0.125 2.5625 0.125
v -0.07716457095436377 2.5625 0.009515058436089158
v -0.6545892787739179 3.0625 -0.22966208679209194
v -0.7024247078195541 3.0625 -0.1141771452281811
v -0.6545892787739179 2.5625 -0.22966208679209194
v -0.7024247078195541 2.5625 -0.1141771452281811
v -0.6545892787739179 3.0625 -0.22966208679209194
v -0.07716457095436377 3.0625 0.009515058436089158
v -0.7024247078195541 3.0625 -0.1141771452281811
v -0.125 3.0625 0.125
v -0.7024247078195541 2.5625 -0.1141771452281811
v -0.125 2.5625 0.125
v -0.6545892787739179 2.5625 -0.22966208679209194
v -0.07716457095436377 2.5625 0.009515058436089158
v -0.7024247078195541 3.0625 -0.1141771452281811
v -0.125 3.0625 0.125
v -0.7024247078195541 2.5625 -0.1141771452281811
v -0.125 2.5625 0.125
v -0.07716457095436377 3.0625 0.009515058436089158
v -0.6545892787739179 3.0625 -0.22966208679209194
v -0.07716457095436377 2.5625 0.009515058436089158
v -0.6545892787739179 2.5625 -0.22966208679209194
vt 0.60943603515625 0.53131103515625
vt 0.61712646484375 0.53131103515625
vt 0.60943603515625 0.56243896484375
vt 0.61712646484375 0.56243896484375
vt 0.65631103515625 0.53131103515625
vt 0.66400146484375 0.53131103515625
vt 0.65631103515625 0.56243896484375
vt 0.66400146484375 0.56243896484375
vt 0.65618896484375 0.53118896484375
vt 0.61724853515625 0.53118896484375
vt 0.65618896484375 0.52349853515625
vt 0.61724853515625 0.52349853515625
vt 0.69525146484375 0.52349853515625
vt 0.65631103515625 0.52349853515625
vt 0.69525146484375 0.53118896484375
vt 0.65631103515625 0.53118896484375
vt 0.66412353515625 0.53131103515625
vt 0.70306396484375 0.53131103515625
vt 0.66412353515625 0.56243896484375
vt 0.70306396484375 0.56243896484375
vt 0.61724853515625 0.53131103515625
vt 0.65618896484375 0.53131103515625
vt 0.61724853515625 0.56243896484375
vt 0.65618896484375 0.56243896484375
vn 0.9238795325112867 0 0.3826834323650897
vn 0.9238795325112867 0 0.3826834323650897
vn 0.9238795325112867 0 0.3826834323650897
vn 0.9238795325112867 0 0.3826834323650897
vn -0.9238795325112867 0 -0.3826834323650897
vn -0.9238795325112867 0 -0.3826834323650897
vn -0.9238795325112867 0 -0.3826834323650897
vn -0.9238795325112867 0 -0.3826834323650897
vn 0 1 0
vn 0 1 0
vn 0 1 0
vn 0 1 0
vn 0 -1 0
vn 0 -1 0
vn 0 -1 0
vn 0 -1 0
vn -0.3826834323650897 0 0.9238795325112867
vn -0.3826834323650897 0 0.9238795325112867
vn -0.3826834323650897 0 0.9238795325112867
vn -0.3826834323650897 0 0.9238795325112867
vn 0.3826834323650897 0 -0.9238795325112867
vn 0.3826834323650897 0 -0.9238795325112867
vn 0.3826834323650897 0 -0.9238795325112867
vn 0.3826834323650897 0 -0.9238795325112867
f 97/97/97 99/99/99 98/98/98
f 99/99/99 100/100/100 98/98/98
f 101/101/101 103/103/103 102/102/102
f 103/103/103 104/104/104 102/102/102
f 105/105/105 107/107/107 106/106/106
f 107/107/107 108/108/108 106/106/106
f 109/109/109 111/111/111 110/110/110
f 111/111/111 112/112/112 110/110/110
f 113/113/113 115/115/115 114/114/114
f 115/115/115 116/116/116 114/114/114
f 117/117/117 119/119/119 118/118/118
f 119/119/119 120/120/120 118/118/118
o b44_1
usemtl material11
v -0.125 2.5625 0.125
v -0.07716457095436377 2.5625 0.009515058436089158
v -0.125 0.125 0.125
v -0.07716457095436377 0.125 0.009515058436089158
v -0.6545892787739179 2.5625 -0.22966208679209194
v -0.7024247078195541 2.5625 -0.1141771452281811
v -0.6545892787739179 0.125 -0.22966208679209194
v -0.7024247078195541 0.125 -0.1141771452281811
v -0.6545892787739179 2.5625 -0.22966208679209194
v -0.07716457095436377 2.5625 0.009515058436089158
v -0.7024247078195541 2.5625 -0.1141771452281811
v -0.125 2.5625 0.125
v -0.7024247078195541 0.125 -0.1141771452281811
v -0.125 0.125 0.125
v -0.6545892787739179 0.125 -0.22966208679209194
v -0.07716457095436377 0.125 0.009515058436089158
v -0.7024247078195541 2.5625 -0.1141771452281811
v -0.125 2.5625 0.125
v -0.7024247078195541 0.125 -0.1141771452281811
v -0.125 0.125 0.125
v -0.07716457095436377 2.5625 0.009515058436089158
v -0.6545892787739179 2.5625 -0.22966208679209194
v -0.07716457095436377 0.125 0.009515058436089158
v -0.6545892787739179 0.125 -0.22966208679209194
vt 0.28912353515625 0.31256103515625
vt 0.29681396484375 0.31256103515625
vt 0.28912353515625 0.46478271484375
vt 0.29681396484375 0.46478271484375
vt 0.33599853515625 0.31256103515625
vt 0.34368896484375 0.31256103515625
vt 0.33599853515625 0.46478271484375
vt 0.34368896484375 0.46478271484375
vt 0.33587646484375 0.31243896484375
vt 0.29693603515625 0.31243896484375
vt 0.33587646484375 0.30474853515625
vt 0.29693603515625 0.30474853515625
vt 0.37493896484375 0.30474853515625
vt 0.33599853515625 0.30474853515625
vt 0.37493896484375 0.31243896484375
vt 0.33599853515625 0.31243896484375
vt 0.34381103515625 0.31256103515625
vt 0.38275146484375 0.31256103515625
vt 0.34381103515625 0.46478271484375
vt 0.38275146484375 0.46478271484375
vt 0.29693603515625 0.31256103515625
vt 0.33587646484375 0.31256103515625
vt 0.29693603515625 0.46478271484375
vt 0.33587646484375 0.46478271484375
vn 0.9238795325112867 0 0.3826834323650897
vn 0.9238795325112867 0 0.3826834323650897
vn 0.9238795325112867 0 0.3826834323650897
vn 0.9238795325112867 0 0.3826834323650897
vn -0.9238795325112867 0 -0.3826834323650897
vn -0.9238795325112867 0 -0.3826834323650897
vn -0.9238795325112867 0 -0.3826834323650897
vn -0.9238795325112867 0 -0.3826834323650897
vn 0 1 0
vn 0 1 0
vn 0 1 0
vn 0 1 0
vn 0 -1 0
vn 0 -1 0
vn 0 -1 0
vn 0 -1 0
vn -0.3826834323650897 0 0.9238795325112867
vn -0.3826834323650897 0 0.9238795325112867
vn -0.3826834323650897 0 0.9238795325112867
vn -0.3826834323650897 0 0.9238795325112867
vn 0.3826834323650897 0 -0.9238795325112867
vn 0.3826834323650897 0 -0.9238795325112867
vn 0.3826834323650897 0 -0.9238795325112867
vn 0.3826834323650897 0 -0.9238795325112867
f 121/121/121 123/123/123 122/122/122
f 123/123/123 124/124/124 122/122/122
f 125/125/125 127/127/127 126/126/126
f 127/127/127 128/128/128 126/126/126
f 129/129/129 131/131/131 130/130/130
f 131/131/131 132/132/132 130/130/130
f 133/133/133 135/135/135 134/134/134
f 135/135/135 136/136/136 134/134/134
f 137/137/137 139/139/139 138/138/138
f 139/139/139 140/140/140 138/138/138
f 141/141/141 143/143/143 142/142/142
f 143/143/143 144/144/144 142/142/142
o b30_1
usemtl material11
v -0.5391043372100073 3.0625 -0.18182665774645562
v -0.3716803355502805 3.0625 -0.5860239532201436
v -0.5391043372100073 2.5625 -0.18182665774645562
v -0.3716803355502805 2.5625 -0.5860239532201436
v -0.4871652771141912 3.0625 -0.6338593822657799
v -0.654589278773918 3.0625 -0.22966208679209188
v -0.4871652771141912 2.5625 -0.6338593822657799
v -0.654589278773918 2.5625 -0.22966208679209188
v -0.4871652771141912 3.0625 -0.6338593822657799
v -0.3716803355502805 3.0625 -0.5860239532201436
v -0.654589278773918 3.0625 -0.22966208679209188
v -0.5391043372100073 3.0625 -0.18182665774645562
v -0.654589278773918 2.5625 -0.22966208679209188
v -0.5391043372100073 2.5625 -0.18182665774645562
v -0.4871652771141912 2.5625 -0.6338593822657799
v -0.3716803355502805 2.5625 -0.5860239532201436
v -0.654589278773918 3.0625 -0.22966208679209188
v -0.5391043372100073 3.0625 -0.18182665774645562
v -0.654589278773918 2.5625 -0.22966208679209188
v -0.5391043372100073 2.5625 -0.18182665774645562
v -0.3716803355502805 3.0625 -0.5860239532201436
v -0.4871652771141912 3.0625 -0.6338593822657799
v -0.3716803355502805 2.5625 -0.5860239532201436
v -0.4871652771141912 2.5625 -0.6338593822657799
vt 0.00006103515625 0.64849853515625
vt 0.02728271670639515 0.64849853515625
vt 0.00006103515625 0.67962646484375
vt 0.02728271670639515 0.67962646484375
vt 0.03521728515625 0.64849853515625
vt 0.06243896484375 0.64849853515625
vt 0.03521728515625 0.67962646484375
vt 0.06243896484375 0.67962646484375
vt 0.03509521484375 0.64837646484375
vt 0.02740478329360485 0.64837646484375
vt 0.03509521484375 0.62115478515625
vt 0.02740478329360485 0.62115478515625
vt 0.04290771484375 0.62115478515625
vt 0.03521728515625 0.62115478515625
vt 0.04290771484375 0.64837646484375
vt 0.03521728515625 0.64837646484375
vt 0.06256103515625 0.64849853515625
vt 0.07025146484375 0.64849853515625
vt 0.06256103515625 0.67962646484375
vt 0.07025146484375 0.67962646484375
vt 0.02740478329360485 0.64849853515625
vt 0.03509521484375 0.64849853515625
vt 0.02740478329360485 0.67962646484375
vt 0.03509521484375 0.67962646484375
vn 0.9238795325112867 0 0.3826834323650897
vn 0.9238795325112867 0 0.3826834323650897
vn 0.9238795325112867 0 0.3826834323650897
vn 0.9238795325112867 0 0.3826834323650897
vn -0.9238795325112867 0 -0.3826834323650897
vn -0.9238795325112867 0 -0.3826834323650897
vn -0.9238795325112867 0 -0.3826834323650897
vn -0.9238795325112867 0 -0.3826834323650897
vn 0 1 0
vn 0 1 0
vn 0 1 0
vn 0 1 0
vn 0 -1 0
vn 0 -1 0
vn 0 -1 0
vn 0 -1 0
vn -0.3826834323650897 0 0.9238795325112867
vn -0.3826834323650897 0 0.9238795325112867
vn -0.3826834323650897 0 0.9238795325112867
vn -0.3826834323650897 0 0.9238795325112867
vn 0.3826834323650897 0 -0.9238795325112867
vn 0.3826834323650897 0 -0.9238795325112867
vn 0.3826834323650897 0 -0.9238795325112867
vn 0.3826834323650897 0 -0.9238795325112867
f 145/145/145 147/147/147 146/146/146
f 147/147/147 148/148/148 146/146/146
f 149/149/149 151/151/151 150/150/150
f 151/151/151 152/152/152 150/150/150
f 153/153/153 155/155/155 154/154/154
f 155/155/155 156/156/156 154/154/154
f 157/157/157 159/159/159 158/158/158
f 159/159/159 160/160/160 158/158/158
f 161/161/161 163/163/163 162/162/162
f 163/163/163 164/164/164 162/162/162
f 165/165/165 167/167/167 166/166/166
f 167/167/167 168/168/168 166/166/166
o b43_1
usemtl material11
v -0.6545315129545113 2.5625 -0.22963815940625198
v -0.48710751129478447 2.5625 -0.6338354548799399
v -0.6545315129545113 0.125 -0.22963815940625198
v -0.48710751129478447 0.125 -0.6338354548799399
v -0.4871652771141912 2.5625 -0.6338593822657799
v -0.654589278773918 2.5625 -0.22966208679209188
v -0.4871652771141912 0.125 -0.6338593822657799
v -0.654589278773918 0.125 -0.22966208679209188
v -0.4871652771141912 2.5625 -0.6338593822657799
v -0.48710751129478447 2.5625 -0.6338354548799399
v -0.654589278773918 2.5625 -0.22966208679209188
v -0.6545315129545113 2.5625 -0.22963815940625198
v -0.654589278773918 0.125 -0.22966208679209188
v -0.6545315129545113 0.125 -0.22963815940625198
v -0.4871652771141912 0.125 -0.6338593822657799
v -0.48710751129478447 0.125 -0.6338354548799399
v -0.654589278773918 2.5625 -0.22966208679209188
v -0.6545315129545113 2.5625 -0.22963815940625198
v -0.654589278773918 0.125 -0.22966208679209188
v -0.6545315129545113 0.125 -0.22963815940625198
v -0.48710751129478447 2.5625 -0.6338354548799399
v -0.4871652771141912 2.5625 -0.6338593822657799
v -0.48710751129478447 0.125 -0.6338354548799399
v -0.4871652771141912 0.125 -0.6338593822657799
vt 0.38287353515625 0.27349853515625
vt 0.4100951850414276 0.27349853515625
vt 0.38287353515625 0.42572021484375
vt 0.4100951850414276 0.42572021484375
vt 0.41021728515625 0.27349853515625
vt 0.43743896484375 0.27349853515625
vt 0.41021728515625 0.42572021484375
vt 0.43743896484375 0.42572021484375
vt 0.41021728515625 0.27337646484375
vt 0.4100951850414276 0.27337646484375
vt 0.41021728515625 0.24615478515625
vt 0.4100951850414276 0.24615478515625
vt 0.41021728515625 0.24615478515625
vt 0.4100951850414276 0.24615478515625
vt 0.41021728515625 0.27337646484375
vt 0.4100951850414276 0.27337646484375
vt 0.43756103515625 0.27349853515625
vt 0.43743896484375 0.27349853515625
vt 0.43756103515625 0.42572021484375
vt 0.43743896484375 0.42572021484375
vt 0.41021728515625 0.27349853515625
vt 0.4100951850414276 0.27349853515625
vt 0.41021728515625 0.42572021484375
vt 0.4100951850414276 0.42572021484375
vn 0.9238795325112867 0 0.3826834323650897
vn 0.9238795325112867 0 0.3826834323650897
vn 0.9238795325112867 0 0.3826834323650897
vn 0.9238795325112867 0 0.3826834323650897
vn -0.9238795325112867 0 -0.3826834323650897
vn -0.9238795325112867 0 -0.3826834323650897
vn -0.9238795325112867 0 -0.3826834323650897
vn -0.9238795325112867 0 -0.3826834323650897
vn 0 1 0
vn 0 1 0
vn 0 1 0
vn 0 1 0
vn 0 -1 0
vn 0 -1 0
vn 0 -1 0
vn 0 -1 0
vn -0.3826834323650897 0 0.9238795325112867
vn -0.3826834323650897 0 0.9238795325112867
vn -0.3826834323650897 0 0.9238795325112867
vn -0.3826834323650897 0 0.9238795325112867
vn 0.3826834323650897 0 -0.9238795325112867
vn 0.3826834323650897 0 -0.9238795325112867
vn 0.3826834323650897 0 -0.9238795325112867
vn 0.3826834323650897 0 -0.9238795325112867
f 169/169/169 171/171/171 170/170/170
f 171/171/171 172/172/172 170/170/170
f 173/173/173 175/175/175 174/174/174
f 175/175/175 176/176/176 174/174/174
f 177/177/177 179/179/179 178/178/178
f 179/179/179 180/180/180 178/178/178
f 181/181/181 183/183/183 182/182/182
f 183/183/183 184/184/184 182/182/182
f 185/185/185 187/187/187 186/186/186
f 187/187/187 188/188/188 186/186/186
f 189/189/189 191/191/191 190/190/190
f 191/191/191 192/192/192 190/190/190
o b31_1
usemtl material11
v -0.439329848068555 2.9375 -0.5183744407018691
v -0.03513255259486703 2.9375 -0.6857984423615958
v -0.439329848068555 2.625 -0.5183744407018691
v -0.03513255259486703 2.625 -0.6857984423615958
v -0.08296798164050334 2.9375 -0.8012833839255066
v -0.4871652771141912 2.9375 -0.6338593822657799
v -0.08296798164050334 2.625 -0.8012833839255066
v -0.4871652771141912 2.625 -0.6338593822657799
v -0.08296798164050334 2.9375 -0.8012833839255066
v -0.03513255259486703 2.9375 -0.6857984423615958
v -0.4871652771141912 2.9375 -0.6338593822657799
v -0.439329848068555 2.9375 -0.5183744407018691
v -0.4871652771141912 2.625 -0.6338593822657799
v -0.439329848068555 2.625 -0.5183744407018691
v -0.08296798164050334 2.625 -0.8012833839255066
v -0.03513255259486703 2.625 -0.6857984423615958
v -0.4871652771141912 2.9375 -0.6338593822657799
v -0.439329848068555 2.9375 -0.5183744407018691
v -0.4871652771141912 2.625 -0.6338593822657799
v -0.439329848068555 2.625 -0.5183744407018691
v -0.03513255259486703 2.9375 -0.6857984423615958
v -0.08296798164050334 2.9375 -0.8012833839255066
v -0.03513255259486703 2.625 -0.6857984423615958
v -0.08296798164050334 2.625 -0.8012833839255066
vt 0.25787353515625 0.66412353515625
vt 0.28509521484375 0.66412353515625
vt 0.25787353515625 0.68353271484375
vt 0.28509521484375 0.68353271484375
vt 0.29302978515625 0.66412353515625
vt 0.32025146484375 0.66412353515625
vt 0.29302978515625 0.68353271484375
vt 0.32025146484375 0.68353271484375
vt 0.29290771484375 0.66400146484375
vt 0.28521728515625 0.66400146484375
vt 0.29290771484375 0.63677978515625
vt 0.28521728515625 0.63677978515625
vt 0.30072021484375 0.63677978515625
vt 0.29302978515625 0.63677978515625
vt 0.30072021484375 0.66400146484375
vt 0.29302978515625 0.66400146484375
vt 0.32037353515625 0.66412353515625
vt 0.32806396484375 0.66412353515625
vt 0.32037353515625 0.68353271484375
vt 0.32806396484375 0.68353271484375
vt 0.28521728515625 0.66412353515625
vt 0.29290771484375 0.66412353515625
vt 0.28521728515625 0.68353271484375
vt 0.29290771484375 0.68353271484375
vn 0.38268343236508967 0 0.9238795325112867
vn 0.38268343236508967 0 0.9238795325112867
vn 0.38268343236508967 0 0.9238795325112867
vn 0.38268343236508967 0 0.9238795325112867
vn -0.38268343236508967 0 -0.9238795325112867
vn -0.38268343236508967 0 -0.9238795325112867
vn -0.38268343236508967 0 -0.9238795325112867
vn -0.38268343236508967 0 -0.9238795325112867
vn 0 1 0
vn 0 1 0
vn 0 1 0
vn 0 1 0
vn 0 -1 0
vn 0 -1 0
vn 0 -1 0
vn 0 -1 0
vn -0.9238795325112867 0 0.38268343236508967
vn -0.9238795325112867 0 0.38268343236508967
vn -0.9238795325112867 0 0.38268343236508967
vn -0.9238795325112867 0 0.38268343236508967
vn 0.9238795325112867 0 -0.38268343236508967
vn 0.9238795325112867 0 -0.38268343236508967
vn 0.9238795325112867 0 -0.38268343236508967
vn 0.9238795325112867 0 -0.38268343236508967
f 193/193/193 195/195/195 194/194/194
f 195/195/195 196/196/196 194/194/194
f 197/197/197 199/199/199 198/198/198
f 199/199/199 200/200/200 198/198/198
f 201/201/201 203/203/203 202/202/202
f 203/203/203 204/204/204 202/202/202
f 205/205/205 207/207/207 206/206/206
f 207/207/207 208/208/208 206/206/206
f 209/209/209 211/211/211 210/210/210
f 211/211/211 212/212/212 210/210/210
f 213/213/213 215/215/215 214/214/214
f 215/215/215 216/216/216 214/214/214
o b45_1
usemtl material11
v -0.4871413497283513 2.625 -0.6338016164463731
v -0.025201583472707956 2.625 -0.825143332628918
v -0.4871413497283513 0.125 -0.6338016164463731
v -0.025201583472707956 0.125 -0.825143332628918
v -0.02522551085854774 2.625 -0.8252010984483248
v -0.4871652771141912 2.625 -0.6338593822657799
v -0.02522551085854774 0.125 -0.8252010984483248
v -0.4871652771141912 0.125 -0.6338593822657799
v -0.02522551085854774 2.625 -0.8252010984483248
v -0.025201583472707956 2.625 -0.825143332628918
v -0.4871652771141912 2.625 -0.6338593822657799
v -0.4871413497283513 2.625 -0.6338016164463731
v -0.4871652771141912 0.125 -0.6338593822657799
v -0.4871413497283513 0.125 -0.6338016164463731
v -0.02522551085854774 0.125 -0.8252010984483248
v -0.025201583472707956 0.125 -0.825143332628918
v -0.4871652771141912 2.625 -0.6338593822657799
v -0.4871413497283513 2.625 -0.6338016164463731
v -0.4871652771141912 0.125 -0.6338593822657799
v -0.4871413497283513 0.125 -0.6338016164463731
v -0.025201583472707956 2.625 -0.825143332628918
v -0.02522551085854774 2.625 -0.8252010984483248
v -0.025201583472707956 0.125 -0.825143332628918
v -0.02522551085854774 0.125 -0.8252010984483248
vt 0.06256103515625 0.32818603515625
vt 0.09368896484375 0.32818603515625
vt 0.06256103515625 0.48431396484375
vt 0.09368896484375 0.48431396484375
vt 0.09381103515625 0.32818603515625
vt 0.1249389573931694 0.32818603515625
vt 0.09381103515625 0.48431396484375
vt 0.1249389573931694 0.48431396484375
vt 0.09381103515625 0.32806396484375
vt 0.09368896484375 0.32806396484375
vt 0.09381103515625 0.29693603515625
vt 0.09368896484375 0.29693603515625
vt 0.09381103515625 0.29693603515625
vt 0.09368896484375 0.29693603515625
vt 0.09381103515625 0.32806396484375
vt 0.09368896484375 0.32806396484375
vt 0.12506103515625 0.32818603515625
vt 0.1249389573931694 0.32818603515625
vt 0.12506103515625 0.48431396484375
vt 0.1249389573931694 0.48431396484375
vt 0.09381103515625 0.32818603515625
vt 0.09368896484375 0.32818603515625
vt 0.09381103515625 0.48431396484375
vt 0.09368896484375 0.48431396484375
vn 0.38268343236508967 0 0.9238795325112867
vn 0.38268343236508967 0 0.9238795325112867
vn 0.38268343236508967 0 0.9238795325112867
vn 0.38268343236508967 0 0.9238795325112867
vn -0.38268343236508967 0 -0.9238795325112867
vn -0.38268343236508967 0 -0.9238795325112867
vn -0.38268343236508967 0 -0.9238795325112867
vn -0.38268343236508967 0 -0.9238795325112867
vn 0 1 0
vn 0 1 0
vn 0 1 0
vn 0 1 0
vn 0 -1 0
vn 0 -1 0
vn 0 -1 0
vn 0 -1 0
vn -0.9238795325112867 0 0.38268343236508967
vn -0.9238795325112867 0 0.38268343236508967
vn -0.9238795325112867 0 0.38268343236508967
vn -0.9238795325112867 0 0.38268343236508967
vn 0.9238795325112867 0 -0.38268343236508967
vn 0.9238795325112867 0 -0.38268343236508967
vn 0.9238795325112867 0 -0.38268343236508967
vn 0.9238795325112867 0 -0.38268343236508967
f 217/217/217 219/219/219 218/218/218
f 219/219/219 220/220/220 218/218/218
f 221/221/221 223/223/223 222/222/222
f 223/223/223 224/224/224 222/222/222
f 225/225/225 227/227/227 226/226/226
f 227/227/227 228/228/228 226/226/226
f 229/229/229 231/231/231 230/230/230
f 231/231/231 232/232/232 230/230/230
f 233/233/233 235/235/235 234/234/234
f 235/235/235 236/236/236 234/234/234
f 237/237/237 239/239/239 238/238/238
f 239/239/239 240/240/240 238/238/238
o b32_1
usemtl material11
v -0.46606998409331923 2.8961383720717127 -0.4382957799645809
v 0.09992242704054022 2.7603225083911824 -0.6727375128564742
v -0.5040631681915586 2.7106421330465964 -0.42255848783335237
v 0.061929242942300844 2.574826269366066 -0.6570002207252457
v 0.003294838471033401 2.7603225083911824 -0.9060171476803849
v -0.562697572662826 2.8961383720717127 -0.6715754147884917
v -0.03469834562720586 2.574826269366066 -0.8902798555491565
v -0.6006907567610653 2.7106421330465964 -0.6558381226572632
v 0.003294838471033401 2.7603225083911824 -0.9060171476803849
v 0.09992242704054022 2.7603225083911824 -0.6727375128564742
v -0.562697572662826 2.8961383720717127 -0.6715754147884917
v -0.46606998409331923 2.8961383720717127 -0.4382957799645809
v -0.6006907567610653 2.7106421330465964 -0.6558381226572632
v -0.5040631681915586 2.7106421330465964 -0.42255848783335237
v -0.03469834562720586 2.574826269366066 -0.8902798555491565
v 0.061929242942300844 2.574826269366066 -0.6570002207252457
v -0.562697572662826 2.8961383720717127 -0.6715754147884917
v -0.46606998409331923 2.8961383720717127 -0.4382957799645809
v -0.6006907567610653 2.7106421330465964 -0.6558381226572632
v -0.5040631681915586 2.7106421330465964 -0.42255848783335237
v 0.09992242704054022 2.7603225083911824 -0.6727375128564742
v 0.003294838471033401 2.7603225083911824 -0.9060171476803849
v 0.061929242942300844 2.574826269366066 -0.6570002207252457
v -0.03469834562720586 2.574826269366066 -0.8902798555491565
vt 0.57037353515625 0.33599853515625
vt 0.60931396484375 0.33599853515625
vt 0.57037353515625 0.34759521484375
vt 0.60931396484375 0.34759521484375
vt 0.62506103515625 0.33599853515625
vt 0.66400146484375 0.33599853515625
vt 0.62506103515625 0.34759521484375
vt 0.66400146484375 0.34759521484375
vt 0.62493896484375 0.33587646484375
vt 0.60943603515625 0.33587646484375
vt 0.62493896484375 0.29693603515625
vt 0.60943603515625 0.29693603515625
vt 0.64056396484375 0.29693603515625
vt 0.62506103515625 0.29693603515625
vt 0.64056396484375 0.33587646484375
vt 0.62506103515625 0.33587646484375
vt 0.66412353515625 0.33599853515625
vt 0.67962646484375 0.33599853515625
vt 0.66412353515625 0.34759521484375
vt 0.67962646484375 0.34759521484375
vt 0.60943603515625 0.33599853515625
vt 0.62493896484375 0.33599853515625
vt 0.60943603515625 0.34759521484375
vt 0.62493896484375 0.34759521484375
vn 0.38268343236508967 0 0.9238795325112867
vn 0.38268343236508967 0 0.9238795325112867
vn 0.38268343236508967 0 0.9238795325112867
vn 0.38268343236508967 0 0.9238795325112867
vn -0.38268343236508967 0 -0.9238795325112867
vn -0.38268343236508967 0 -0.9238795325112867
vn -0.38268343236508967 0 -0.9238795325112867
vn -0.38268343236508967 0 -0.9238795325112867
vn 0.19996412934205793 0.9762960071199335 -0.08282785436160812
vn 0.19996412934205793 0.9762960071199335 -0.08282785436160812
vn 0.19996412934205793 0.9762960071199335 -0.08282785436160812
vn 0.19996412934205793 0.9762960071199335 -0.08282785436160812
vn -0.19996412934205793 -0.9762960071199335 0.08282785436160812
vn -0.19996412934205793 -0.9762960071199335 0.08282785436160812
vn -0.19996412934205793 -0.9762960071199335 0.08282785436160812
vn -0.19996412934205793 -0.9762960071199335 0.08282785436160812
vn -0.9019798986505999 0.21643961393810285 0.3736123070089881
vn -0.9019798986505999 0.21643961393810285 0.3736123070089881
vn -0.9019798986505999 0.21643961393810285 0.3736123070089881
vn -0.9019798986505999 0.21643961393810285 0.3736123070089881
vn 0.9019798986505999 -0.21643961393810285 -0.3736123070089881
vn 0.9019798986505999 -0.21643961393810285 -0.3736123070089881
vn 0.9019798986505999 -0.21643961393810285 -0.3736123070089881
vn 0.9019798986505999 -0.21643961393810285 -0.3736123070089881
f 241/241/241 243/243/243 242/242/242
f 243/243/243 244/244/244 242/242/242
f 245/245/245 247/247/247 246/246/246
f 247/247/247 248/248/248 246/246/246
f 249/249/249 251/251/251 250/250/250
f 251/251/251 252/252/252 250/250/250
f 253/253/253 255/255/255 254/254/254
f 255/255/255 256/256/256 254/254/254
f 257/257/257 259/259/259 258/258/258
f 259/259/259 260/260/260 258/258/258
f 261/261/261 263/263/263 262/262/262
f 263/263/263 264/264/264 262/262/262
o b32_2
usemtl material11
v -0.14630883787772053 3.010065575946572 -0.5720982046649029
v 0.07918613678492947 2.9559556724620464 -0.6655012814171499
v -0.19629987021323497 2.765991574166589 -0.5513912410745009
v 0.029195104449414977 2.711881670682063 -0.6447943178267479
v -0.01648472130634293 2.9559556724620464 -0.8964711645449717
v -0.24197969596899294 3.010065575946572 -0.8030680877927245
v -0.06647575364185743 2.711881670682063 -0.8757642009545696
v -0.29197072830450743 2.765991574166589 -0.7823611242023225
v -0.01648472130634293 2.9559556724620464 -0.8964711645449717
v 0.07918613678492947 2.9559556724620464 -0.6655012814171499
v -0.24197969596899294 3.010065575946572 -0.8030680877927245
v -0.14630883787772053 3.010065575946572 -0.5720982046649029
v -0.29197072830450743 2.765991574166589 -0.7823611242023225
v -0.19629987021323497 2.765991574166589 -0.5513912410745009
v -0.06647575364185743 2.711881670682063 -0.8757642009545696
v 0.029195104449414977 2.711881670682063 -0.6447943178267479
v -0.24197969596899294 3.010065575946572 -0.8030680877927245
v -0.14630883787772053 3.010065575946572 -0.5720982046649029
v -0.29197072830450743 2.765991574166589 -0.7823611242023225
v -0.19629987021323497 2.765991574166589 -0.5513912410745009
v 0.07918613678492947 2.9559556724620464 -0.6655012814171499
v -0.01648472130634293 2.9559556724620464 -0.8964711645449717
v 0.029195104449414977 2.711881670682063 -0.6447943178267479
v -0.06647575364185743 2.711881670682063 -0.8757642009545696
vt 0.68365478515625 0.30474853515625
vt 0.69915771484375 0.30474853515625
vt 0.68365478515625 0.32025146484375
vt 0.69915771484375 0.32025146484375
vt 0.71490478515625 0.30474853515625
vt 0.73040771484375 0.30474853515625
vt 0.71490478515625 0.32025146484375
vt 0.73040771484375 0.32025146484375
vt 0.71478271484375 0.30462646484375
vt 0.69927978515625 0.30462646484375
vt 0.71478271484375 0.28912353515625
vt 0.69927978515625 0.28912353515625
vt 0.73040771484375 0.28912353515625
vt 0.71490478515625 0.28912353515625
vt 0.73040771484375 0.30462646484375
vt 0.71490478515625 0.30462646484375
vt 0.73052978515625 0.30474853515625
vt 0.74603271484375 0.30474853515625
vt 0.73052978515625 0.32025146484375
vt 0.74603271484375 0.32025146484375
vt 0.69927978515625 0.30474853515625
vt 0.71478271484375 0.30474853515625
vt 0.69927978515625 0.32025146484375
vt 0.71478271484375 0.32025146484375
vn 0.38268343236508967 0 0.9238795325112867
vn 0.38268343236508967 0 0.9238795325112867
vn 0.38268343236508967 0 0.9238795325112867
vn 0.38268343236508967 0 0.9238795325112867
vn -0.38268343236508967 0 -0.9238795325112867
vn -0.38268343236508967 0 -0.9238795325112867
vn -0.38268343236508967 0 -0.9238795325112867
vn -0.38268343236508967 0 -0.9238795325112867
vn 0.19996412934205793 0.9762960071199335 -0.08282785436160812
vn 0.19996412934205793 0.9762960071199335 -0.08282785436160812
vn 0.19996412934205793 0.9762960071199335 -0.08282785436160812
vn 0.19996412934205793 0.9762960071199335 -0.08282785436160812
vn -0.19996412934205793 -0.9762960071199335 0.08282785436160812
vn -0.19996412934205793 -0.9762960071199335 0.08282785436160812
vn -0.19996412934205793 -0.9762960071199335 0.08282785436160812
vn -0.19996412934205793 -0.9762960071199335 0.08282785436160812
vn -0.9019798986505999 0.21643961393810285 0.3736123070089881
vn -0.9019798986505999 0.21643961393810285 0.3736123070089881
vn -0.9019798986505999 0.21643961393810285 0.3736123070089881
vn -0.9019798986505999 0.21643961393810285 0.3736123070089881
vn 0.9019798986505999 -0.21643961393810285 -0.3736123070089881
vn 0.9019798986505999 -0.21643961393810285 -0.3736123070089881
vn 0.9019798986505999 -0.21643961393810285 -0.3736123070089881
vn 0.9019798986505999 -0.21643961393810285 -0.3736123070089881
f 265/265/265 267/267/267 266/266/266
f 267/267/267 268/268/268 266/266/266
f 269/269/269 271/271/271 270/270/270
f 271/271/271 272/272/272 270/270/270
f 273/273/273 275/275/275 274/274/274
f 275/275/275 276/276/276 274/274/274
f 277/277/277 279/279/279 278/278/278
f 279/279/279 280/280/280 278/278/278
f 281/281/281 283/283/283 282/282/282
f 283/283/283 284/284/284 282/282/282
f 285/285/285 287/287/287 286/286/286
f 287/287/287 288/288/288 286/286/286
o b37_1
usemtl material11
v -0.4471975333202539 2.861566492065974 -0.44678951563893077
v 0.026747115424933354 3.22076875174097 -0.64310381696334
v -0.3471759697916062 2.7069515324766154 -0.4882198037822587
v 0.12676867895358107 3.0661537921516118 -0.6845341051066679
v -0.06940210790545626 3.22076875174097 -0.8752285759392063
v -0.5433467566506436 2.861566492065974 -0.678914274614797
v 0.030619455623191516 3.0661537921516118 -0.9166588640825343
v -0.44332519312199575 2.7069515324766154 -0.720344562758125
v -0.06940210790545626 3.22076875174097 -0.8752285759392063
v 0.026747115424933354 3.22076875174097 -0.64310381696334
v -0.5433467566506436 2.861566492065974 -0.678914274614797
v -0.4471975333202539 2.861566492065974 -0.44678951563893077
v -0.44332519312199575 2.7069515324766154 -0.720344562758125
v -0.3471759697916062 2.7069515324766154 -0.4882198037822587
v 0.030619455623191516 3.0661537921516118 -0.9166588640825343
v 0.12676867895358107 3.0661537921516118 -0.6845341051066679
v -0.5433467566506436 2.861566492065974 -0.678914274614797
v -0.4471975333202539 2.861566492065974 -0.44678951563893077
v -0.44332519312199575 2.7069515324766154 -0.720344562758125
v -0.3471759697916062 2.7069515324766154 -0.4882198037822587
v 0.026747115424933354 3.22076875174097 -0.64310381696334
v -0.06940210790545626 3.22076875174097 -0.8752285759392063
v 0.12676867895358107 3.0661537921516118 -0.6845341051066679
v 0.030619455623191516 3.0661537921516118 -0.9166588640825343
vt 0.57037353515625 0.28521728515625
vt 0.60931396484375 0.28521728515625
vt 0.57037353515625 0.29681396484375
vt 0.60931396484375 0.29681396484375
vt 0.62506103515625 0.28521728515625
vt 0.66400146484375 0.28521728515625
vt 0.62506103515625 0.29681396484375
vt 0.66400146484375 0.29681396484375
vt 0.62493896484375 0.28509521484375
vt 0.60943603515625 0.28509521484375
vt 0.62493896484375 0.24615478515625
vt 0.60943603515625 0.24615478515625
vt 0.64056396484375 0.24615478515625
vt 0.62506103515625 0.24615478515625
vt 0.64056396484375 0.28509521484375
vt 0.62506103515625 0.28509521484375
vt 0.66412353515625 0.28521728515625
vt 0.67962646484375 0.28521728515625
vt 0.66412353515625 0.29681396484375
vt 0.67962646484375 0.29681396484375
vt 0.60943603515625 0.28521728515625
vt 0.62493896484375 0.28521728515625
vt 0.60943603515625 0.29681396484375
vt 0.62493896484375 0.29681396484375
vn 0.3826834323650896 2.7755575615628914e-17 0.9238795325112867
vn 0.3826834323650896 2.7755575615628914e-17 0.9238795325112867
vn 0.3826834323650896 2.7755575615628914e-17 0.9238795325112867
vn 0.3826834323650896 2.7755575615628914e-17 0.9238795325112867
vn -0.3826834323650896 -2.7755575615628914e-17 -0.9238795325112867
vn -0.3826834323650896 -2.7755575615628914e-17 -0.9238795325112867
vn -0.3826834323650896 -2.7755575615628914e-17 -0.9238795325112867
vn -0.3826834323650896 -2.7755575615628914e-17 -0.9238795325112867
vn -0.5299155298754944 0.8191520442889919 0.21949819938655474
vn -0.5299155298754944 0.8191520442889919 0.21949819938655474
vn -0.5299155298754944 0.8191520442889919 0.21949819938655474
vn -0.5299155298754944 0.8191520442889919 0.21949819938655474
vn 0.5299155298754944 -0.8191520442889919 -0.21949819938655474
vn 0.5299155298754944 -0.8191520442889919 -0.21949819938655474
vn 0.5299155298754944 -0.8191520442889919 -0.21949819938655474
vn 0.5299155298754944 -0.8191520442889919 -0.21949819938655474
vn -0.7567978077333787 -0.5735764363510462 0.3134759159373913
vn -0.7567978077333787 -0.5735764363510462 0.3134759159373913
vn -0.7567978077333787 -0.5735764363510462 0.3134759159373913
vn -0.7567978077333787 -0.5735764363510462 0.3134759159373913
vn 0.7567978077333787 0.5735764363510462 -0.3134759159373913
vn 0.7567978077333787 0.5735764363510462 -0.3134759159373913
vn 0.7567978077333787 0.5735764363510462 -0.3134759159373913
vn 0.7567978077333787 0.5735764363510462 -0.3134759159373913
f 289/289/289 291/291/291 290/290/290
f 291/291/291 292/292/292 290/290/290
f 293/293/293 295/295/295 294/294/294
f 295/295/295 296/296/296 294/294/294
f 297/297/297 299/299/299 298/298/298
f 299/299/299 300/300/300 298/298/298
f 301/301/301 303/303/303 302/302/302
f 303/303/303 304/304/304 302/302/302
f 305/305/305 307/307/307 306/306/306
f 307/307/307 308/308/308 306/306/306
f 309/309/309 311/311/311 310/310/310
f 311/311/311 312/312/312 310/310/310
o b33_1
usemtl material11
v 0.7024247078195541 3.0625 -0.1141771452281811
v 0.6545892787739179 3.0625 -0.22966208679209194
v 0.7024247078195541 2.5625 -0.1141771452281811
v 0.6545892787739179 2.5625 -0.22966208679209194
v 0.07716457095436377 3.0625 0.009515058436089158
v 0.125 3.0625 0.125
v 0.07716457095436377 2.5625 0.009515058436089158
v 0.125 2.5625 0.125
v 0.07716457095436377 3.0625 0.009515058436089158
v 0.6545892787739179 3.0625 -0.22966208679209194
v 0.125 3.0625 0.125
v 0.7024247078195541 3.0625 -0.1141771452281811
v 0.125 2.5625 0.125
v 0.7024247078195541 2.5625 -0.1141771452281811
v 0.07716457095436377 2.5625 0.009515058436089158
v 0.6545892787739179 2.5625 -0.22966208679209194
v 0.125 3.0625 0.125
v 0.7024247078195541 3.0625 -0.1141771452281811
v 0.125 2.5625 0.125
v 0.7024247078195541 2.5625 -0.1141771452281811
v 0.6545892787739179 3.0625 -0.22966208679209194
v 0.07716457095436377 3.0625 0.009515058436089158
v 0.6545892787739179 2.5625 -0.22966208679209194
v 0.07716457095436377 2.5625 0.009515058436089158
vt 0.60943603515625 0.00787353515625
vt 0.61712646484375 0.00787353515625
vt 0.60943603515625 0.03900146484375
vt 0.61712646484375 0.03900146484375
vt 0.65631103515625 0.00787353515625
vt 0.66400146484375 0.00787353515625
vt 0.65631103515625 0.03900146484375
vt 0.66400146484375 0.03900146484375
vt 0.65618896484375 0.00775146484375
vt 0.61724853515625 0.00775146484375
vt 0.65618896484375 0.00006103515625
vt 0.61724853515625 0.00006103515625
vt 0.69525146484375 0.00006103515625
vt 0.65631103515625 0.00006103515625
vt 0.69525146484375 0.00775146484375
vt 0.65631103515625 0.00775146484375
vt 0.66412353515625 0.00787353515625
vt 0.70306396484375 0.00787353515625
vt 0.66412353515625 0.03900146484375
vt 0.70306396484375 0.03900146484375
vt 0.61724853515625 0.00787353515625
vt 0.65618896484375 0.00787353515625
vt 0.61724853515625 0.03900146484375
vt 0.65618896484375 0.03900146484375
vn 0.9238795325112867 0 -0.3826834323650897
vn 0.9238795325112867 0 -0.3826834323650897
vn 0.9238795325112867 0 -0.3826834323650897
vn 0.9238795325112867 0 -0.3826834323650897
vn -0.9238795325112867 0 0.3826834323650897
vn -0.9238795325112867 0 0.3826834323650897
vn -0.9238795325112867 0 0.3826834323650897
vn -0.9238795325112867 0 0.3826834323650897
vn 0 1 0
vn 0 1 0
vn 0 1 0
vn 0 1 0
vn 0 -1 0
vn 0 -1 0
vn 0 -1 0
vn 0 -1 0
vn 0.3826834323650897 0 0.9238795325112867
vn 0.3826834323650897 0 0.9238795325112867
vn 0.3826834323650897 0 0.9238795325112867
vn 0.3826834323650897 0 0.9238795325112867
vn -0.3826834323650897 0 -0.9238795325112867
vn -0.3826834323650897 0 -0.9238795325112867
vn -0.3826834323650897 0 -0.9238795325112867
vn -0.3826834323650897 0 -0.9238795325112867
f 313/313/313 315/315/315 314/314/314
f 315/315/315 316/316/316 314/314/314
f 317/317/317 319/319/319 318/318/318
f 319/319/319 320/320/320 318/318/318
f 321/321/321 323/323/323 322/322/322
f 323/323/323 324/324/324 322/322/322
f 325/325/325 327/327/327 326/326/326
f 327/327/327 328/328/328 326/326/326
f 329/329/329 331/331/331 330/330/330
f 331/331/331 332/332/332 330/330/330
f 333/333/333 335/335/335 334/334/334
f 335/335/335 336/336/336 334/334/334
o b34_1
usemtl material11
v 0.7024247078195541 2.5625 -0.1141771452281811
v 0.6545892787739179 2.5625 -0.22966208679209194
v 0.7024247078195541 0.125 -0.1141771452281811
v 0.6545892787739179 0.125 -0.22966208679209194
v 0.07716457095436377 2.5625 0.009515058436089158
v 0.125 2.5625 0.125
v 0.07716457095436377 0.125 0.009515058436089158
v 0.125 0.125 0.125
v 0.07716457095436377 2.5625 0.009515058436089158
v 0.6545892787739179 2.5625 -0.22966208679209194
v 0.125 2.5625 0.125
v 0.7024247078195541 2.5625 -0.1141771452281811
v 0.125 0.125 0.125
v 0.7024247078195541 0.125 -0.1141771452281811
v 0.07716457095436377 0.125 0.009515058436089158
v 0.6545892787739179 0.125 -0.22966208679209194
v 0.125 2.5625 0.125
v 0.7024247078195541 2.5625 -0.1141771452281811
v 0.125 0.125 0.125
v 0.7024247078195541 0.125 -0.1141771452281811
v 0.6545892787739179 2.5625 -0.22966208679209194
v 0.07716457095436377 2.5625 0.009515058436089158
v 0.6545892787739179 0.125 -0.22966208679209194
v 0.07716457095436377 0.125 0.009515058436089158
vt 0.19537353515625 0.31256103515625
vt 0.20306396484375 0.31256103515625
vt 0.19537353515625 0.46478271484375
vt 0.20306396484375 0.46478271484375
vt 0.2422485202550888 0.31256103515625
vt 0.24993896484375 0.31256103515625
vt 0.2422485202550888 0.46478271484375
vt 0.24993896484375 0.46478271484375
vt 0.24212646484375 0.31243896484375
vt 0.2031860500574112 0.31243896484375
vt 0.24212646484375 0.30474853515625
vt 0.2031860500574112 0.30474853515625
vt 0.28118896484375 0.30474853515625
vt 0.2422485202550888 0.30474853515625
vt 0.28118896484375 0.31243896484375
vt 0.2422485202550888 0.31243896484375
vt 0.25006103515625 0.31256103515625
vt 0.28900146484375 0.31256103515625
vt 0.25006103515625 0.46478271484375
vt 0.28900146484375 0.46478271484375
vt 0.2031860500574112 0.31256103515625
vt 0.24212646484375 0.31256103515625
vt 0.2031860500574112 0.46478271484375
vt 0.24212646484375 0.46478271484375
vn 0.9238795325112867 0 -0.3826834323650897
vn 0.9238795325112867 0 -0.3826834323650897
vn 0.9238795325112867 0 -0.3826834323650897
vn 0.9238795325112867 0 -0.3826834323650897
vn -0.9238795325112867 0 0.3826834323650897
vn -0.9238795325112867 0 0.3826834323650897
vn -0.9238795325112867 0 0.3826834323650897
vn -0.9238795325112867 0 0.3826834323650897
vn 0 1 0
vn 0 1 0
vn 0 1 0
vn 0 1 0
vn 0 -1 0
vn 0 -1 0
vn 0 -1 0
vn 0 -1 0
vn 0.3826834323650897 0 0.9238795325112867
vn 0.3826834323650897 0 0.9238795325112867
vn 0.3826834323650897 0 0.9238795325112867
vn 0.3826834323650897 0 0.9238795325112867
vn -0.3826834323650897 0 -0.9238795325112867
vn -0.3826834323650897 0 -0.9238795325112867
vn -0.3826834323650897 0 -0.9238795325112867
vn -0.3826834323650897 0 -0.9238795325112867
f 337/337/337 339/339/339 338/338/338
f 339/339/339 340/340/340 338/338/338
f 341/341/341 343/343/343 342/342/342
f 343/343/343 344/344/344 342/342/342
f 345/345/345 347/347/347 346/346/346
f 347/347/347 348/348/348 346/346/346
f 349/349/349 351/351/351 350/350/350
f 351/351/351 352/352/352 350/350/350
f 353/353/353 355/355/355 354/354/354
f 355/355/355 356/356/356 354/354/354
f 357/357/357 359/359/359 358/358/358
f 359/359/359 360/360/360 358/358/358
o b35_1
usemtl material11
v 0.654589278773918 3.0625 -0.22966208679209188
v 0.4871652771141912 3.0625 -0.6338593822657799
v 0.654589278773918 2.5625 -0.22966208679209188
v 0.4871652771141912 2.5625 -0.6338593822657799
v 0.3716803355502805 3.0625 -0.5860239532201436
v 0.5391043372100073 3.0625 -0.18182665774645562
v 0.3716803355502805 2.5625 -0.5860239532201436
v 0.5391043372100073 2.5625 -0.18182665774645562
v 0.3716803355502805 3.0625 -0.5860239532201436
v 0.4871652771141912 3.0625 -0.6338593822657799
v 0.5391043372100073 3.0625 -0.18182665774645562
v 0.654589278773918 3.0625 -0.22966208679209188
v 0.5391043372100073 2.5625 -0.18182665774645562
v 0.654589278773918 2.5625 -0.22966208679209188
v 0.3716803355502805 2.5625 -0.5860239532201436
v 0.4871652771141912 2.5625 -0.6338593822657799
v 0.5391043372100073 3.0625 -0.18182665774645562
v 0.654589278773918 3.0625 -0.22966208679209188
v 0.5391043372100073 2.5625 -0.18182665774645562
v 0.654589278773918 2.5625 -0.22966208679209188
v 0.4871652771141912 3.0625 -0.6338593822657799
v 0.3716803355502805 3.0625 -0.5860239532201436
v 0.4871652771141912 2.5625 -0.6338593822657799
v 0.3716803355502805 2.5625 -0.5860239532201436
vt 0.60943603515625 0.63287353515625
vt 0.63665771484375 0.63287353515625
vt 0.60943603515625 0.66400146484375
vt 0.63665771484375 0.66400146484375
vt 0.64459228515625 0.63287353515625
vt 0.67181396484375 0.63287353515625
vt 0.64459228515625 0.66400146484375
vt 0.67181396484375 0.66400146484375
vt 0.64447021484375 0.63275146484375
vt 0.63677978515625 0.63275146484375
vt 0.64447021484375 0.60552978515625
vt 0.63677978515625 0.60552978515625
vt 0.65228271484375 0.60552978515625
vt 0.64459228515625 0.60552978515625
vt 0.65228271484375 0.63275146484375
vt 0.64459228515625 0.63275146484375
vt 0.67193603515625 0.63287353515625
vt 0.67962646484375 0.63287353515625
vt 0.67193603515625 0.66400146484375
vt 0.67962646484375 0.66400146484375
vt 0.63677978515625 0.63287353515625
vt 0.64447021484375 0.63287353515625
vt 0.63677978515625 0.66400146484375
vt 0.64447021484375 0.66400146484375
vn 0.9238795325112867 0 -0.3826834323650897
vn 0.9238795325112867 0 -0.3826834323650897
vn 0.9238795325112867 0 -0.3826834323650897
vn 0.9238795325112867 0 -0.3826834323650897
vn -0.9238795325112867 0 0.3826834323650897
vn -0.9238795325112867 0 0.3826834323650897
vn -0.9238795325112867 0 0.3826834323650897
vn -0.9238795325112867 0 0.3826834323650897
vn 0 1 0
vn 0 1 0
vn 0 1 0
vn 0 1 0
vn 0 -1 0
vn 0 -1 0
vn 0 -1 0
vn 0 -1 0
vn 0.3826834323650897 0 0.9238795325112867
vn 0.3826834323650897 0 0.9238795325112867
vn 0.3826834323650897 0 0.9238795325112867
vn 0.3826834323650897 0 0.9238795325112867
vn -0.3826834323650897 0 -0.9238795325112867
vn -0.3826834323650897 0 -0.9238795325112867
vn -0.3826834323650897 0 -0.9238795325112867
vn -0.3826834323650897 0 -0.9238795325112867
f 361/361/361 363/363/363 362/362/362
f 363/363/363 364/364/364 362/362/362
f 365/365/365 367/367/367 366/366/366
f 367/367/367 368/368/368 366/366/366
f 369/369/369 371/371/371 370/370/370
f 371/371/371 372/372/372 370/370/370
f 373/373/373 375/375/375 374/374/374
f 375/375/375 376/376/376 374/374/374
f 377/377/377 379/379/379 378/378/378
f 379/379/379 380/380/380 378/378/378
f 381/381/381 383/383/383 382/382/382
f 383/383/383 384/384/384 382/382/382
o b36_1
usemtl material11
v 0.6546470445933249 2.5625 -0.22968601417793172
v 0.4872230429335982 2.5625 -0.6338833096516197
v 0.6546470445933249 0.125 -0.22968601417793172
v 0.4872230429335982 0.125 -0.6338833096516197
v 0.4871652771141912 2.5625 -0.6338593822657799
v 0.654589278773918 2.5625 -0.22966208679209188
v 0.4871652771141912 0.125 -0.6338593822657799
v 0.654589278773918 0.125 -0.22966208679209188
v 0.4871652771141912 2.5625 -0.6338593822657799
v 0.4872230429335982 2.5625 -0.6338833096516197
v 0.654589278773918 2.5625 -0.22966208679209188
v 0.6546470445933249 2.5625 -0.22968601417793172
v 0.654589278773918 0.125 -0.22966208679209188
v 0.6546470445933249 0.125 -0.22968601417793172
v 0.4871652771141912 0.125 -0.6338593822657799
v 0.4872230429335982 0.125 -0.6338833096516197
v 0.654589278773918 2.5625 -0.22966208679209188
v 0.6546470445933249 2.5625 -0.22968601417793172
v 0.654589278773918 0.125 -0.22966208679209188
v 0.6546470445933249 0.125 -0.22968601417793172
v 0.4872230429335982 2.5625 -0.6338833096516197
v 0.4871652771141912 2.5625 -0.6338593822657799
v 0.4872230429335982 0.125 -0.6338833096516197
v 0.4871652771141912 0.125 -0.6338593822657799
vt 0.12506103515625 0.32818603515625
vt 0.15228271484375 0.32818603515625
vt 0.12506103515625 0.48040771484375
vt 0.15228271484375 0.48040771484375
vt 0.15240478515625 0.32818603515625
vt 0.17962646484375 0.32818603515625
vt 0.15240478515625 0.48040771484375
vt 0.17962646484375 0.48040771484375
vt 0.15240478515625 0.32806396484375
vt 0.15228271484375 0.32806396484375
vt 0.15240478515625 0.30084228515625
vt 0.15228271484375 0.30084228515625
vt 0.15240478515625 0.30084228515625
vt 0.15228271484375 0.30084228515625
vt 0.15240478515625 0.32806396484375
vt 0.15228271484375 0.32806396484375
vt 0.17974853515625 0.32818603515625
vt 0.17962646484375 0.32818603515625
vt 0.17974853515625 0.48040771484375
vt 0.17962646484375 0.48040771484375
vt 0.15240478515625 0.32818603515625
vt 0.15228271484375 0.32818603515625
vt 0.15240478515625 0.48040771484375
vt 0.15228271484375 0.48040771484375
vn 0.9238795325112867 0 -0.3826834323650897
vn 0.9238795325112867 0 -0.3826834323650897
vn 0.9238795325112867 0 -0.3826834323650897
vn 0.9238795325112867 0 -0.3826834323650897
vn -0.9238795325112867 0 0.3826834323650897
vn -0.9238795325112867 0 0.3826834323650897
vn -0.9238795325112867 0 0.3826834323650897
vn -0.9238795325112867 0 0.3826834323650897
vn 0 1 0
vn 0 1 0
vn 0 1 0
vn 0 1 0
vn 0 -1 0
vn 0 -1 0
vn 0 -1 0
vn 0 -1 0
vn 0.3826834323650897 0 0.9238795325112867
vn 0.3826834323650897 0 0.9238795325112867
vn 0.3826834323650897 0 0.9238795325112867
vn 0.3826834323650897 0 0.9238795325112867
vn -0.3826834323650897 0 -0.9238795325112867
vn -0.3826834323650897 0 -0.9238795325112867
vn -0.3826834323650897 0 -0.9238795325112867
vn -0.3826834323650897 0 -0.9238795325112867
f 385/385/385 387/387/387 386/386/386
f 387/387/387 388/388/388 386/386/386
f 389/389/389 391/391/391 390/390/390
f 391/391/391 392/392/392 390/390/390
f 393/393/393 395/395/395 394/394/394
f 395/395/395 396/396/396 394/394/394
f 397/397/397 399/399/399 398/398/398
f 399/399/399 400/400/400 398/398/398
f 401/401/401 403/403/403 402/402/402
f 403/403/403 404/404/404 402/402/402
f 405/405/405 407/407/407 406/406/406
f 407/407/407 408/408/408 406/406/406
o b38_1
usemtl material11
v 0.4871652771141912 2.9375 -0.6338593822657799
v 0.08296798164050334 2.9375 -0.8012833839255066
v 0.4871652771141912 2.625 -0.6338593822657799
v 0.08296798164050334 2.625 -0.8012833839255066
v 0.03513255259486703 2.9375 -0.6857984423615958
v 0.439329848068555 2.9375 -0.5183744407018691
v 0.03513255259486703 2.625 -0.6857984423615958
v 0.439329848068555 2.625 -0.5183744407018691
v 0.03513255259486703 2.9375 -0.6857984423615958
v 0.08296798164050334 2.9375 -0.8012833839255066
v 0.439329848068555 2.9375 -0.5183744407018691
v 0.4871652771141912 2.9375 -0.6338593822657799
v 0.439329848068555 2.625 -0.5183744407018691
v 0.4871652771141912 2.625 -0.6338593822657799
v 0.03513255259486703 2.625 -0.6857984423615958
v 0.08296798164050334 2.625 -0.8012833839255066
v 0.439329848068555 2.9375 -0.5183744407018691
v 0.4871652771141912 2.9375 -0.6338593822657799
v 0.439329848068555 2.625 -0.5183744407018691
v 0.4871652771141912 2.625 -0.6338593822657799
v 0.08296798164050334 2.9375 -0.8012833839255066
v 0.03513255259486703 2.9375 -0.6857984423615958
v 0.08296798164050334 2.625 -0.8012833839255066
v 0.03513255259486703 2.625 -0.6857984423615958
vt 0.62896728515625 0.44146728515625
vt 0.65618896484375 0.44146728515625
vt 0.62896728515625 0.46087646484375
vt 0.65618896484375 0.46087646484375
vt 0.66412353515625 0.44146728515625
vt 0.69134521484375 0.44146728515625
vt 0.66412353515625 0.46087646484375
vt 0.69134521484375 0.46087646484375
vt 0.66400146484375 0.44134521484375
vt 0.65631103515625 0.44134521484375
vt 0.66400146484375 0.41412353515625
vt 0.65631103515625 0.41412353515625
vt 0.67181396484375 0.41412353515625
vt 0.66412353515625 0.41412353515625
vt 0.67181396484375 0.44134521484375
vt 0.66412353515625 0.44134521484375
vt 0.69146728515625 0.44146728515625
vt 0.69915771484375 0.44146728515625
vt 0.69146728515625 0.46087646484375
vt 0.69915771484375 0.46087646484375
vt 0.65631103515625 0.44146728515625
vt 0.66400146484375 0.44146728515625
vt 0.65631103515625 0.46087646484375
vt 0.66400146484375 0.46087646484375
vn 0.38268343236508967 0 -0.9238795325112867
vn 0.38268343236508967 0 -0.9238795325112867
vn 0.38268343236508967 0 -0.9238795325112867
vn 0.38268343236508967 0 -0.9238795325112867
vn -0.38268343236508967 0 0.9238795325112867
vn -0.38268343236508967 0 0.9238795325112867
vn -0.38268343236508967 0 0.9238795325112867
vn -0.38268343236508967 0 0.9238795325112867
vn 0 1 0
vn 0 1 0
vn 0 1 0
vn 0 1 0
vn 0 -1 0
vn 0 -1 0
vn 0 -1 0
vn 0 -1 0
vn 0.9238795325112867 0 0.38268343236508967
vn 0.9238795325112867 0 0.38268343236508967
vn 0.9238795325112867 0 0.38268343236508967
vn 0.9238795325112867 0 0.38268343236508967
vn -0.9238795325112867 0 -0.38268343236508967
vn -0.9238795325112867 0 -0.38268343236508967
vn -0.9238795325112867 0 -0.38268343236508967
vn -0.9238795325112867 0 -0.38268343236508967
f 409/409/409 411/411/411 410/410/410
f 411/411/411 412/412/412 410/410/410
f 413/413/413 415/415/415 414/414/414
f 415/415/415 416/416/416 414/414/414
f 417/417/417 419/419/419 418/418/418
f 419/419/419 420/420/420 418/418/418
f 421/421/421 423/423/423 422/422/422
f 423/423/423 424/424/424 422/422/422
f 425/425/425 427/427/427 426/426/426
f 427/427/427 428/428/428 426/426/426
f 429/429/429 431/431/431 430/430/430
f 431/431/431 432/432/432 430/430/430
o b46_1
usemtl material11
v 0.48718920450003106 2.625 -0.6339171480851867
v 0.025249438244387634 2.625 -0.8252588642677315
v 0.48718920450003106 0.125 -0.6339171480851867
v 0.025249438244387634 0.125 -0.8252588642677315
v 0.02522551085854774 2.625 -0.8252010984483248
v 0.4871652771141912 2.625 -0.6338593822657799
v 0.02522551085854774 0.125 -0.8252010984483248
v 0.4871652771141912 0.125 -0.6338593822657799
v 0.02522551085854774 2.625 -0.8252010984483248
v 0.025249438244387634 2.625 -0.8252588642677315
v 0.4871652771141912 2.625 -0.6338593822657799
v 0.48718920450003106 2.625 -0.6339171480851867
v 0.4871652771141912 0.125 -0.6338593822657799
v 0.48718920450003106 0.125 -0.6339171480851867
v 0.02522551085854774 0.125 -0.8252010984483248
v 0.025249438244387634 0.125 -0.8252588642677315
v 0.4871652771141912 2.625 -0.6338593822657799
v 0.48718920450003106 2.625 -0.6339171480851867
v 0.4871652771141912 0.125 -0.6338593822657799
v 0.48718920450003106 0.125 -0.6339171480851867
v 0.025249438244387634 2.625 -0.8252588642677315
v 0.02522551085854774 2.625 -0.8252010984483248
v 0.025249438244387634 0.125 -0.8252588642677315
v 0.02522551085854774 0.125 -0.8252010984483248
vt 0.00006103515625 0.32818603515625
vt 0.03118896484375 0.32818603515625
vt 0.00006103515625 0.48431396484375
vt 0.03118896484375 0.48431396484375
vt 0.03131103515625 0.32818603515625
vt 0.06243896484375 0.32818603515625
vt 0.03131103515625 0.48431396484375
vt 0.06243896484375 0.48431396484375
vt 0.03131103515625 0.32806396484375
vt 0.03118896484375 0.32806396484375
vt 0.03131103515625 0.29693603515625
vt 0.03118896484375 0.29693603515625
vt 0.03131103515625 0.29693603515625
vt 0.03118896484375 0.29693603515625
vt 0.03131103515625 0.32806396484375
vt 0.03118896484375 0.32806396484375
vt 0.06256103515625 0.32818603515625
vt 0.06243896484375 0.32818603515625
vt 0.06256103515625 0.48431396484375
vt 0.06243896484375 0.48431396484375
vt 0.03131103515625 0.32818603515625
vt 0.03118896484375 0.32818603515625
vt 0.03131103515625 0.48431396484375
vt 0.03118896484375 0.48431396484375
vn 0.38268343236508967 0 -0.9238795325112867
vn 0.38268343236508967 0 -0.9238795325112867
vn 0.38268343236508967 0 -0.9238795325112867
vn 0.38268343236508967 0 -0.9238795325112867
vn -0.38268343236508967 0 0.9238795325112867
vn -0.38268343236508967 0 0.9238795325112867
vn -0.38268343236508967 0 0.9238795325112867
vn -0.38268343236508967 0 0.9238795325112867
vn 0 1 0
vn 0 1 0
vn 0 1 0
vn 0 1 0
vn 0 -1 0
vn 0 -1 0
vn 0 -1 0
vn 0 -1 0
vn 0.9238795325112867 0 0.38268343236508967
vn 0.9238795325112867 0 0.38268343236508967
vn 0.9238795325112867 0 0.38268343236508967
vn 0.9238795325112867 0 0.38268343236508967
vn -0.9238795325112867 0 -0.38268343236508967
vn -0.9238795325112867 0 -0.38268343236508967
vn -0.9238795325112867 0 -0.38268343236508967
vn -0.9238795325112867 0 -0.38268343236508967
f 433/433/433 435/435/435 434/434/434
f 435/435/435 436/436/436 434/434/434
f 437/437/437 439/439/439 438/438/438
f 439/439/439 440/440/440 438/438/438
f 441/441/441 443/443/443 442/442/442
f 443/443/443 444/444/444 442/442/442
f 445/445/445 447/447/447 446/446/446
f 447/447/447 448/448/448 446/446/446
f 449/449/449 451/451/451 450/450/450
f 451/451/451 452/452/452 450/450/450
f 453/453/453 455/455/455 454/454/454
f 455/455/455 456/456/456 454/454/454
o b47_1
usemtl material11
v 0.562697572662826 2.8961383720717127 -0.6715754147884917
v -0.003294838471033401 2.7603225083911824 -0.9060171476803849
v 0.6006907567610653 2.7106421330465964 -0.6558381226572632
v 0.03469834562720586 2.574826269366066 -0.8902798555491565
v -0.09992242704054022 2.7603225083911824 -0.6727375128564742
v 0.46606998409331923 2.8961383720717127 -0.4382957799645809
v -0.061929242942300844 2.574826269366066 -0.6570002207252457
v 0.5040631681915586 2.7106421330465964 -0.42255848783335237
v -0.09992242704054022 2.7603225083911824 -0.6727375128564742
v -0.003294838471033401 2.7603225083911824 -0.9060171476803849
v 0.46606998409331923 2.8961383720717127 -0.4382957799645809
v 0.562697572662826 2.8961383720717127 -0.6715754147884917
v 0.5040631681915586 2.7106421330465964 -0.42255848783335237
v 0.6006907567610653 2.7106421330465964 -0.6558381226572632
v -0.061929242942300844 2.574826269366066 -0.6570002207252457
v 0.03469834562720586 2.574826269366066 -0.8902798555491565
v 0.46606998409331923 2.8961383720717127 -0.4382957799645809
v 0.562697572662826 2.8961383720717127 -0.6715754147884917
v 0.5040631681915586 2.7106421330465964 -0.42255848783335237
v 0.6006907567610653 2.7106421330465964 -0.6558381226572632
v -0.003294838471033401 2.7603225083911824 -0.9060171476803849
v -0.09992242704054022 2.7603225083911824 -0.6727375128564742
v 0.03469834562720586 2.574826269366066 -0.8902798555491565
v -0.061929242942300844 2.574826269366066 -0.6570002207252457
vt 0.00006103515625 0.60943603515625
vt 0.03900146484375 0.60943603515625
vt 0.00006103515625 0.62103271484375
vt 0.03900146484375 0.62103271484375
vt 0.05474853515625 0.60943603515625
vt 0.09368896484375 0.60943603515625
vt 0.05474853515625 0.62103271484375
vt 0.09368896484375 0.62103271484375
vt 0.05462646484375 0.60931396484375
vt 0.03912353515625 0.60931396484375
vt 0.05462646484375 0.57037353515625
vt 0.03912353515625 0.57037353515625
vt 0.07025146484375 0.57037353515625
vt 0.05474853515625 0.57037353515625
vt 0.07025146484375 0.60931396484375
vt 0.05474853515625 0.60931396484375
vt 0.09381103515625 0.60943603515625
vt 0.10931396484375 0.60943603515625
vt 0.09381103515625 0.62103271484375
vt 0.10931396484375 0.62103271484375
vt 0.03912353515625 0.60943603515625
vt 0.05462646484375 0.60943603515625
vt 0.03912353515625 0.62103271484375
vt 0.05462646484375 0.62103271484375
vn 0.38268343236508967 0 -0.9238795325112867
vn 0.38268343236508967 0 -0.9238795325112867
vn 0.38268343236508967 0 -0.9238795325112867
vn 0.38268343236508967 0 -0.9238795325112867
vn -0.38268343236508967 0 0.9238795325112867
vn -0.38268343236508967 0 0.9238795325112867
vn -0.38268343236508967 0 0.9238795325112867
vn -0.38268343236508967 0 0.9238795325112867
vn -0.19996412934205793 0.9762960071199335 -0.08282785436160812
vn -0.19996412934205793 0.9762960071199335 -0.08282785436160812
vn -0.19996412934205793 0.9762960071199335 -0.08282785436160812
vn -0.19996412934205793 0.9762960071199335 -0.08282785436160812
vn 0.19996412934205793 -0.9762960071199335 0.08282785436160812
vn 0.19996412934205793 -0.9762960071199335 0.08282785436160812
vn 0.19996412934205793 -0.9762960071199335 0.08282785436160812
vn 0.19996412934205793 -0.9762960071199335 0.08282785436160812
vn 0.9019798986505999 0.21643961393810285 0.3736123070089881
vn 0.9019798986505999 0.21643961393810285 0.3736123070089881
vn 0.9019798986505999 0.21643961393810285 0.3736123070089881
vn 0.9019798986505999 0.21643961393810285 0.3736123070089881
vn -0.9019798986505999 -0.21643961393810285 -0.3736123070089881
vn -0.9019798986505999 -0.21643961393810285 -0.3736123070089881
vn -0.9019798986505999 -0.21643961393810285 -0.3736123070089881
vn -0.9019798986505999 -0.21643961393810285 -0.3736123070089881
f 457/457/457 459/459/459 458/458/458
f 459/459/459 460/460/460 458/458/458
f 461/461/461 463/463/463 462/462/462
f 463/463/463 464/464/464 462/462/462
f 465/465/465 467/467/467 466/466/466
f 467/467/467 468/468/468 466/466/466
f 469/469/469 471/471/471 470/470/470
f 471/471/471 472/472/472 470/470/470
f 473/473/473 475/475/475 474/474/474
f 475/475/475 476/476/476 474/474/474
f 477/477/477 479/479/479 478/478/478
f 479/479/479 480/480/480 478/478/478
o b47_2
usemtl material11
v 0.24197969596899294 3.010065575946572 -0.8030680877927245
v 0.01648472130634293 2.9559556724620464 -0.8964711645449717
v 0.29197072830450743 2.765991574166589 -0.7823611242023225
v 0.06647575364185743 2.711881670682063 -0.8757642009545696
v -0.07918613678492947 2.9559556724620464 -0.6655012814171499
v 0.14630883787772053 3.010065575946572 -0.5720982046649029
v -0.029195104449414977 2.711881670682063 -0.6447943178267479
v 0.19629987021323497 2.765991574166589 -0.5513912410745009
v -0.07918613678492947 2.9559556724620464 -0.6655012814171499
v 0.01648472130634293 2.9559556724620464 -0.8964711645449717
v 0.14630883787772053 3.010065575946572 -0.5720982046649029
v 0.24197969596899294 3.010065575946572 -0.8030680877927245
v 0.19629987021323497 2.765991574166589 -0.5513912410745009
v 0.29197072830450743 2.765991574166589 -0.7823611242023225
v -0.029195104449414977 2.711881670682063 -0.6447943178267479
v 0.06647575364185743 2.711881670682063 -0.8757642009545696
v 0.14630883787772053 3.010065575946572 -0.5720982046649029
v 0.24197969596899294 3.010065575946572 -0.8030680877927245
v 0.19629987021323497 2.765991574166589 -0.5513912410745009
v 0.29197072830450743 2.765991574166589 -0.7823611242023225
v 0.01648472130634293 2.9559556724620464 -0.8964711645449717
v -0.07918613678492947 2.9559556724620464 -0.6655012814171499
v 0.06647575364185743 2.711881670682063 -0.8757642009545696
v -0.029195104449414977 2.711881670682063 -0.6447943178267479
vt 0.2422485202550888 0.69927978515625
vt 0.25775146484375 0.69927978515625
vt 0.2422485202550888 0.71478271484375
vt 0.25775146484375 0.71478271484375
vt 0.27349853515625 0.69927978515625
vt 0.28900146484375 0.69927978515625
vt 0.27349853515625 0.71478271484375
vt 0.28900146484375 0.71478271484375
vt 0.27337646484375 0.69915771484375
vt 0.25787353515625 0.69915771484375
vt 0.27337646484375 0.68365478515625
vt 0.25787353515625 0.68365478515625
vt 0.28900146484375 0.68365478515625
vt 0.27349853515625 0.68365478515625
vt 0.28900146484375 0.69915771484375
vt 0.27349853515625 0.69915771484375
vt 0.28912353515625 0.69927978515625
vt 0.30462646484375 0.69927978515625
vt 0.28912353515625 0.71478271484375
vt 0.30462646484375 0.71478271484375
vt 0.25787353515625 0.69927978515625
vt 0.27337646484375 0.69927978515625
vt 0.25787353515625 0.71478271484375
vt 0.27337646484375 0.71478271484375
vn 0.38268343236508967 0 -0.9238795325112867
vn 0.38268343236508967 0 -0.9238795325112867
vn 0.38268343236508967 0 -0.9238795325112867
vn 0.38268343236508967 0 -0.9238795325112867
vn -0.38268343236508967 0 0.9238795325112867
vn -0.38268343236508967 0 0.9238795325112867
vn -0.38268343236508967 0 0.9238795325112867
vn -0.38268343236508967 0 0.9238795325112867
vn -0.19996412934205793 0.9762960071199335 -0.08282785436160812
vn -0.19996412934205793 0.9762960071199335 -0.08282785436160812
vn -0.19996412934205793 0.9762960071199335 -0.08282785436160812
vn -0.19996412934205793 0.9762960071199335 -0.08282785436160812
vn 0.19996412934205793 -0.9762960071199335 0.08282785436160812
vn 0.19996412934205793 -0.9762960071199335 0.08282785436160812
vn 0.19996412934205793 -0.9762960071199335 0.08282785436160812
vn 0.19996412934205793 -0.9762960071199335 0.08282785436160812
vn 0.9019798986505999 0.21643961393810285 0.3736123070089881
vn 0.9019798986505999 0.21643961393810285 0.3736123070089881
vn 0.9019798986505999 0.21643961393810285 0.3736123070089881
vn 0.9019798986505999 0.21643961393810285 0.3736123070089881
vn -0.9019798986505999 -0.21643961393810285 -0.3736123070089881
vn -0.9019798986505999 -0.21643961393810285 -0.3736123070089881
vn -0.9019798986505999 -0.21643961393810285 -0.3736123070089881
vn -0.9019798986505999 -0.21643961393810285 -0.3736123070089881
f 481/481/481 483/483/483 482/482/482
f 483/483/483 484/484/484 482/482/482
f 485/485/485 487/487/487 486/486/486
f 487/487/487 488/488/488 486/486/486
f 489/489/489 491/491/491 490/490/490
f 491/491/491 492/492/492 490/490/490
f 493/493/493 495/495/495 494/494/494
f 495/495/495 496/496/496 494/494/494
f 497/497/497 499/499/499 498/498/498
f 499/499/499 500/500/500 498/498/498
f 501/501/501 503/503/503 502/502/502
f 503/503/503 504/504/504 502/502/502
o b48_1
usemtl material11
v 0.5433467566506436 2.861566492065974 -0.678914274614797
v 0.06940210790545626 3.22076875174097 -0.8752285759392063
v 0.44332519312199575 2.7069515324766154 -0.720344562758125
v -0.030619455623191516 3.0661537921516118 -0.9166588640825343
v -0.026747115424933354 3.22076875174097 -0.64310381696334
v 0.4471975333202539 2.861566492065974 -0.44678951563893077
v -0.12676867895358107 3.0661537921516118 -0.6845341051066679
v 0.3471759697916062 2.7069515324766154 -0.4882198037822587
v -0.026747115424933354 3.22076875174097 -0.64310381696334
v 0.06940210790545626 3.22076875174097 -0.8752285759392063
v 0.4471975333202539 2.861566492065974 -0.44678951563893077
v 0.5433467566506436 2.861566492065974 -0.678914274614797
v 0.3471759697916062 2.7069515324766154 -0.4882198037822587
v 0.44332519312199575 2.7069515324766154 -0.720344562758125
v -0.12676867895358107 3.0661537921516118 -0.6845341051066679
v -0.030619455623191516 3.0661537921516118 -0.9166588640825343
v 0.4471975333202539 2.861566492065974 -0.44678951563893077
v 0.5433467566506436 2.861566492065974 -0.678914274614797
v 0.3471759697916062 2.7069515324766154 -0.4882198037822587
v 0.44332519312199575 2.7069515324766154 -0.720344562758125
v 0.06940210790545626 3.22076875174097 -0.8752285759392063
v -0.026747115424933354 3.22076875174097 -0.64310381696334
v -0.030619455623191516 3.0661537921516118 -0.9166588640825343
v -0.12676867895358107 3.0661537921516118 -0.6845341051066679
vt 0.53521728515625 0.17974853515625
vt 0.57415771484375 0.17974853515625
vt 0.53521728515625 0.19134521484375
vt 0.57415771484375 0.19134521484375
vt 0.58990478515625 0.17974853515625
vt 0.62884521484375 0.17974853515625
vt 0.58990478515625 0.19134521484375
vt 0.62884521484375 0.19134521484375
vt 0.58978271484375 0.17962646484375
vt 0.57427978515625 0.17962646484375
vt 0.58978271484375 0.14068603515625
vt 0.57427978515625 0.14068603515625
vt 0.60540771484375 0.14068603515625
vt 0.58990478515625 0.14068603515625
vt 0.60540771484375 0.17962646484375
vt 0.58990478515625 0.17962646484375
vt 0.62896728515625 0.17974853515625
vt 0.64447021484375 0.17974853515625
vt 0.62896728515625 0.19134521484375
vt 0.64447021484375 0.19134521484375
vt 0.57427978515625 0.17974853515625
vt 0.58978271484375 0.17974853515625
vt 0.57427978515625 0.19134521484375
vt 0.58978271484375 0.19134521484375
vn 0.3826834323650896 -2.7755575615628914e-17 -0.9238795325112867
vn 0.3826834323650896 -2.7755575615628914e-17 -0.9238795325112867
vn 0.3826834323650896 -2.7755575615628914e-17 -0.9238795325112867
vn 0.3826834323650896 -2.7755575615628914e-17 -0.9238795325112867
vn -0.3826834323650896 2.7755575615628914e-17 0.9238795325112867
vn -0.3826834323650896 2.7755575615628914e-17 0.9238795325112867
vn -0.3826834323650896 2.7755575615628914e-17 0.9238795325112867
vn -0.3826834323650896 2.7755575615628914e-17 0.9238795325112867
vn 0.5299155298754944 0.8191520442889919 0.21949819938655474
vn 0.5299155298754944 0.8191520442889919 0.21949819938655474
vn 0.5299155298754944 0.8191520442889919 0.21949819938655474
vn 0.5299155298754944 0.8191520442889919 0.21949819938655474
vn -0.5299155298754944 -0.8191520442889919 -0.21949819938655474
vn -0.5299155298754944 -0.8191520442889919 -0.21949819938655474
vn -0.5299155298754944 -0.8191520442889919 -0.21949819938655474
vn -0.5299155298754944 -0.8191520442889919 -0.21949819938655474
vn 0.7567978077333787 -0.5735764363510462 0.3134759159373913
vn 0.7567978077333787 -0.5735764363510462 0.3134759159373913
vn 0.7567978077333787 -0.5735764363510462 0.3134759159373913
vn 0.7567978077333787 -0.5735764363510462 0.3134759159373913
vn -0.7567978077333787 0.5735764363510462 -0.3134759159373913
vn -0.7567978077333787 0.5735764363510462 -0.3134759159373913
vn -0.7567978077333787 0.5735764363510462 -0.3134759159373913
vn -0.7567978077333787 0.5735764363510462 -0.3134759159373913
f 505/505/505 507/507/507 506/506/506
f 507/507/507 508/508/508 506/506/506
f 509/509/509 511/511/511 510/510/510
f 511/511/511 512/512/512 510/510/510
f 513/513/513 515/515/515 514/514/514
f 515/515/515 516/516/516 514/514/514
f 517/517/517 519/519/519 518/518/518
f 519/519/519 520/520/520 518/518/518
f 521/521/521 523/523/523 522/522/522
f 523/523/523 524/524/524 522/522/522
f 525/525/525 527/527/527 526/526/526
f 527/527/527 528/528/528 526/526/526
o body1_1
usemtl material11
v 0.125 3.8125 0
v 0.125 3.8125 -0.25
v 0.125 3.375 0
v 0.125 3.375 -0.25
v -0.125 3.8125 -0.25
v -0.125 3.8125 0
v -0.125 3.375 -0.25
v -0.125 3.375 0
v -0.125 3.8125 -0.25
v 0.125 3.8125 -0.25
v -0.125 3.8125 0
v 0.125 3.8125 0
v -0.125 3.375 0
v 0.125 3.375 0
v -0.125 3.375 -0.25
v 0.125 3.375 -0.25
v -0.125 3.8125 0
v 0.125 3.8125 0
v -0.125 3.375 0
v 0.125 3.375 0
v 0.125 3.8125 -0.25
v -0.125 3.8125 -0.25
v 0.125 3.375 -0.25
v -0.125 3.375 -0.25
vt 0.41412353515625 0.68756103515625
vt 0.42962646484375 0.68756103515625
vt 0.41412353515625 0.71478271484375
vt 0.42962646484375 0.71478271484375
vt 0.44537353515625 0.68756103515625
vt 0.4608764350414276 0.68756103515625
vt 0.44537353515625 0.71478271484375
vt 0.4608764350414276 0.71478271484375
vt 0.4452514946460724 0.68743896484375
vt 0.4297485053539276 0.68743896484375
vt 0.4452514946460724 0.67193603515625
vt 0.4297485053539276 0.67193603515625
vt 0.4608764350414276 0.67193603515625
vt 0.44537353515625 0.67193603515625
vt 0.4608764350414276 0.68743896484375
vt 0.44537353515625 0.68743896484375
vt 0.46099853515625 0.68756103515625
vt 0.47650146484375 0.68756103515625
vt 0.46099853515625 0.71478271484375
vt 0.47650146484375 0.71478271484375
vt 0.4297485053539276 0.68756103515625
vt 0.4452514946460724 0.68756103515625
vt 0.4297485053539276 0.71478271484375
vt 0.4452514946460724 0.71478271484375
vn 1 0 0
vn 1 0 0
vn 1 0 0
vn 1 0 0
vn -1 0 0
vn -1 0 0
vn -1 0 0
vn -1 0 0
vn 0 1 0
vn 0 1 0
vn 0 1 0
vn 0 1 0
vn 0 -1 0
vn 0 -1 0
vn 0 -1 0
vn 0 -1 0
vn 0 0 1
vn 0 0 1
vn 0 0 1
vn 0 0 1
vn 0 0 -1
vn 0 0 -1
vn 0 0 -1
vn 0 0 -1
f 529/529/529 531/531/531 530/530/530
f 531/531/531 532/532/532 530/530/530
f 533/533/533 535/535/535 534/534/534
f 535/535/535 536/536/536 534/534/534
f 537/537/537 539/539/539 538/538/538
f 539/539/539 540/540/540 538/538/538
f 541/541/541 543/543/543 542/542/542
f 543/543/543 544/544/544 542/542/542
f 545/545/545 547/547/547 546/546/546
f 547/547/547 548/548/548 546/546/546
f 549/549/549 551/551/551 550/550/550
f 551/551/551 552/552/552 550/550/550
o body2_1
usemtl material11
v 0.125 4.5625 0
v 0.125 4.5625 -0.25
v 0.125 3.8125 0
v 0.125 3.8125 -0.25
v -0.125 4.5625 -0.25
v -0.125 4.5625 0
v -0.125 3.8125 -0.25
v -0.125 3.8125 0
v -0.125 4.5625 -0.25
v 0.125 4.5625 -0.25
v -0.125 4.5625 0
v 0.125 4.5625 0
v -0.125 3.8125 0
v 0.125 3.8125 0
v -0.125 3.8125 -0.25
v 0.125 3.8125 -0.25
v -0.125 4.5625 0
v 0.125 4.5625 0
v -0.125 3.8125 0
v 0.125 3.8125 0
v 0.125 4.5625 -0.25
v -0.125 4.5625 -0.25
v 0.125 3.8125 -0.25
v -0.125 3.8125 -0.25
vt 0.13287353515625 0.64068603515625
vt 0.14837646484375 0.64068603515625
vt 0.13287353515625 0.68743896484375
vt 0.14837646484375 0.68743896484375
vt 0.16412353515625 0.64068603515625
vt 0.17962646484375 0.64068603515625
vt 0.16412353515625 0.68743896484375
vt 0.17962646484375 0.68743896484375
vt 0.16400146484375 0.64056396484375
vt 0.14849853515625 0.64056396484375
vt 0.16400146484375 0.62506103515625
vt 0.14849853515625 0.62506103515625
vt 0.17962646484375 0.62506103515625
vt 0.16412353515625 0.62506103515625
vt 0.17962646484375 0.64056396484375
vt 0.16412353515625 0.64056396484375
vt 0.17974853515625 0.64068603515625
vt 0.19525146484375 0.64068603515625
vt 0.17974853515625 0.68743896484375
vt 0.19525146484375 0.68743896484375
vt 0.14849853515625 0.64068603515625
vt 0.16400146484375 0.64068603515625
vt 0.14849853515625 0.68743896484375
vt 0.16400146484375 0.68743896484375
vn 1 0 0
vn 1 0 0
vn 1 0 0
vn 1 0 0
vn -1 0 0
vn -1 0 0
vn -1 0 0
vn -1 0 0
vn 0 1 0
vn 0 1 0
vn 0 1 0
vn 0 1 0
vn 0 -1 0
vn 0 -1 0
vn 0 -1 0
vn 0 -1 0
vn 0 0 1
vn 0 0 1
vn 0 0 1
vn 0 0 1
vn 0 0 -1
vn 0 0 -1
vn 0 0 -1
vn 0 0 -1
f 553/553/553 555/555/555 554/554/554
f 555/555/555 556/556/556 554/554/554
f 557/557/557 559/559/559 558/558/558
f 559/559/559 560/560/560 558/558/558
f 561/561/561 563/563/563 562/562/562
f 563/563/563 564/564/564 562/562/562
f 565/565/565 567/567/567 566/566/566
f 567/567/567 568/568/568 566/566/566
f 569/569/569 571/571/571 570/570/570
f 571/571/571 572/572/572 570/570/570
f 573/573/573 575/575/575 574/574/574
f 575/575/575 576/576/576 574/574/574
o b1_1
usemtl material11
v -0.125 4.5625 0
v -0.125 4.5625 -0.1875
v -0.0923684519449871 4.314638784656547 0
v -0.0923684519449871 4.314638784656547 -0.1875
v -1.054479557537947 4.440131694793702 -0.1875
v -1.054479557537947 4.440131694793702 0
v -1.0218480094829343 4.192270479450249 -0.1875
v -1.0218480094829343 4.192270479450249 0
v -1.054479557537947 4.440131694793702 -0.1875
v -0.125 4.5625 -0.1875
v -1.054479557537947 4.440131694793702 0
v -0.125 4.5625 0
v -1.0218480094829343 4.192270479450249 0
v -0.0923684519449871 4.314638784656547 0
v -1.0218480094829343 4.192270479450249 -0.1875
v -0.0923684519449871 4.314638784656547 -0.1875
v -1.054479557537947 4.440131694793702 0
v -0.125 4.5625 0
v -1.0218480094829343 4.192270479450249 0
v -0.0923684519449871 4.314638784656547 0
v -0.125 4.5625 -0.1875
v -1.054479557537947 4.440131694793702 -0.1875
v -0.0923684519449871 4.314638784656547 -0.1875
v -1.0218480094829343 4.192270479450249 -0.1875
vt 0.51568603515625 0.23052978515625
vt 0.52728271484375 0.23052978515625
vt 0.51568603515625 0.24603271484375
vt 0.52728271484375 0.24603271484375
vt 0.58599853515625 0.23052978515625
vt 0.59759521484375 0.23052978515625
vt 0.58599853515625 0.24603271484375
vt 0.59759521484375 0.24603271484375
vt 0.58587646484375 0.23040771484375
vt 0.52740478515625 0.23040771484375
vt 0.58587646484375 0.21881103515625
vt 0.52740478515625 0.21881103515625
vt 0.64447021484375 0.21881103515625
vt 0.58599853515625 0.21881103515625
vt 0.64447021484375 0.23040771484375
vt 0.58599853515625 0.23040771484375
vt 0.59771728515625 0.23052978515625
vt 0.65618896484375 0.23052978515625
vt 0.59771728515625 0.24603271484375
vt 0.65618896484375 0.24603271484375
vt 0.52740478515625 0.23052978515625
vt 0.58587646484375 0.23052978515625
vt 0.52740478515625 0.24603271484375
vt 0.58587646484375 0.24603271484375
vn 0.9914448613738104 0.13052619222005157 0
vn 0.9914448613738104 0.13052619222005157 0
vn 0.9914448613738104 0.13052619222005157 0
vn 0.9914448613738104 0.13052619222005157 0
vn -0.9914448613738104 -0.13052619222005157 0
vn -0.9914448613738104 -0.13052619222005157 0
vn -0.9914448613738104 -0.13052619222005157 0
vn -0.9914448613738104 -0.13052619222005157 0
vn -0.13052619222005157 0.9914448613738104 0
vn -0.13052619222005157 0.9914448613738104 0
vn -0.13052619222005157 0.9914448613738104 0
vn -0.13052619222005157 0.9914448613738104 0
vn 0.13052619222005157 -0.9914448613738104 0
vn 0.13052619222005157 -0.9914448613738104 0
vn 0.13052619222005157 -0.9914448613738104 0
vn 0.13052619222005157 -0.9914448613738104 0
vn 0 0 1
vn 0 0 1
vn 0 0 1
vn 0 0 1
vn 0 0 -1
vn 0 0 -1
vn 0 0 -1
vn 0 0 -1
f 577/577/577 579/579/579 578/578/578
f 579/579/579 580/580/580 578/578/578
f 581/581/581 583/583/583 582/582/582
f 583/583/583 584/584/584 582/582/582
f 585/585/585 587/587/587 586/586/586
f 587/587/587 588/588/588 586/586/586
f 589/589/589 591/591/591 590/590/590
f 591/591/591 592/592/592 590/590/590
f 593/593/593 595/595/595 594/594/594
f 595/595/595 596/596/596 594/594/594
f 597/597/597 599/599/599 598/598/598
f 599/599/599 600/600/600 598/598/598
o b2_1
usemtl material11
v -0.43482651917931575 4.521710564931234 0
v -0.3722085085148461 4.50811320849655 -0.10732705455015767
v -0.43757086450981714 4.397542069703501 0.01412987479022687
v -0.3749528538453475 4.383944713268817 -0.09319717975993069
v -0.7507340070441508 4.491586428315845 -0.3260770545501577
v -0.8133520177086204 4.50518378475053 -0.21875
v -0.7534783523746522 4.367417933088113 -0.3119471797599307
v -0.8160963630391218 4.381015289522797 -0.20462012520977302
v -0.7507340070441508 4.491586428315845 -0.3260770545501577
v -0.3722085085148461 4.50811320849655 -0.10732705455015767
v -0.8133520177086204 4.50518378475053 -0.21875
v -0.43482651917931575 4.521710564931234 0
v -0.8160963630391218 4.381015289522797 -0.20462012520977302
v -0.43757086450981714 4.397542069703501 0.01412987479022687
v -0.7534783523746522 4.367417933088113 -0.3119471797599307
v -0.3749528538453475 4.383944713268817 -0.09319717975993069
v -0.8133520177086204 4.50518378475053 -0.21875
v -0.43482651917931575 4.521710564931234 0
v -0.8160963630391218 4.381015289522797 -0.20462012520977302
v -0.43757086450981714 4.397542069703501 0.01412987479022687
v -0.3722085085148461 4.50811320849655 -0.10732705455015767
v -0.7507340070441508 4.491586428315845 -0.3260770545501577
v -0.3749528538453475 4.383944713268817 -0.09319717975993069
v -0.7534783523746522 4.367417933088113 -0.3119471797599307
vt 0.68756103515625 0.50787353515625
vt 0.69525146484375 0.50787353515625
vt 0.68756103515625 0.51556396484375
vt 0.69525146484375 0.51556396484375
vt 0.72271728515625 0.50787353515625
vt 0.73040771484375 0.50787353515625
vt 0.72271728515625 0.51556396484375
vt 0.73040771484375 0.51556396484375
vt 0.72259521484375 0.50775146484375
vt 0.69537353515625 0.50775146484375
vt 0.72259521484375 0.50006103515625
vt 0.69537353515625 0.50006103515625
vt 0.74993896484375 0.50006103515625
vt 0.72271728515625 0.50006103515625
vt 0.74993896484375 0.50775146484375
vt 0.72271728515625 0.50775146484375
vt 0.73052978515625 0.50787353515625
vt 0.75775146484375 0.50787353515625
vt 0.73052978515625 0.51556396484375
vt 0.75775146484375 0.51556396484375
vt 0.69537353515625 0.50787353515625
vt 0.72259521484375 0.50787353515625
vt 0.69537353515625 0.51556396484375
vt 0.72259521484375 0.51556396484375
vn 0.8652011394955537 0.03777549755589493 0.4999999999999999
vn 0.8652011394955537 0.03777549755589493 0.4999999999999999
vn 0.8652011394955537 0.03777549755589493 0.4999999999999999
vn 0.8652011394955537 0.03777549755589493 0.4999999999999999
vn -0.8652011394955537 -0.03777549755589493 -0.4999999999999999
vn -0.8652011394955537 -0.03777549755589493 -0.4999999999999999
vn -0.8652011394955537 -0.03777549755589493 -0.4999999999999999
vn -0.8652011394955537 -0.03777549755589493 -0.4999999999999999
vn 0.021954762644011045 0.9933479618218612 -0.11303899832181544
vn 0.021954762644011045 0.9933479618218612 -0.11303899832181544
vn 0.021954762644011045 0.9933479618218612 -0.11303899832181544
vn 0.021954762644011045 0.9933479618218612 -0.11303899832181544
vn -0.021954762644011045 -0.9933479618218612 0.11303899832181544
vn -0.021954762644011045 -0.9933479618218612 0.11303899832181544
vn -0.021954762644011045 -0.9933479618218612 0.11303899832181544
vn -0.021954762644011045 -0.9933479618218612 0.11303899832181544
vn -0.5009440853157571 0.10877885147747622 0.858616436401261
vn -0.5009440853157571 0.10877885147747622 0.858616436401261
vn -0.5009440853157571 0.10877885147747622 0.858616436401261
vn -0.5009440853157571 0.10877885147747622 0.858616436401261
vn 0.5009440853157571 -0.10877885147747622 -0.858616436401261
vn 0.5009440853157571 -0.10877885147747622 -0.858616436401261
vn 0.5009440853157571 -0.10877885147747622 -0.858616436401261
vn 0.5009440853157571 -0.10877885147747622 -0.858616436401261
f 601/601/601 603/603/603 602/602/602
f 603/603/603 604/604/604 602/602/602
f 605/605/605 607/607/607 606/606/606
f 607/607/607 608/608/608 606/606/606
f 609/609/609 611/611/611 610/610/610
f 611/611/611 612/612/612 610/610/610
f 613/613/613 615/615/615 614/614/614
f 615/615/615 616/616/616 614/614/614
f 617/617/617 619/619/619 618/618/618
f 619/619/619 620/620/620 618/618/618
f 621/621/621 623/623/623 622/622/622
f 623/623/623 624/624/624 622/622/622
o b3_1
usemtl material11
v -0.6516823945646246 4.498042779842727 -0.25010275896166867
v -0.3849868354238117 4.453016355450346 -0.5939811529340239
v -0.654426739895126 4.373874284614995 -0.2359728841714418
v -0.38773118075431307 4.328847860222614 -0.5798512781437969
v -0.4840384479033379 4.446560003923464 -0.6699554485225127
v -0.7507340070441508 4.491586428315846 -0.32607705455015756
v -0.4867827932338393 4.322391508695731 -0.6558255737322859
v -0.7534783523746522 4.367417933088113 -0.3119471797599307
v -0.4840384479033379 4.446560003923464 -0.6699554485225127
v -0.3849868354238117 4.453016355450346 -0.5939811529340239
v -0.7507340070441508 4.491586428315846 -0.32607705455015756
v -0.6516823945646246 4.498042779842727 -0.25010275896166867
v -0.7534783523746522 4.367417933088113 -0.3119471797599307
v -0.654426739895126 4.373874284614995 -0.2359728841714418
v -0.4867827932338393 4.322391508695731 -0.6558255737322859
v -0.38773118075431307 4.328847860222614 -0.5798512781437969
v -0.7507340070441508 4.491586428315846 -0.32607705455015756
v -0.6516823945646246 4.498042779842727 -0.25010275896166867
v -0.7534783523746522 4.367417933088113 -0.3119471797599307
v -0.654426739895126 4.373874284614995 -0.2359728841714418
v -0.3849868354238117 4.453016355450346 -0.5939811529340239
v -0.4840384479033379 4.446560003923464 -0.6699554485225127
v -0.38773118075431307 4.328847860222614 -0.5798512781437969
v -0.4867827932338393 4.322391508695731 -0.6558255737322859
vt 0.34381103515625 0.69146728515625
vt 0.37103271484375 0.69146728515625
vt 0.34381103515625 0.69915771484375
vt 0.37103271484375 0.69915771484375
vt 0.37896728515625 0.69146728515625
vt 0.40618896484375 0.69146728515625
vt 0.37896728515625 0.69915771484375
vt 0.40618896484375 0.69915771484375
vt 0.37884521484375 0.69134521484375
vt 0.37115478515625 0.69134521484375
vt 0.37884521484375 0.66412353515625
vt 0.37115478515625 0.66412353515625
vt 0.38665771484375 0.66412353515625
vt 0.37896728515625 0.66412353515625
vt 0.38665771484375 0.69134521484375
vt 0.37896728515625 0.69134521484375
vt 0.40631103515625 0.69146728515625
vt 0.41400146484375 0.69146728515625
vt 0.40631103515625 0.69915771484375
vt 0.41400146484375 0.69915771484375
vt 0.37115478515625 0.69146728515625
vt 0.37884521484375 0.69146728515625
vt 0.37115478515625 0.69915771484375
vt 0.37884521484375 0.69915771484375
vn 0.7924128998362098 0.05165081221505648 0.6077943647079119
vn 0.7924128998362098 0.05165081221505648 0.6077943647079119
vn 0.7924128998362098 0.05165081221505648 0.6077943647079119
vn 0.7924128998362098 0.05165081221505648 0.6077943647079119
vn -0.7924128998362098 -0.05165081221505648 -0.6077943647079119
vn -0.7924128998362098 -0.05165081221505648 -0.6077943647079119
vn -0.7924128998362098 -0.05165081221505648 -0.6077943647079119
vn -0.7924128998362098 -0.05165081221505648 -0.6077943647079119
vn 0.021954762644011062 0.9933479618218614 -0.11303899832181546
vn 0.021954762644011062 0.9933479618218614 -0.11303899832181546
vn 0.021954762644011062 0.9933479618218614 -0.11303899832181546
vn 0.021954762644011062 0.9933479618218614 -0.11303899832181546
vn -0.021954762644011062 -0.9933479618218614 0.11303899832181546
vn -0.021954762644011062 -0.9933479618218614 0.11303899832181546
vn -0.021954762644011062 -0.9933479618218614 0.11303899832181546
vn -0.021954762644011062 -0.9933479618218614 0.11303899832181546
vn -0.6095898494647154 0.10291754146829991 0.7860077576510976
vn -0.6095898494647154 0.10291754146829991 0.7860077576510976
vn -0.6095898494647154 0.10291754146829991 0.7860077576510976
vn -0.6095898494647154 0.10291754146829991 0.7860077576510976
vn 0.6095898494647154 -0.10291754146829991 -0.7860077576510976
vn 0.6095898494647154 -0.10291754146829991 -0.7860077576510976
vn 0.6095898494647154 -0.10291754146829991 -0.7860077576510976
vn 0.6095898494647154 -0.10291754146829991 -0.7860077576510976
f 625/625/625 627/627/627 626/626/626
f 627/627/627 628/628/628 626/626/626
f 629/629/629 631/631/631 630/630/630
f 631/631/631 632/632/632 630/630/630
f 633/633/633 635/635/635 634/634/634
f 635/635/635 636/636/636 634/634/634
f 637/637/637 639/639/639 638/638/638
f 639/639/639 640/640/640 638/638/638
f 641/641/641 643/643/643 642/642/642
f 643/643/643 644/644/644 642/642/642
f 645/645/645 647/647/647 646/646/646
f 647/647/647 648/648/648 646/646/646
o b40_1
usemtl material11
v -0.7506847693896962 4.491584232321103 -0.32603858065412716
v -0.48398921024888325 4.4465578079287225 -0.6699169746264823
v -0.8302525032575886 3.621773299220463 -0.27385700933127144
v -0.5635569441167756 3.576746874828082 -0.6177354033036265
v -0.4840384479033379 4.446560003923465 -0.6699554485225127
v -0.7507340070441508 4.491586428315846 -0.32607705455015756
v -0.5636061817712303 3.5767490708228245 -0.6177738771996569
v -0.8303017409120432 3.621775495215206 -0.27389548322730184
v -0.4840384479033379 4.446560003923465 -0.6699554485225127
v -0.48398921024888325 4.4465578079287225 -0.6699169746264823
v -0.7507340070441508 4.491586428315846 -0.32607705455015756
v -0.7506847693896962 4.491584232321103 -0.32603858065412716
v -0.8303017409120432 3.621775495215206 -0.27389548322730184
v -0.8302525032575886 3.621773299220463 -0.27385700933127144
v -0.5636061817712303 3.5767490708228245 -0.6177738771996569
v -0.5635569441167756 3.576746874828082 -0.6177354033036265
v -0.7507340070441508 4.491586428315846 -0.32607705455015756
v -0.7506847693896962 4.491584232321103 -0.32603858065412716
v -0.8303017409120432 3.621775495215206 -0.27389548322730184
v -0.8302525032575886 3.621773299220463 -0.27385700933127144
v -0.48398921024888325 4.4465578079287225 -0.6699169746264823
v -0.4840384479033379 4.446560003923465 -0.6699554485225127
v -0.5635569441167756 3.576746874828082 -0.6177354033036265
v -0.5636061817712303 3.5767490708228245 -0.6177738771996569
vt 0.40631103515625 0.61334228515625
vt 0.4335327446460724 0.61334228515625
vt 0.40631103515625 0.66790771484375
vt 0.4335327446460724 0.66790771484375
vt 0.43365478515625 0.61334228515625
vt 0.4608764350414276 0.61334228515625
vt 0.43365478515625 0.66790771484375
vt 0.4608764350414276 0.66790771484375
vt 0.43365478515625 0.61322021484375
vt 0.4335327446460724 0.61322021484375
vt 0.43365478515625 0.58599853515625
vt 0.4335327446460724 0.58599853515625
vt 0.43365478515625 0.58599853515625
vt 0.4335327446460724 0.58599853515625
vt 0.43365478515625 0.61322021484375
vt 0.4335327446460724 0.61322021484375
vt 0.46099853515625 0.61334228515625
vt 0.4608764350414276 0.61334228515625
vt 0.46099853515625 0.66790771484375
vt 0.4608764350414276 0.66790771484375
vt 0.43365478515625 0.61334228515625
vt 0.4335327446460724 0.61334228515625
vt 0.43365478515625 0.66790771484375
vt 0.4335327446460724 0.66790771484375
vn 0.7874840458712502 -0.03512171413868507 0.6153335215102516
vn 0.7874840458712502 -0.03512171413868507 0.6153335215102516
vn 0.7874840458712502 -0.03512171413868507 0.6153335215102516
vn 0.7874840458712502 -0.03512171413868507 0.6153335215102516
vn -0.7874840458712502 0.03512171413868507 -0.6153335215102516
vn -0.7874840458712502 0.03512171413868507 -0.6153335215102516
vn -0.7874840458712502 0.03512171413868507 -0.6153335215102516
vn -0.7874840458712502 0.03512171413868507 -0.6153335215102516
vn 0.09093455299187704 0.9940696378293028 -0.05963608151183514
vn 0.09093455299187704 0.9940696378293028 -0.05963608151183514
vn 0.09093455299187704 0.9940696378293028 -0.05963608151183514
vn 0.09093455299187704 0.9940696378293028 -0.05963608151183514
vn -0.09093455299187704 -0.9940696378293028 0.05963608151183514
vn -0.09093455299187704 -0.9940696378293028 0.05963608151183514
vn -0.09093455299187704 -0.9940696378293028 0.05963608151183514
vn -0.09093455299187704 -0.9940696378293028 0.05963608151183514
vn -0.6095898494647154 0.10291754146829989 0.7860077576510974
vn -0.6095898494647154 0.10291754146829989 0.7860077576510974
vn -0.6095898494647154 0.10291754146829989 0.7860077576510974
vn -0.6095898494647154 0.10291754146829989 0.7860077576510974
vn 0.6095898494647154 -0.10291754146829989 -0.7860077576510974
vn 0.6095898494647154 -0.10291754146829989 -0.7860077576510974
vn 0.6095898494647154 -0.10291754146829989 -0.7860077576510974
vn 0.6095898494647154 -0.10291754146829989 -0.7860077576510974
f 649/649/649 651/651/651 650/650/650
f 651/651/651 652/652/652 650/650/650
f 653/653/653 655/655/655 654/654/654
f 655/655/655 656/656/656 654/654/654
f 657/657/657 659/659/659 658/658/658
f 659/659/659 660/660/660 658/658/658
f 661/661/661 663/663/663 662/662/662
f 663/663/663 664/664/664 662/662/662
f 665/665/665 667/667/667 666/666/666
f 667/667/667 668/668/668 666/666/666
f 669/669/669 671/671/671 670/670/670
f 671/671/671 672/672/672 670/670/670
o b4_1
usemtl material11
v -0.4732997460586076 4.46040669815255 -0.5461897451082947
v -0.037523056193703885 4.4466477125564845 -0.5824611785753457
v -0.47604409138910897 4.336238202924818 -0.5320598703180677
v -0.04026740152420527 4.322479217328752 -0.5683313037851188
v -0.04826175803843413 4.4328010183274 -0.7062268819895638
v -0.48403844790333794 4.446560003923465 -0.6699554485225128
v -0.05100610336893552 4.308632523099666 -0.6920970071993369
v -0.48678279323383933 4.322391508695732 -0.6558255737322858
v -0.04826175803843413 4.4328010183274 -0.7062268819895638
v -0.037523056193703885 4.4466477125564845 -0.5824611785753457
v -0.48403844790333794 4.446560003923465 -0.6699554485225128
v -0.4732997460586076 4.46040669815255 -0.5461897451082947
v -0.48678279323383933 4.322391508695732 -0.6558255737322858
v -0.47604409138910897 4.336238202924818 -0.5320598703180677
v -0.05100610336893552 4.308632523099666 -0.6920970071993369
v -0.04026740152420527 4.322479217328752 -0.5683313037851188
v -0.48403844790333794 4.446560003923465 -0.6699554485225128
v -0.4732997460586076 4.46040669815255 -0.5461897451082947
v -0.48678279323383933 4.322391508695732 -0.6558255737322858
v -0.47604409138910897 4.336238202924818 -0.5320598703180677
v -0.037523056193703885 4.4466477125564845 -0.5824611785753457
v -0.04826175803843413 4.4328010183274 -0.7062268819895638
v -0.04026740152420527 4.322479217328752 -0.5683313037851188
v -0.05100610336893552 4.308632523099666 -0.6920970071993369
vt 0.65631103515625 0.39459228515625
vt 0.68353271484375 0.39459228515625
vt 0.65631103515625 0.40228271484375
vt 0.68353271484375 0.40228271484375
vt 0.69146728515625 0.39459228515625
vt 0.71868896484375 0.39459228515625
vt 0.69146728515625 0.40228271484375
vt 0.71868896484375 0.40228271484375
vt 0.69134521484375 0.39447021484375
vt 0.68365478515625 0.39447021484375
vt 0.69134521484375 0.36724853515625
vt 0.68365478515625 0.36724853515625
vt 0.69915771484375 0.36724853515625
vt 0.69146728515625 0.36724853515625
vt 0.69915771484375 0.39447021484375
vt 0.69146728515625 0.39447021484375
vt 0.71881103515625 0.39459228515625
vt 0.72650146484375 0.39459228515625
vt 0.71881103515625 0.40228271484375
vt 0.72650146484375 0.40228271484375
vt 0.68365478515625 0.39459228515625
vt 0.69134521484375 0.39459228515625
vt 0.68365478515625 0.40228271484375
vt 0.69134521484375 0.40228271484375
vn 0.08590961475784258 0.11077355383268114 0.9901256273137451
vn 0.08590961475784258 0.11077355383268114 0.9901256273137451
vn 0.08590961475784258 0.11077355383268114 0.9901256273137451
vn 0.08590961475784258 0.11077355383268114 0.9901256273137451
vn -0.08590961475784258 -0.11077355383268114 -0.9901256273137451
vn -0.08590961475784258 -0.11077355383268114 -0.9901256273137451
vn -0.08590961475784258 -0.11077355383268114 -0.9901256273137451
vn -0.08590961475784258 -0.11077355383268114 -0.9901256273137451
vn 0.02195476264401106 0.9933479618218612 -0.11303899832181544
vn 0.02195476264401106 0.9933479618218612 -0.11303899832181544
vn 0.02195476264401106 0.9933479618218612 -0.11303899832181544
vn 0.02195476264401106 0.9933479618218612 -0.11303899832181544
vn -0.02195476264401106 -0.9933479618218612 0.11303899832181544
vn -0.02195476264401106 -0.9933479618218612 0.11303899832181544
vn -0.02195476264401106 -0.9933479618218612 0.11303899832181544
vn -0.02195476264401106 -0.9933479618218612 0.11303899832181544
vn -0.9960610054054945 0.0314491099338654 0.08290613363897405
vn -0.9960610054054945 0.0314491099338654 0.08290613363897405
vn -0.9960610054054945 0.0314491099338654 0.08290613363897405
vn -0.9960610054054945 0.0314491099338654 0.08290613363897405
vn 0.9960610054054945 -0.0314491099338654 -0.08290613363897405
vn 0.9960610054054945 -0.0314491099338654 -0.08290613363897405
vn 0.9960610054054945 -0.0314491099338654 -0.08290613363897405
vn 0.9960610054054945 -0.0314491099338654 -0.08290613363897405
f 673/673/673 675/675/675 674/674/674
f 675/675/675 676/676/676 674/674/674
f 677/677/677 679/679/679 678/678/678
f 679/679/679 680/680/680 678/678/678
f 681/681/681 683/683/683 682/682/682
f 683/683/683 684/684/684 682/682/682
f 685/685/685 687/687/687 686/686/686
f 687/687/687 688/688/688 686/686/686
f 689/689/689 691/691/691 690/690/690
f 691/691/691 692/692/692 690/690/690
f 693/693/693 695/695/695 694/694/694
f 695/695/695 696/696/696 694/694/694
o b24_1
usemtl material11
v -0.4840333015122872 4.446558763918744 -0.6698931477461748
v 0.013997201190459885 4.430834208951811 -0.7113462145656618
v -0.5128911440708664 3.572163754244461 -0.6849128674364529
v -0.014860641368119376 3.556439199277528 -0.7263659342559399
v 0.013992054799409237 4.4308354489565325 -0.7114085153419998
v -0.48403844790333783 4.446560003923465 -0.6699554485225128
v -0.014865787759170024 3.556440439282249 -0.7264282350322778
v -0.5128962904619171 3.5721649942491815 -0.6849751682127908
v 0.013992054799409237 4.4308354489565325 -0.7114085153419998
v 0.013997201190459885 4.430834208951811 -0.7113462145656618
v -0.48403844790333783 4.446560003923465 -0.6699554485225128
v -0.4840333015122872 4.446558763918744 -0.6698931477461748
v -0.5128962904619171 3.5721649942491815 -0.6849751682127908
v -0.5128911440708664 3.572163754244461 -0.6849128674364529
v -0.014865787759170024 3.556440439282249 -0.7264282350322778
v -0.014860641368119376 3.556439199277528 -0.7263659342559399
v -0.48403844790333783 4.446560003923465 -0.6699554485225128
v -0.4840333015122872 4.446558763918744 -0.6698931477461748
v -0.5128962904619171 3.5721649942491815 -0.6849751682127908
v -0.5128911440708664 3.572163754244461 -0.6849128674364529
v 0.013997201190459885 4.430834208951811 -0.7113462145656618
v 0.013992054799409237 4.4308354489565325 -0.7114085153419998
v -0.014860641368119376 3.556439199277528 -0.7263659342559399
v -0.014865787759170024 3.556440439282249 -0.7264282350322778
vt 0.10943603515625 0.57037353515625
vt 0.14056396484375 0.57037353515625
vt 0.10943603515625 0.62493896484375
vt 0.14056396484375 0.62493896484375
vt 0.14068603515625 0.57037353515625
vt 0.17181396484375 0.57037353515625
vt 0.14068603515625 0.62493896484375
vt 0.17181396484375 0.62493896484375
vt 0.14068603515625 0.57025146484375
vt 0.14056396484375 0.57025146484375
vt 0.14068603515625 0.53912353515625
vt 0.14056396484375 0.53912353515625
vt 0.14068603515625 0.53912353515625
vt 0.14056396484375 0.53912353515625
vt 0.14068603515625 0.57025146484375
vt 0.14056396484375 0.57025146484375
vt 0.17193603515625 0.57037353515625
vt 0.17181396484375 0.57037353515625
vt 0.17193603515625 0.62493896484375
vt 0.17181396484375 0.62493896484375
vt 0.14068603515625 0.57037353515625
vt 0.14056396484375 0.57037353515625
vt 0.14068603515625 0.62493896484375
vt 0.14056396484375 0.62493896484375
vn 0.08230897452524889 -0.019832056282629826 0.9964095153380483
vn 0.08230897452524889 -0.019832056282629826 0.9964095153380483
vn 0.08230897452524889 -0.019832056282629826 0.9964095153380483
vn 0.08230897452524889 -0.019832056282629826 0.9964095153380483
vn -0.08230897452524889 0.019832056282629826 -0.9964095153380483
vn -0.08230897452524889 0.019832056282629826 -0.9964095153380483
vn -0.08230897452524889 0.019832056282629826 -0.9964095153380483
vn -0.08230897452524889 0.019832056282629826 -0.9964095153380483
vn 0.03298039149551919 0.9993085824848952 0.017165393931746365
vn 0.03298039149551919 0.9993085824848952 0.017165393931746365
vn 0.03298039149551919 0.9993085824848952 0.017165393931746365
vn 0.03298039149551919 0.9993085824848952 0.017165393931746365
vn -0.03298039149551919 -0.9993085824848952 -0.017165393931746365
vn -0.03298039149551919 -0.9993085824848952 -0.017165393931746365
vn -0.03298039149551919 -0.9993085824848952 -0.017165393931746365
vn -0.03298039149551919 -0.9993085824848952 -0.017165393931746365
vn -0.9960610054054944 0.03144910993386539 0.08290613363897403
vn -0.9960610054054944 0.03144910993386539 0.08290613363897403
vn -0.9960610054054944 0.03144910993386539 0.08290613363897403
vn -0.9960610054054944 0.03144910993386539 0.08290613363897403
vn 0.9960610054054944 -0.03144910993386539 -0.08290613363897403
vn 0.9960610054054944 -0.03144910993386539 -0.08290613363897403
vn 0.9960610054054944 -0.03144910993386539 -0.08290613363897403
vn 0.9960610054054944 -0.03144910993386539 -0.08290613363897403
f 697/697/697 699/699/699 698/698/698
f 699/699/699 700/700/700 698/698/698
f 701/701/701 703/703/703 702/702/702
f 703/703/703 704/704/704 702/702/702
f 705/705/705 707/707/707 706/706/706
f 707/707/707 708/708/708 706/706/706
f 709/709/709 711/711/711 710/710/710
f 711/711/711 712/712/712 710/710/710
f 713/713/713 715/715/715 714/714/714
f 715/715/715 716/716/716 714/714/714
f 717/717/717 719/719/719 718/718/718
f 719/719/719 720/720/720 718/718/718
o rightarm0_1
usemtl material11
v -1.040638638524907 4.478565769211508 0.0754913022798156
v -1.040638638524907 4.397400910759518 -0.29061971493810357
v -1.040638638524907 3.3192142607565875 0.33251334383131276
v -1.040638638524907 3.238049402304597 -0.033597673386606464
v -1.415638638524907 4.397400910759518 -0.29061971493810357
v -1.415638638524907 4.478565769211508 0.0754913022798156
v -1.415638638524907 3.238049402304597 -0.033597673386606464
v -1.415638638524907 3.3192142607565875 0.33251334383131276
v -1.415638638524907 4.397400910759518 -0.29061971493810357
v -1.040638638524907 4.397400910759518 -0.29061971493810357
v -1.415638638524907 4.478565769211508 0.0754913022798156
v -1.040638638524907 4.478565769211508 0.0754913022798156
v -1.415638638524907 3.3192142607565875 0.33251334383131276
v -1.040638638524907 3.3192142607565875 0.33251334383131276
v -1.415638638524907 3.238049402304597 -0.033597673386606464
v -1.040638638524907 3.238049402304597 -0.033597673386606464
v -1.415638638524907 4.478565769211508 0.0754913022798156
v -1.040638638524907 4.478565769211508 0.0754913022798156
v -1.415638638524907 3.3192142607565875 0.33251334383131276
v -1.040638638524907 3.3192142607565875 0.33251334383131276
v -1.040638638524907 4.397400910759518 -0.29061971493810357
v -1.415638638524907 4.397400910759518 -0.29061971493810357
v -1.040638638524907 3.238049402304597 -0.033597673386606464
v -1.415638638524907 3.238049402304597 -0.033597673386606464
vt 0.50006103515625 0.51177978515625
vt 0.52337646484375 0.51177978515625
vt 0.50006103515625 0.58587646484375
vt 0.52337646484375 0.58587646484375
vt 0.54693603515625 0.51177978515625
vt 0.57025146484375 0.51177978515625
vt 0.54693603515625 0.58587646484375
vt 0.57025146484375 0.58587646484375
vt 0.54681396484375 0.51165771484375
vt 0.52349853515625 0.51165771484375
vt 0.54681396484375 0.48834228515625
vt 0.52349853515625 0.48834228515625
vt 0.57025146484375 0.48834228515625
vt 0.54693603515625 0.48834228515625
vt 0.57025146484375 0.51165771484375
vt 0.54693603515625 0.51165771484375
vt 0.57037353515625 0.51177978515625
vt 0.59368896484375 0.51177978515625
vt 0.57037353515625 0.58587646484375
vt 0.59368896484375 0.58587646484375
vt 0.52349853515625 0.51177978515625
vt 0.54681396484375 0.51177978515625
vt 0.52349853515625 0.58587646484375
vt 0.54681396484375 0.58587646484375
vn 1 2.559580613113476e-17 -1.2781820483090015e-17
vn 1 2.559580613113476e-17 -1.2781820483090015e-17
vn 1 2.559580613113476e-17 -1.2781820483090015e-17
vn 1 2.559580613113476e-17 -1.2781820483090015e-17
vn -1 -2.559580613113476e-17 1.2781820483090015e-17
vn -1 -2.559580613113476e-17 1.2781820483090015e-17
vn -1 -2.559580613113476e-17 1.2781820483090015e-17
vn -1 -2.559580613113476e-17 1.2781820483090015e-17
vn -3.754628794297839e-19 0.9762960071199334 -0.21643961393810282
vn -3.754628794297839e-19 0.9762960071199334 -0.21643961393810282
vn -3.754628794297839e-19 0.9762960071199334 -0.21643961393810282
vn -3.754628794297839e-19 0.9762960071199334 -0.21643961393810282
vn 3.754628794297839e-19 -0.9762960071199334 0.21643961393810282
vn 3.754628794297839e-19 -0.9762960071199334 0.21643961393810282
vn 3.754628794297839e-19 -0.9762960071199334 0.21643961393810282
vn 3.754628794297839e-19 -0.9762960071199334 0.21643961393810282
vn 1.6936036030533684e-18 0.21643961393810288 0.9762960071199334
vn 1.6936036030533684e-18 0.21643961393810288 0.9762960071199334
vn 1.6936036030533684e-18 0.21643961393810288 0.9762960071199334
vn 1.6936036030533684e-18 0.21643961393810288 0.9762960071199334
vn -1.6936036030533684e-18 -0.21643961393810288 -0.9762960071199334
vn -1.6936036030533684e-18 -0.21643961393810288 -0.9762960071199334
vn -1.6936036030533684e-18 -0.21643961393810288 -0.9762960071199334
vn -1.6936036030533684e-18 -0.21643961393810288 -0.9762960071199334
f 721/721/721 723/723/723 722/722/722
f 723/723/723 724/724/724 722/722/722
f 725/725/725 727/727/727 726/726/726
f 727/727/727 728/728/728 726/726/726
f 729/729/729 731/731/731 730/730/730
f 731/731/731 732/732/732 730/730/730
f 733/733/733 735/735/735 734/734/734
f 735/735/735 736/736/736 734/734/734
f 737/737/737 739/739/739 738/738/738
f 739/739/739 740/740/740 738/738/738
f 741/741/741 743/743/743 742/742/742
f 743/743/743 744/744/744 742/742/742
o rightarm0_2
usemtl material11
v -1.0281386355446747 3.504751076027454 0.4198676598559351
v -1.0281386355446747 3.4873033208213275 0.020248365268400598
v -1.0281386355446747 3.105131781439919 0.4373154150620614
v -1.0281386355446747 3.087684026233793 0.037696120474526834
v -1.4281386415051391 3.4873033208213275 0.020248365268400598
v -1.4281386415051391 3.504751076027454 0.4198676598559351
v -1.4281386415051391 3.087684026233793 0.037696120474526834
v -1.4281386415051391 3.105131781439919 0.4373154150620614
v -1.4281386415051391 3.4873033208213275 0.020248365268400598
v -1.0281386355446747 3.4873033208213275 0.020248365268400598
v -1.4281386415051391 3.504751076027454 0.4198676598559351
v -1.0281386355446747 3.504751076027454 0.4198676598559351
v -1.4281386415051391 3.105131781439919 0.4373154150620614
v -1.0281386355446747 3.105131781439919 0.4373154150620614
v -1.4281386415051391 3.087684026233793 0.037696120474526834
v -1.0281386355446747 3.087684026233793 0.037696120474526834
v -1.4281386415051391 3.504751076027454 0.4198676598559351
v -1.0281386355446747 3.504751076027454 0.4198676598559351
v -1.4281386415051391 3.105131781439919 0.4373154150620614
v -1.0281386355446747 3.105131781439919 0.4373154150620614
v -1.0281386355446747 3.4873033208213275 0.020248365268400598
v -1.4281386415051391 3.4873033208213275 0.020248365268400598
v -1.0281386355446747 3.087684026233793 0.037696120474526834
v -1.4281386415051391 3.087684026233793 0.037696120474526834
vt 0.60552978515625 0.12506103515625
vt 0.62884521484375 0.12506103515625
vt 0.60552978515625 0.14837646484375
vt 0.62884521484375 0.14837646484375
vt 0.65240478515625 0.12506103515625
vt 0.67572021484375 0.12506103515625
vt 0.65240478515625 0.14837646484375
vt 0.67572021484375 0.14837646484375
vt 0.65228271484375 0.12493896484375
vt 0.62896728515625 0.12493896484375
vt 0.65228271484375 0.10162353515625
vt 0.62896728515625 0.10162353515625
vt 0.67572021484375 0.10162353515625
vt 0.65240478515625 0.10162353515625
vt 0.67572021484375 0.12493896484375
vt 0.65240478515625 0.12493896484375
vt 0.67584228515625 0.12506103515625
vt 0.69915771484375 0.12506103515625
vt 0.67584228515625 0.14837646484375
vt 0.69915771484375 0.14837646484375
vt 0.62896728515625 0.12506103515625
vt 0.65228271484375 0.12506103515625
vt 0.62896728515625 0.14837646484375
vt 0.65228271484375 0.14837646484375
vn 1 2.559580613113476e-17 -1.2781820483090019e-17
vn 1 2.559580613113476e-17 -1.2781820483090019e-17
vn 1 2.559580613113476e-17 -1.2781820483090019e-17
vn 1 2.559580613113476e-17 -1.2781820483090019e-17
vn -1 -2.559580613113476e-17 1.2781820483090019e-17
vn -1 -2.559580613113476e-17 1.2781820483090019e-17
vn -1 -2.559580613113476e-17 1.2781820483090019e-17
vn -1 -2.559580613113476e-17 1.2781820483090019e-17
vn -7.566757527037443e-20 0.9990482215818577 -0.043619387365335965
vn -7.566757527037443e-20 0.9990482215818577 -0.043619387365335965
vn -7.566757527037443e-20 0.9990482215818577 -0.043619387365335965
vn -7.566757527037443e-20 0.9990482215818577 -0.043619387365335965
vn 7.566757527037443e-20 -0.9990482215818577 0.043619387365335965
vn 7.566757527037443e-20 -0.9990482215818577 0.043619387365335965
vn 7.566757527037443e-20 -0.9990482215818577 0.043619387365335965
vn 7.566757527037443e-20 -0.9990482215818577 0.043619387365335965
vn 1.7330724036109276e-18 0.04361938736533602 0.9990482215818577
vn 1.7330724036109276e-18 0.04361938736533602 0.9990482215818577
vn 1.7330724036109276e-18 0.04361938736533602 0.9990482215818577
vn 1.7330724036109276e-18 0.04361938736533602 0.9990482215818577
vn -1.7330724036109276e-18 -0.04361938736533602 -0.9990482215818577
vn -1.7330724036109276e-18 -0.04361938736533602 -0.9990482215818577
vn -1.7330724036109276e-18 -0.04361938736533602 -0.9990482215818577
vn -1.7330724036109276e-18 -0.04361938736533602 -0.9990482215818577
f 745/745/745 747/747/747 746/746/746
f 747/747/747 748/748/748 746/746/746
f 749/749/749 751/751/751 750/750/750
f 751/751/751 752/752/752 750/750/750
f 753/753/753 755/755/755 754/754/754
f 755/755/755 756/756/756 754/754/754
f 757/757/757 759/759/759 758/758/758
f 759/759/759 760/760/760 758/758/758
f 761/761/761 763/763/763 762/762/762
f 763/763/763 764/764/764 762/762/762
f 765/765/765 767/767/767 766/766/766
f 767/767/767 768/768/768 766/766/766
o b21_1
usemtl material11
v -0.7511556479764457 4.5037845245340264 -0.09951838834420668
v -1.2814857338663563 4.389000085484254 -0.6172775336540978
v -0.7511556479764456 4.259710522754044 -0.045408484859680964
v -1.2814857338663563 4.14492608370427 -0.563167630169572
v -1.7676216459321077 4.494219154613212 -0.14266498378669756
v -1.237291560042197 4.609003593662986 0.37509416152319347
v -1.7676216459321077 4.2501451528332295 -0.08855508030217185
v -1.237291560042197 4.364929591883003 0.4292040650077193
v -1.7676216459321077 4.494219154613212 -0.14266498378669756
v -1.2814857338663563 4.389000085484254 -0.6172775336540978
v -1.237291560042197 4.609003593662986 0.37509416152319347
v -0.7511556479764457 4.5037845245340264 -0.09951838834420668
v -1.237291560042197 4.364929591883003 0.4292040650077193
v -0.7511556479764456 4.259710522754044 -0.045408484859680964
v -1.7676216459321077 4.2501451528332295 -0.08855508030217185
v -1.2814857338663563 4.14492608370427 -0.563167630169572
v -1.237291560042197 4.609003593662986 0.37509416152319347
v -0.7511556479764457 4.5037845245340264 -0.09951838834420668
v -1.237291560042197 4.364929591883003 0.4292040650077193
v -0.7511556479764456 4.259710522754044 -0.045408484859680964
v -1.2814857338663563 4.389000085484254 -0.6172775336540978
v -1.7676216459321077 4.494219154613212 -0.14266498378669756
v -1.2814857338663563 4.14492608370427 -0.563167630169572
v -1.7676216459321077 4.2501451528332295 -0.08855508030217185
vt 0.38287353515625 0.25787353515625
vt 0.42962646484375 0.25787353515625
vt 0.38287353515625 0.27337646484375
vt 0.42962646484375 0.27337646484375
vt 0.47271728515625 0.25787353515625
vt 0.51947021484375 0.25787353515625
vt 0.47271728515625 0.27337646484375
vt 0.51947021484375 0.27337646484375
vt 0.4725951850414276 0.25775146484375
vt 0.4297485053539276 0.25775146484375
vt 0.4725951850414276 0.21099853515625
vt 0.4297485053539276 0.21099853515625
vt 0.51556396484375 0.21099853515625
vt 0.47271728515625 0.21099853515625
vt 0.51556396484375 0.25775146484375
vt 0.47271728515625 0.25775146484375
vt 0.51959228515625 0.25787353515625
vt 0.56243896484375 0.25787353515625
vt 0.51959228515625 0.27337646484375
vt 0.56243896484375 0.27337646484375
vt 0.4297485053539276 0.25787353515625
vt 0.4725951850414276 0.25787353515625
vt 0.4297485053539276 0.27337646484375
vt 0.4725951850414276 0.27337646484375
vn 0.7071067811865476 -0.15304591873303092 -0.6903455270798549
vn 0.7071067811865476 -0.15304591873303092 -0.6903455270798549
vn 0.7071067811865476 -0.15304591873303092 -0.6903455270798549
vn 0.7071067811865476 -0.15304591873303092 -0.6903455270798549
vn -0.7071067811865476 0.15304591873303092 0.6903455270798549
vn -0.7071067811865476 0.15304591873303092 0.6903455270798549
vn -0.7071067811865476 0.15304591873303092 0.6903455270798549
vn -0.7071067811865476 0.15304591873303092 0.6903455270798549
vn 0 0.9762960071199334 -0.21643961393810285
vn 0 0.9762960071199334 -0.21643961393810285
vn 0 0.9762960071199334 -0.21643961393810285
vn 0 0.9762960071199334 -0.21643961393810285
vn 0 -0.9762960071199334 0.21643961393810285
vn 0 -0.9762960071199334 0.21643961393810285
vn 0 -0.9762960071199334 0.21643961393810285
vn 0 -0.9762960071199334 0.21643961393810285
vn 0.7071067811865477 0.15304591873303094 0.6903455270798547
vn 0.7071067811865477 0.15304591873303094 0.6903455270798547
vn 0.7071067811865477 0.15304591873303094 0.6903455270798547
vn 0.7071067811865477 0.15304591873303094 0.6903455270798547
vn -0.7071067811865477 -0.15304591873303094 -0.6903455270798547
vn -0.7071067811865477 -0.15304591873303094 -0.6903455270798547
vn -0.7071067811865477 -0.15304591873303094 -0.6903455270798547
vn -0.7071067811865477 -0.15304591873303094 -0.6903455270798547
f 769/769/769 771/771/771 770/770/770
f 771/771/771 772/772/772 770/770/770
f 773/773/773 775/775/775 774/774/774
f 775/775/775 776/776/776 774/774/774
f 777/777/777 779/779/779 778/778/778
f 779/779/779 780/780/780 778/778/778
f 781/781/781 783/783/783 782/782/782
f 783/783/783 784/784/784 782/782/782
f 785/785/785 787/787/787 786/786/786
f 787/787/787 788/788/788 786/786/786
f 789/789/789 791/791/791 790/790/790
f 791/791/791 792/792/792 790/790/790
o b53_1
usemtl material11
v -0.7511114359323576 4.25970095351629 -0.045451648901790764
v -1.2814415218222681 4.144916514466517 -0.5632107942116819
v -0.7511114359323576 2.9172939437263814 0.25215282026310076
v -1.2814415218222681 2.8025095046766086 -0.2656063250467904
v -1.2814857338663561 4.14492608370427 -0.5631676301695722
v -0.7511556479764455 4.259710522754044 -0.045408484859681075
v -1.2814857338663561 2.802519073914362 -0.2655631610046807
v -0.7511556479764455 2.917303512964135 0.25219598430521045
v -1.2814857338663561 4.14492608370427 -0.5631676301695722
v -1.2814415218222681 4.144916514466517 -0.5632107942116819
v -0.7511556479764455 4.259710522754044 -0.045408484859681075
v -0.7511114359323576 4.25970095351629 -0.045451648901790764
v -0.7511556479764455 2.917303512964135 0.25219598430521045
v -0.7511114359323576 2.9172939437263814 0.25215282026310076
v -1.2814857338663561 2.802519073914362 -0.2655631610046807
v -1.2814415218222681 2.8025095046766086 -0.2656063250467904
v -0.7511556479764455 4.259710522754044 -0.045408484859681075
v -0.7511114359323576 4.25970095351629 -0.045451648901790764
v -0.7511556479764455 2.917303512964135 0.25219598430521045
v -0.7511114359323576 2.9172939437263814 0.25215282026310076
v -1.2814415218222681 4.144916514466517 -0.5632107942116819
v -1.2814857338663561 4.14492608370427 -0.5631676301695722
v -1.2814415218222681 2.8025095046766086 -0.2656063250467904
v -1.2814857338663561 2.802519073914362 -0.2655631610046807
vt 0.00006103515625 0.48443603515625
vt 0.04681396484375 0.48443603515625
vt 0.00006103515625 0.57025146484375
vt 0.04681396484375 0.57025146484375
vt 0.04693603515625 0.48443603515625
vt 0.09368896484375 0.48443603515625
vt 0.04693603515625 0.57025146484375
vt 0.09368896484375 0.57025146484375
vt 0.04693603515625 0.48431396484375
vt 0.04681396484375 0.48431396484375
vt 0.04693603515625 0.43756103515625
vt 0.04681396484375 0.43756103515625
vt 0.04693603515625 0.43756103515625
vt 0.04681396484375 0.43756103515625
vt 0.04693603515625 0.48431396484375
vt 0.04681396484375 0.48431396484375
vt 0.09381103515625 0.48443603515625
vt 0.09368896484375 0.48443603515625
vt 0.09381103515625 0.57025146484375
vt 0.09368896484375 0.57025146484375
vt 0.04693603515625 0.48443603515625
vt 0.04681396484375 0.48443603515625
vt 0.04693603515625 0.57025146484375
vt 0.04681396484375 0.57025146484375
vn 0.7071067811865476 -0.15304591873303092 -0.6903455270798549
vn 0.7071067811865476 -0.15304591873303092 -0.6903455270798549
vn 0.7071067811865476 -0.15304591873303092 -0.6903455270798549
vn 0.7071067811865476 -0.15304591873303092 -0.6903455270798549
vn -0.7071067811865476 0.15304591873303092 0.6903455270798549
vn -0.7071067811865476 0.15304591873303092 0.6903455270798549
vn -0.7071067811865476 0.15304591873303092 0.6903455270798549
vn -0.7071067811865476 0.15304591873303092 0.6903455270798549
vn 0 0.9762960071199334 -0.21643961393810285
vn 0 0.9762960071199334 -0.21643961393810285
vn 0 0.9762960071199334 -0.21643961393810285
vn 0 0.9762960071199334 -0.21643961393810285
vn 0 -0.9762960071199334 0.21643961393810285
vn 0 -0.9762960071199334 0.21643961393810285
vn 0 -0.9762960071199334 0.21643961393810285
vn 0 -0.9762960071199334 0.21643961393810285
vn 0.7071067811865477 0.15304591873303094 0.6903455270798547
vn 0.7071067811865477 0.15304591873303094 0.6903455270798547
vn 0.7071067811865477 0.15304591873303094 0.6903455270798547
vn 0.7071067811865477 0.15304591873303094 0.6903455270798547
vn -0.7071067811865477 -0.15304591873303094 -0.6903455270798547
vn -0.7071067811865477 -0.15304591873303094 -0.6903455270798547
vn -0.7071067811865477 -0.15304591873303094 -0.6903455270798547
vn -0.7071067811865477 -0.15304591873303094 -0.6903455270798547
f 793/793/793 795/795/795 794/794/794
f 795/795/795 796/796/796 794/794/794
f 797/797/797 799/799/799 798/798/798
f 799/799/799 800/800/800 798/798/798
f 801/801/801 803/803/803 802/802/802
f 803/803/803 804/804/804 802/802/802
f 805/805/805 807/807/807 806/806/806
f 807/807/807 808/808/808 806/806/806
f 809/809/809 811/811/811 810/810/810
f 811/811/811 812/812/812 810/810/810
f 813/813/813 815/815/815 814/814/814
f 815/815/815 816/816/816 814/814/814
o b55_1
usemtl material11
v -1.2372473901449572 4.364920031767496 0.4291609421134093
v -1.767577476034868 4.250135592717722 -0.08859820319648182
v -1.2372473901449572 3.0225130219775873 0.7267654112783006
v -1.767577476034868 2.907728582927814 0.2090062659684096
v -1.7676216459321075 4.250145152833229 -0.08855508030217196
v -1.237291560042197 4.364929591883002 0.4292040650077192
v -1.7676216459321075 2.9077381430433205 0.20904938886271945
v -1.237291560042197 3.0225225820930937 0.7268085341726105
v -1.7676216459321075 4.250145152833229 -0.08855508030217196
v -1.767577476034868 4.250135592717722 -0.08859820319648182
v -1.237291560042197 4.364929591883002 0.4292040650077192
v -1.2372473901449572 4.364920031767496 0.4291609421134093
v -1.237291560042197 3.0225225820930937 0.7268085341726105
v -1.2372473901449572 3.0225130219775873 0.7267654112783006
v -1.7676216459321075 2.9077381430433205 0.20904938886271945
v -1.767577476034868 2.907728582927814 0.2090062659684096
v -1.237291560042197 4.364929591883002 0.4292040650077192
v -1.2372473901449572 4.364920031767496 0.4291609421134093
v -1.237291560042197 3.0225225820930937 0.7268085341726105
v -1.2372473901449572 3.0225130219775873 0.7267654112783006
v -1.767577476034868 4.250135592717722 -0.08859820319648182
v -1.7676216459321075 4.250145152833229 -0.08855508030217196
v -1.767577476034868 2.907728582927814 0.2090062659684096
v -1.7676216459321075 2.9077381430433205 0.20904938886271945
vt 0.4297485053539276 0.42584228515625
vt 0.47650146484375 0.42584228515625
vt 0.4297485053539276 0.51165771484375
vt 0.47650146484375 0.51165771484375
vt 0.47662353515625 0.42584228515625
vt 0.52337646484375 0.42584228515625
vt 0.47662353515625 0.51165771484375
vt 0.52337646484375 0.51165771484375
vt 0.47662353515625 0.42572021484375
vt 0.47650146484375 0.42572021484375
vt 0.47662353515625 0.37896728515625
vt 0.47650146484375 0.37896728515625
vt 0.47662353515625 0.37896728515625
vt 0.47650146484375 0.37896728515625
vt 0.47662353515625 0.42572021484375
vt 0.47650146484375 0.42572021484375
vt 0.52349853515625 0.42584228515625
vt 0.52337646484375 0.42584228515625
vt 0.52349853515625 0.51165771484375
vt 0.52337646484375 0.51165771484375
vt 0.47662353515625 0.42584228515625
vt 0.47650146484375 0.42584228515625
vt 0.47662353515625 0.51165771484375
vt 0.47650146484375 0.51165771484375
vn 0.7071067811865476 -0.15304591873303092 -0.6903455270798549
vn 0.7071067811865476 -0.15304591873303092 -0.6903455270798549
vn 0.7071067811865476 -0.15304591873303092 -0.6903455270798549
vn 0.7071067811865476 -0.15304591873303092 -0.6903455270798549
vn -0.7071067811865476 0.15304591873303092 0.6903455270798549
vn -0.7071067811865476 0.15304591873303092 0.6903455270798549
vn -0.7071067811865476 0.15304591873303092 0.6903455270798549
vn -0.7071067811865476 0.15304591873303092 0.6903455270798549
vn 0 0.9762960071199334 -0.21643961393810285
vn 0 0.9762960071199334 -0.21643961393810285
vn 0 0.9762960071199334 -0.21643961393810285
vn 0 0.9762960071199334 -0.21643961393810285
vn 0 -0.9762960071199334 0.21643961393810285
vn 0 -0.9762960071199334 0.21643961393810285
vn 0 -0.9762960071199334 0.21643961393810285
vn 0 -0.9762960071199334 0.21643961393810285
vn 0.7071067811865477 0.15304591873303094 0.6903455270798547
vn 0.7071067811865477 0.15304591873303094 0.6903455270798547
vn 0.7071067811865477 0.15304591873303094 0.6903455270798547
vn 0.7071067811865477 0.15304591873303094 0.6903455270798547
vn -0.7071067811865477 -0.15304591873303094 -0.6903455270798547
vn -0.7071067811865477 -0.15304591873303094 -0.6903455270798547
vn -0.7071067811865477 -0.15304591873303094 -0.6903455270798547
vn -0.7071067811865477 -0.15304591873303094 -0.6903455270798547
f 817/817/817 819/819/819 818/818/818
f 819/819/819 820/820/820 818/818/818
f 821/821/821 823/823/823 822/822/822
f 823/823/823 824/824/824 822/822/822
f 825/825/825 827/827/827 826/826/826
f 827/827/827 828/828/828 826/826/826
f 829/829/829 831/831/831 830/830/830
f 831/831/831 832/832/832 830/830/830
f 833/833/833 835/835/835 834/834/834
f 835/835/835 836/836/836 834/834/834
f 837/837/837 839/839/839 838/838/838
f 839/839/839 840/840/840 838/838/838
o b56_1
usemtl material11
v -1.2814415218222681 4.144935652942024 -0.5631244661274625
v -1.2814857338663561 4.14492608370427 -0.5631676301695722
v -1.2814415218222681 2.8025286431521153 -0.265519996962571
v -1.2814857338663561 2.802519073914362 -0.2655631610046807
v -1.7676216459321075 4.250145152833229 -0.08855508030217196
v -1.7675774338880195 4.250154722070983 -0.08851191626006227
v -1.7676216459321075 2.9077381430433205 0.20904938886271945
v -1.7675774338880195 2.907747712281074 0.20909255290482914
v -1.7676216459321075 4.250145152833229 -0.08855508030217196
v -1.2814857338663561 4.14492608370427 -0.5631676301695722
v -1.7675774338880195 4.250154722070983 -0.08851191626006227
v -1.2814415218222681 4.144935652942024 -0.5631244661274625
v -1.7675774338880195 2.907747712281074 0.20909255290482914
v -1.2814415218222681 2.8025286431521153 -0.265519996962571
v -1.7676216459321075 2.9077381430433205 0.20904938886271945
v -1.2814857338663561 2.802519073914362 -0.2655631610046807
v -1.7675774338880195 4.250154722070983 -0.08851191626006227
v -1.2814415218222681 4.144935652942024 -0.5631244661274625
v -1.7675774338880195 2.907747712281074 0.20909255290482914
v -1.2814415218222681 2.8025286431521153 -0.265519996962571
v -1.2814857338663561 4.14492608370427 -0.5631676301695722
v -1.7676216459321075 4.250145152833229 -0.08855508030217196
v -1.2814857338663561 2.802519073914362 -0.2655631610046807
v -1.7676216459321075 2.9077381430433205 0.20904938886271945
vt 0.26568603515625 0.55084228515625
vt 0.26556396484375 0.55084228515625
vt 0.26568603515625 0.63665771484375
vt 0.26556396484375 0.63665771484375
vt 0.30865478515625 0.55084228515625
vt 0.30853271484375 0.55084228515625
vt 0.30865478515625 0.63665771484375
vt 0.30853271484375 0.63665771484375
vt 0.30853271484375 0.55084228515625
vt 0.26568603515625 0.55084228515625
vt 0.30853271484375 0.55072021484375
vt 0.26568603515625 0.55072021484375
vt 0.35150146484375 0.55084228515625
vt 0.30865478515625 0.55084228515625
vt 0.35150146484375 0.55072021484375
vt 0.30865478515625 0.55072021484375
vt 0.30865478515625 0.55084228515625
vt 0.35150146484375 0.55084228515625
vt 0.30865478515625 0.63665771484375
vt 0.35150146484375 0.63665771484375
vt 0.26568603515625 0.55084228515625
vt 0.30853271484375 0.55084228515625
vt 0.26568603515625 0.63665771484375
vt 0.30853271484375 0.63665771484375
vn 0.7071067811865476 -0.15304591873303092 -0.6903455270798549
vn 0.7071067811865476 -0.15304591873303092 -0.6903455270798549
vn 0.7071067811865476 -0.15304591873303092 -0.6903455270798549
vn 0.7071067811865476 -0.15304591873303092 -0.6903455270798549
vn -0.7071067811865476 0.15304591873303092 0.6903455270798549
vn -0.7071067811865476 0.15304591873303092 0.6903455270798549
vn -0.7071067811865476 0.15304591873303092 0.6903455270798549
vn -0.7071067811865476 0.15304591873303092 0.6903455270798549
vn 0 0.9762960071199334 -0.21643961393810285
vn 0 0.9762960071199334 -0.21643961393810285
vn 0 0.9762960071199334 -0.21643961393810285
vn 0 0.9762960071199334 -0.21643961393810285
vn 0 -0.9762960071199334 0.21643961393810285
vn 0 -0.9762960071199334 0.21643961393810285
vn 0 -0.9762960071199334 0.21643961393810285
vn 0 -0.9762960071199334 0.21643961393810285
vn 0.7071067811865477 0.15304591873303094 0.6903455270798547
vn 0.7071067811865477 0.15304591873303094 0.6903455270798547
vn 0.7071067811865477 0.15304591873303094 0.6903455270798547
vn 0.7071067811865477 0.15304591873303094 0.6903455270798547
vn -0.7071067811865477 -0.15304591873303094 -0.6903455270798547
vn -0.7071067811865477 -0.15304591873303094 -0.6903455270798547
vn -0.7071067811865477 -0.15304591873303094 -0.6903455270798547
vn -0.7071067811865477 -0.15304591873303094 -0.6903455270798547
f 841/841/841 843/843/843 842/842/842
f 843/843/843 844/844/844 842/842/842
f 845/845/845 847/847/847 846/846/846
f 847/847/847 848/848/848 846/846/846
f 849/849/849 851/851/851 850/850/850
f 851/851/851 852/852/852 850/850/850
f 853/853/853 855/855/855 854/854/854
f 855/855/855 856/856/856 854/854/854
f 857/857/857 859/859/859 858/858/858
f 859/859/859 860/860/860 858/858/858
f 861/861/861 863/863/863 862/862/862
f 863/863/863 864/864/864 862/862/862
o b54_1
usemtl material11
v -0.7511114359323576 4.259720091991797 -0.045365320817571386
v -0.7511556479764456 4.259710522754044 -0.04540848485968102
v -0.7511114359323576 2.917313082201889 0.2522391483473201
v -0.7511556479764456 2.917303512964135 0.2521959843052105
v -1.237291560042197 4.364929591883003 0.42920406500771924
v -1.237247347998109 4.364939161120756 0.4292472290498288
v -1.237291560042197 3.022522582093094 0.7268085341726106
v -1.237247347998109 3.022532151330848 0.7268516982147203
v -1.237291560042197 4.364929591883003 0.42920406500771924
v -0.7511556479764456 4.259710522754044 -0.04540848485968102
v -1.237247347998109 4.364939161120756 0.4292472290498288
v -0.7511114359323576 4.259720091991797 -0.045365320817571386
v -1.237247347998109 3.022532151330848 0.7268516982147203
v -0.7511114359323576 2.917313082201889 0.2522391483473201
v -1.237291560042197 3.022522582093094 0.7268085341726106
v -0.7511556479764456 2.917303512964135 0.2521959843052105
v -1.237247347998109 4.364939161120756 0.4292472290498288
v -0.7511114359323576 4.259720091991797 -0.045365320817571386
v -1.237247347998109 3.022532151330848 0.7268516982147203
v -0.7511114359323576 2.917313082201889 0.2522391483473201
v -0.7511556479764456 4.259710522754044 -0.04540848485968102
v -1.237291560042197 4.364929591883003 0.42920406500771924
v -0.7511556479764456 2.917303512964135 0.2521959843052105
v -1.237291560042197 3.022522582093094 0.7268085341726106
vt 0.17974853515625 0.55084228515625
vt 0.17962646484375 0.55084228515625
vt 0.17974853515625 0.63665771484375
vt 0.17962646484375 0.63665771484375
vt 0.2227173000574112 0.55084228515625
vt 0.22259521484375 0.55084228515625
vt 0.2227173000574112 0.63665771484375
vt 0.22259521484375 0.63665771484375
vt 0.22259521484375 0.55084228515625
vt 0.17974853515625 0.55084228515625
vt 0.22259521484375 0.55072021484375
vt 0.17974853515625 0.55072021484375
vt 0.26556396484375 0.55084228515625
vt 0.2227173000574112 0.55084228515625
vt 0.26556396484375 0.55072021484375
vt 0.2227173000574112 0.55072021484375
vt 0.2227173000574112 0.55084228515625
vt 0.26556396484375 0.55084228515625
vt 0.2227173000574112 0.63665771484375
vt 0.26556396484375 0.63665771484375
vt 0.17974853515625 0.55084228515625
vt 0.22259521484375 0.55084228515625
vt 0.17974853515625 0.63665771484375
vt 0.22259521484375 0.63665771484375
vn 0.7071067811865476 -0.15304591873303092 -0.6903455270798549
vn 0.7071067811865476 -0.15304591873303092 -0.6903455270798549
vn 0.7071067811865476 -0.15304591873303092 -0.6903455270798549
vn 0.7071067811865476 -0.15304591873303092 -0.6903455270798549
vn -0.7071067811865476 0.15304591873303092 0.6903455270798549
vn -0.7071067811865476 0.15304591873303092 0.6903455270798549
vn -0.7071067811865476 0.15304591873303092 0.6903455270798549
vn -0.7071067811865476 0.15304591873303092 0.6903455270798549
vn 0 0.9762960071199334 -0.21643961393810285
vn 0 0.9762960071199334 -0.21643961393810285
vn 0 0.9762960071199334 -0.21643961393810285
vn 0 0.9762960071199334 -0.21643961393810285
vn 0 -0.9762960071199334 0.21643961393810285
vn 0 -0.9762960071199334 0.21643961393810285
vn 0 -0.9762960071199334 0.21643961393810285
vn 0 -0.9762960071199334 0.21643961393810285
vn 0.7071067811865477 0.15304591873303094 0.6903455270798547
vn 0.7071067811865477 0.15304591873303094 0.6903455270798547
vn 0.7071067811865477 0.15304591873303094 0.6903455270798547
vn 0.7071067811865477 0.15304591873303094 0.6903455270798547
vn -0.7071067811865477 -0.15304591873303094 -0.6903455270798547
vn -0.7071067811865477 -0.15304591873303094 -0.6903455270798547
vn -0.7071067811865477 -0.15304591873303094 -0.6903455270798547
vn -0.7071067811865477 -0.15304591873303094 -0.6903455270798547
f 865/865/865 867/867/867 866/866/866
f 867/867/867 868/868/868 866/866/866
f 869/869/869 871/871/871 870/870/870
f 871/871/871 872/872/872 870/870/870
f 873/873/873 875/875/875 874/874/874
f 875/875/875 876/876/876 874/874/874
f 877/877/877 879/879/879 878/878/878
f 879/879/879 880/880/880 878/878/878
f 881/881/881 883/883/883 882/882/882
f 883/883/883 884/884/884 882/882/882
f 885/885/885 887/887/887 886/886/886
f 887/887/887 888/888/888 886/886/886
o rightarm1_1
usemtl material11
v -1.103138638524907 3.209496846852998 0.12637421664566478
v -1.103138638524907 3.1824418934981344 0.004337208481701049
v -1.103138638524907 1.8670898370630897 0.4239786858105562
v -1.103138638524907 1.840034883708226 0.30194167764659247
v -1.353138638524907 3.1824418934981344 0.004337208481701049
v -1.353138638524907 3.209496846852998 0.12637421664566478
v -1.353138638524907 1.840034883708226 0.30194167764659247
v -1.353138638524907 1.8670898370630897 0.4239786858105562
v -1.353138638524907 3.1824418934981344 0.004337208481701049
v -1.103138638524907 3.1824418934981344 0.004337208481701049
v -1.353138638524907 3.209496846852998 0.12637421664566478
v -1.103138638524907 3.209496846852998 0.12637421664566478
v -1.353138638524907 1.8670898370630897 0.4239786858105562
v -1.103138638524907 1.8670898370630897 0.4239786858105562
v -1.353138638524907 1.840034883708226 0.30194167764659247
v -1.103138638524907 1.840034883708226 0.30194167764659247
v -1.353138638524907 3.209496846852998 0.12637421664566478
v -1.103138638524907 3.209496846852998 0.12637421664566478
v -1.353138638524907 1.8670898370630897 0.4239786858105562
v -1.103138638524907 1.8670898370630897 0.4239786858105562
v -1.103138638524907 3.1824418934981344 0.004337208481701049
v -1.353138638524907 3.1824418934981344 0.004337208481701049
v -1.103138638524907 1.840034883708226 0.30194167764659247
v -1.353138638524907 1.840034883708226 0.30194167764659247
vt 0.60943603515625 0.35552978515625
vt 0.61712646484375 0.35552978515625
vt 0.60943603515625 0.44134521484375
vt 0.61712646484375 0.44134521484375
vt 0.63287353515625 0.35552978515625
vt 0.64056396484375 0.35552978515625
vt 0.63287353515625 0.44134521484375
vt 0.64056396484375 0.44134521484375
vt 0.63275146484375 0.35540771484375
vt 0.61724853515625 0.35540771484375
vt 0.63275146484375 0.34771728515625
vt 0.61724853515625 0.34771728515625
vt 0.64837646484375 0.34771728515625
vt 0.63287353515625 0.34771728515625
vt 0.64837646484375 0.35540771484375
vt 0.63287353515625 0.35540771484375
vt 0.64068603515625 0.35552978515625
vt 0.65618896484375 0.35552978515625
vt 0.64068603515625 0.44134521484375
vt 0.65618896484375 0.44134521484375
vt 0.61724853515625 0.35552978515625
vt 0.63275146484375 0.35552978515625
vt 0.61724853515625 0.44134521484375
vt 0.63275146484375 0.44134521484375
vn 1 2.559580613113476e-17 -1.2781820483090015e-17
vn 1 2.559580613113476e-17 -1.2781820483090015e-17
vn 1 2.559580613113476e-17 -1.2781820483090015e-17
vn 1 2.559580613113476e-17 -1.2781820483090015e-17
vn -1 -2.559580613113476e-17 1.2781820483090015e-17
vn -1 -2.559580613113476e-17 1.2781820483090015e-17
vn -1 -2.559580613113476e-17 1.2781820483090015e-17
vn -1 -2.559580613113476e-17 1.2781820483090015e-17
vn -3.754628794297839e-19 0.9762960071199334 -0.21643961393810282
vn -3.754628794297839e-19 0.9762960071199334 -0.21643961393810282
vn -3.754628794297839e-19 0.9762960071199334 -0.21643961393810282
vn -3.754628794297839e-19 0.9762960071199334 -0.21643961393810282
vn 3.754628794297839e-19 -0.9762960071199334 0.21643961393810282
vn 3.754628794297839e-19 -0.9762960071199334 0.21643961393810282
vn 3.754628794297839e-19 -0.9762960071199334 0.21643961393810282
vn 3.754628794297839e-19 -0.9762960071199334 0.21643961393810282
vn 1.6936036030533684e-18 0.21643961393810288 0.9762960071199334
vn 1.6936036030533684e-18 0.21643961393810288 0.9762960071199334
vn 1.6936036030533684e-18 0.21643961393810288 0.9762960071199334
vn 1.6936036030533684e-18 0.21643961393810288 0.9762960071199334
vn -1.6936036030533684e-18 -0.21643961393810288 -0.9762960071199334
vn -1.6936036030533684e-18 -0.21643961393810288 -0.9762960071199334
vn -1.6936036030533684e-18 -0.21643961393810288 -0.9762960071199334
vn -1.6936036030533684e-18 -0.21643961393810288 -0.9762960071199334
f 889/889/889 891/891/891 890/890/890
f 891/891/891 892/892/892 890/890/890
f 893/893/893 895/895/895 894/894/894
f 895/895/895 896/896/896 894/894/894
f 897/897/897 899/899/899 898/898/898
f 899/899/899 900/900/900 898/898/898
f 901/901/901 903/903/903 902/902/902
f 903/903/903 904/904/904 902/902/902
f 905/905/905 907/907/907 906/906/906
f 907/907/907 908/908/908 906/906/906
f 909/909/909 911/911/911 910/910/910
f 911/911/911 912/912/912 910/910/910
o rightarm1_2
usemtl material11
v -1.290638638524907 2.035120255592408 0.6043866341264847
v -1.290638638524907 1.9539554003656194 0.2382756314565098
v -1.290638638524907 1.9130832547024164 0.6314415858687477
v -1.290638638524907 1.8319183994756278 0.2653305831987727
v -1.415638638524907 1.9539554003656194 0.2382756314565098
v -1.415638638524907 2.035120255592408 0.6043866341264847
v -1.415638638524907 1.8319183994756278 0.2653305831987727
v -1.415638638524907 1.9130832547024164 0.6314415858687477
v -1.415638638524907 1.9539554003656194 0.2382756314565098
v -1.290638638524907 1.9539554003656194 0.2382756314565098
v -1.415638638524907 2.035120255592408 0.6043866341264847
v -1.290638638524907 2.035120255592408 0.6043866341264847
v -1.415638638524907 1.9130832547024164 0.6314415858687477
v -1.290638638524907 1.9130832547024164 0.6314415858687477
v -1.415638638524907 1.8319183994756278 0.2653305831987727
v -1.290638638524907 1.8319183994756278 0.2653305831987727
v -1.415638638524907 2.035120255592408 0.6043866341264847
v -1.290638638524907 2.035120255592408 0.6043866341264847
v -1.415638638524907 1.9130832547024164 0.6314415858687477
v -1.290638638524907 1.9130832547024164 0.6314415858687477
v -1.290638638524907 1.9539554003656194 0.2382756314565098
v -1.415638638524907 1.9539554003656194 0.2382756314565098
v -1.290638638524907 1.8319183994756278 0.2653305831987727
v -1.415638638524907 1.8319183994756278 0.2653305831987727
vt 0.68365478515625 0.17974853515625
vt 0.70697021484375 0.17974853515625
vt 0.68365478515625 0.18743896484375
vt 0.70697021484375 0.18743896484375
vt 0.71490478515625 0.17974853515625
vt 0.73822021484375 0.17974853515625
vt 0.71490478515625 0.18743896484375
vt 0.73822021484375 0.18743896484375
vt 0.71478271484375 0.17962646484375
vt 0.70709228515625 0.17962646484375
vt 0.71478271484375 0.15631103515625
vt 0.70709228515625 0.15631103515625
vt 0.72259521484375 0.15631103515625
vt 0.71490478515625 0.15631103515625
vt 0.72259521484375 0.17962646484375
vt 0.71490478515625 0.17962646484375
vt 0.73834228515625 0.17974853515625
vt 0.74603271484375 0.17974853515625
vt 0.73834228515625 0.18743896484375
vt 0.74603271484375 0.18743896484375
vt 0.70709228515625 0.17974853515625
vt 0.71478271484375 0.17974853515625
vt 0.70709228515625 0.18743896484375
vt 0.71478271484375 0.18743896484375
vn 1 2.559580613113476e-17 -1.2781820483090015e-17
vn 1 2.559580613113476e-17 -1.2781820483090015e-17
vn 1 2.559580613113476e-17 -1.2781820483090015e-17
vn 1 2.559580613113476e-17 -1.2781820483090015e-17
vn -1 -2.559580613113476e-17 1.2781820483090015e-17
vn -1 -2.559580613113476e-17 1.2781820483090015e-17
vn -1 -2.559580613113476e-17 1.2781820483090015e-17
vn -1 -2.559580613113476e-17 1.2781820483090015e-17
vn -3.754628794297839e-19 0.9762960071199334 -0.21643961393810282
vn -3.754628794297839e-19 0.9762960071199334 -0.21643961393810282
vn -3.754628794297839e-19 0.9762960071199334 -0.21643961393810282
vn -3.754628794297839e-19 0.9762960071199334 -0.21643961393810282
vn 3.754628794297839e-19 -0.9762960071199334 0.21643961393810282
vn 3.754628794297839e-19 -0.9762960071199334 0.21643961393810282
vn 3.754628794297839e-19 -0.9762960071199334 0.21643961393810282
vn 3.754628794297839e-19 -0.9762960071199334 0.21643961393810282
vn 1.6936036030533684e-18 0.21643961393810288 0.9762960071199334
vn 1.6936036030533684e-18 0.21643961393810288 0.9762960071199334
vn 1.6936036030533684e-18 0.21643961393810288 0.9762960071199334
vn 1.6936036030533684e-18 0.21643961393810288 0.9762960071199334
vn -1.6936036030533684e-18 -0.21643961393810288 -0.9762960071199334
vn -1.6936036030533684e-18 -0.21643961393810288 -0.9762960071199334
vn -1.6936036030533684e-18 -0.21643961393810288 -0.9762960071199334
vn -1.6936036030533684e-18 -0.21643961393810288 -0.9762960071199334
f 913/913/913 915/915/915 914/914/914
f 915/915/915 916/916/916 914/914/914
f 917/917/917 919/919/919 918/918/918
f 919/919/919 920/920/920 918/918/918
f 921/921/921 923/923/923 922/922/922
f 923/923/923 924/924/924 922/922/922
f 925/925/925 927/927/927 926/926/926
f 927/927/927 928/928/928 926/926/926
f 929/929/929 931/931/931 930/930/930
f 931/931/931 932/932/932 930/930/930
f 933/933/933 935/935/935 934/934/934
f 935/935/935 936/936/936 934/934/934
o rightarm1_3
usemtl material11
v -1.165638638524907 3.250079274466392 0.3094297179806523
v -1.165638638524907 3.2230243227241298 0.1873927170906606
v -1.165638638524907 1.907672264676484 0.6070341871455437
v -1.165638638524907 1.8806173129342212 0.48499718625555205
v -1.290638638524907 3.2230243227241298 0.1873927170906606
v -1.290638638524907 3.250079274466392 0.3094297179806523
v -1.290638638524907 1.8806173129342212 0.48499718625555205
v -1.290638638524907 1.907672264676484 0.6070341871455437
v -1.290638638524907 3.2230243227241298 0.1873927170906606
v -1.165638638524907 3.2230243227241298 0.1873927170906606
v -1.290638638524907 3.250079274466392 0.3094297179806523
v -1.165638638524907 3.250079274466392 0.3094297179806523
v -1.290638638524907 1.907672264676484 0.6070341871455437
v -1.165638638524907 1.907672264676484 0.6070341871455437
v -1.290638638524907 1.8806173129342212 0.48499718625555205
v -1.165638638524907 1.8806173129342212 0.48499718625555205
v -1.290638638524907 3.250079274466392 0.3094297179806523
v -1.165638638524907 3.250079274466392 0.3094297179806523
v -1.290638638524907 1.907672264676484 0.6070341871455437
v -1.165638638524907 1.907672264676484 0.6070341871455437
v -1.165638638524907 3.2230243227241298 0.1873927170906606
v -1.290638638524907 3.2230243227241298 0.1873927170906606
v -1.165638638524907 1.8806173129342212 0.48499718625555205
v -1.290638638524907 1.8806173129342212 0.48499718625555205
vt 0.10162353515625 0.63287353515625
vt 0.10931396484375 0.63287353515625
vt 0.10162353515625 0.71868896484375
vt 0.10931396484375 0.71868896484375
vt 0.11724853515625 0.63287353515625
vt 0.1249389573931694 0.63287353515625
vt 0.11724853515625 0.71868896484375
vt 0.1249389573931694 0.71868896484375
vt 0.11712646484375 0.63275146484375
vt 0.10943603515625 0.63275146484375
vt 0.11712646484375 0.62506103515625
vt 0.10943603515625 0.62506103515625
vt 0.1249389573931694 0.62506103515625
vt 0.11724853515625 0.62506103515625
vt 0.1249389573931694 0.63275146484375
vt 0.11724853515625 0.63275146484375
vt 0.12506103515625 0.63287353515625
vt 0.13275146484375 0.63287353515625
vt 0.12506103515625 0.71868896484375
vt 0.13275146484375 0.71868896484375
vt 0.10943603515625 0.63287353515625
vt 0.11712646484375 0.63287353515625
vt 0.10943603515625 0.71868896484375
vt 0.11712646484375 0.71868896484375
vn 1 2.559580613113476e-17 -1.2781820483090015e-17
vn 1 2.559580613113476e-17 -1.2781820483090015e-17
vn 1 2.559580613113476e-17 -1.2781820483090015e-17
vn 1 2.559580613113476e-17 -1.2781820483090015e-17
vn -1 -2.559580613113476e-17 1.2781820483090015e-17
vn -1 -2.559580613113476e-17 1.2781820483090015e-17
vn -1 -2.559580613113476e-17 1.2781820483090015e-17
vn -1 -2.559580613113476e-17 1.2781820483090015e-17
vn -3.754628794297839e-19 0.9762960071199334 -0.21643961393810282
vn -3.754628794297839e-19 0.9762960071199334 -0.21643961393810282
vn -3.754628794297839e-19 0.9762960071199334 -0.21643961393810282
vn -3.754628794297839e-19 0.9762960071199334 -0.21643961393810282
vn 3.754628794297839e-19 -0.9762960071199334 0.21643961393810282
vn 3.754628794297839e-19 -0.9762960071199334 0.21643961393810282
vn 3.754628794297839e-19 -0.9762960071199334 0.21643961393810282
vn 3.754628794297839e-19 -0.9762960071199334 0.21643961393810282
vn 1.6936036030533684e-18 0.21643961393810288 0.9762960071199334
vn 1.6936036030533684e-18 0.21643961393810288 0.9762960071199334
vn 1.6936036030533684e-18 0.21643961393810288 0.9762960071199334
vn 1.6936036030533684e-18 0.21643961393810288 0.9762960071199334
vn -1.6936036030533684e-18 -0.21643961393810288 -0.9762960071199334
vn -1.6936036030533684e-18 -0.21643961393810288 -0.9762960071199334
vn -1.6936036030533684e-18 -0.21643961393810288 -0.9762960071199334
vn -1.6936036030533684e-18 -0.21643961393810288 -0.9762960071199334
f 937/937/937 939/939/939 938/938/938
f 939/939/939 940/940/940 938/938/938
f 941/941/941 943/943/943 942/942/942
f 943/943/943 944/944/944 942/942/942
f 945/945/945 947/947/947 946/946/946
f 947/947/947 948/948/948 946/946/946
f 949/949/949 951/951/951 950/950/950
f 951/951/951 952/952/952 950/950/950
f 953/953/953 955/955/955 954/954/954
f 955/955/955 956/956/956 954/954/954
f 957/957/957 959/959/959 958/958/958
f 959/959/959 960/960/960 958/958/958
o rightarm1_4
usemtl material11
v -1.0781386623667648 3.3959442209958564 1.4294067143666265
v -1.0781386623667648 3.073990292682767 -0.022833607862629834
v -1.0781386623667648 2.614907440031415 1.602558400034266
v -1.0781386623667648 2.2929535117183257 0.15031807780500978
v -1.378138614683049 3.073990292682767 -0.022833607862629834
v -1.378138614683049 3.3959442209958564 1.4294067143666265
v -1.378138614683049 2.2929535117183257 0.15031807780500978
v -1.378138614683049 2.614907440031415 1.602558400034266
v -1.378138614683049 3.073990292682767 -0.022833607862629834
v -1.0781386623667648 3.073990292682767 -0.022833607862629834
v -1.378138614683049 3.3959442209958564 1.4294067143666265
v -1.0781386623667648 3.3959442209958564 1.4294067143666265
v -1.378138614683049 2.614907440031415 1.602558400034266
v -1.0781386623667648 2.614907440031415 1.602558400034266
v -1.378138614683049 2.2929535117183257 0.15031807780500978
v -1.0781386623667648 2.2929535117183257 0.15031807780500978
v -1.378138614683049 3.3959442209958564 1.4294067143666265
v -1.0781386623667648 3.3959442209958564 1.4294067143666265
v -1.378138614683049 2.614907440031415 1.602558400034266
v -1.0781386623667648 2.614907440031415 1.602558400034266
v -1.0781386623667648 3.073990292682767 -0.022833607862629834
v -1.378138614683049 3.073990292682767 -0.022833607862629834
v -1.0781386623667648 2.2929535117183257 0.15031807780500978
v -1.378138614683049 2.2929535117183257 0.15031807780500978
vt 0.13677978515625 0.14068603515625
vt 0.22650146484375 0.14068603515625
vt 0.13677978515625 0.18743896484375
vt 0.22650146484375 0.18743896484375
vt 0.2422485202550888 0.14068603515625
vt 0.33197021484375 0.14068603515625
vt 0.2422485202550888 0.18743896484375
vt 0.33197021484375 0.18743896484375
vt 0.24212646484375 0.14056396484375
vt 0.22662353515625 0.14056396484375
vt 0.24212646484375 0.05084228515625
vt 0.22662353515625 0.05084228515625
vt 0.25775146484375 0.05084228515625
vt 0.2422485202550888 0.05084228515625
vt 0.25775146484375 0.14056396484375
vt 0.2422485202550888 0.14056396484375
vt 0.33209228515625 0.14068603515625
vt 0.34759521484375 0.14068603515625
vt 0.33209228515625 0.18743896484375
vt 0.34759521484375 0.18743896484375
vt 0.22662353515625 0.14068603515625
vt 0.24212646484375 0.14068603515625
vt 0.22662353515625 0.18743896484375
vt 0.24212646484375 0.18743896484375
vn 1 2.559580613113476e-17 -1.2781820483090015e-17
vn 1 2.559580613113476e-17 -1.2781820483090015e-17
vn 1 2.559580613113476e-17 -1.2781820483090015e-17
vn 1 2.559580613113476e-17 -1.2781820483090015e-17
vn -1 -2.559580613113476e-17 1.2781820483090015e-17
vn -1 -2.559580613113476e-17 1.2781820483090015e-17
vn -1 -2.559580613113476e-17 1.2781820483090015e-17
vn -1 -2.559580613113476e-17 1.2781820483090015e-17
vn -3.754628794297839e-19 0.9762960071199334 -0.21643961393810282
vn -3.754628794297839e-19 0.9762960071199334 -0.21643961393810282
vn -3.754628794297839e-19 0.9762960071199334 -0.21643961393810282
vn -3.754628794297839e-19 0.9762960071199334 -0.21643961393810282
vn 3.754628794297839e-19 -0.9762960071199334 0.21643961393810282
vn 3.754628794297839e-19 -0.9762960071199334 0.21643961393810282
vn 3.754628794297839e-19 -0.9762960071199334 0.21643961393810282
vn 3.754628794297839e-19 -0.9762960071199334 0.21643961393810282
vn 1.6936036030533684e-18 0.21643961393810288 0.9762960071199334
vn 1.6936036030533684e-18 0.21643961393810288 0.9762960071199334
vn 1.6936036030533684e-18 0.21643961393810288 0.9762960071199334
vn 1.6936036030533684e-18 0.21643961393810288 0.9762960071199334
vn -1.6936036030533684e-18 -0.21643961393810288 -0.9762960071199334
vn -1.6936036030533684e-18 -0.21643961393810288 -0.9762960071199334
vn -1.6936036030533684e-18 -0.21643961393810288 -0.9762960071199334
vn -1.6936036030533684e-18 -0.21643961393810288 -0.9762960071199334
f 961/961/961 963/963/963 962/962/962
f 963/963/963 964/964/964 962/962/962
f 965/965/965 967/967/967 966/966/966
f 967/967/967 968/968/968 966/966/966
f 969/969/969 971/971/971 970/970/970
f 971/971/971 972/972/972 970/970/970
f 973/973/973 975/975/975 974/974/974
f 975/975/975 976/976/976 974/974/974
f 977/977/977 979/979/979 978/978/978
f 979/979/979 980/980/980 978/978/978
f 981/981/981 983/983/983 982/982/982
f 983/983/983 984/984/984 982/982/982
o rightarm2_1
usemtl material11
v -1.040638638524907 1.8927920408957193 0.5399138352012539
v -1.040638638524907 1.8522096132823251 0.3568583338662664
v -1.040638638524907 1.648718039115736 0.5940237386857796
v -1.040638638524907 1.6081356115023415 0.41096823735079213
v -1.415638638524907 1.8522096132823251 0.3568583338662664
v -1.415638638524907 1.8927920408957193 0.5399138352012539
v -1.415638638524907 1.6081356115023415 0.41096823735079213
v -1.415638638524907 1.648718039115736 0.5940237386857796
v -1.415638638524907 1.8522096132823251 0.3568583338662664
v -1.040638638524907 1.8522096132823251 0.3568583338662664
v -1.415638638524907 1.8927920408957193 0.5399138352012539
v -1.040638638524907 1.8927920408957193 0.5399138352012539
v -1.415638638524907 1.648718039115736 0.5940237386857796
v -1.040638638524907 1.648718039115736 0.5940237386857796
v -1.415638638524907 1.6081356115023415 0.41096823735079213
v -1.040638638524907 1.6081356115023415 0.41096823735079213
v -1.415638638524907 1.8927920408957193 0.5399138352012539
v -1.040638638524907 1.8927920408957193 0.5399138352012539
v -1.415638638524907 1.648718039115736 0.5940237386857796
v -1.040638638524907 1.648718039115736 0.5940237386857796
v -1.040638638524907 1.8522096132823251 0.3568583338662664
v -1.415638638524907 1.8522096132823251 0.3568583338662664
v -1.040638638524907 1.6081356115023415 0.41096823735079213
v -1.415638638524907 1.6081356115023415 0.41096823735079213
vt 0.66802978515625 0.05084228515625
vt 0.67962646484375 0.05084228515625
vt 0.66802978515625 0.06634521484375
vt 0.67962646484375 0.06634521484375
vt 0.70318603515625 0.05084228515625
vt 0.71478271484375 0.05084228515625
vt 0.70318603515625 0.06634521484375
vt 0.71478271484375 0.06634521484375
vt 0.70306396484375 0.05072021484375
vt 0.67974853515625 0.05072021484375
vt 0.70306396484375 0.03912353515625
vt 0.67974853515625 0.03912353515625
vt 0.72650146484375 0.03912353515625
vt 0.70318603515625 0.03912353515625
vt 0.72650146484375 0.05072021484375
vt 0.70318603515625 0.05072021484375
vt 0.71490478515625 0.05084228515625
vt 0.73822021484375 0.05084228515625
vt 0.71490478515625 0.06634521484375
vt 0.73822021484375 0.06634521484375
vt 0.67974853515625 0.05084228515625
vt 0.70306396484375 0.05084228515625
vt 0.67974853515625 0.06634521484375
vt 0.70306396484375 0.06634521484375
vn 1 2.559580613113476e-17 -1.2781820483090015e-17
vn 1 2.559580613113476e-17 -1.2781820483090015e-17
vn 1 2.559580613113476e-17 -1.2781820483090015e-17
vn 1 2.559580613113476e-17 -1.2781820483090015e-17
vn -1 -2.559580613113476e-17 1.2781820483090015e-17
vn -1 -2.559580613113476e-17 1.2781820483090015e-17
vn -1 -2.559580613113476e-17 1.2781820483090015e-17
vn -1 -2.559580613113476e-17 1.2781820483090015e-17
vn -3.754628794297839e-19 0.9762960071199334 -0.21643961393810282
vn -3.754628794297839e-19 0.9762960071199334 -0.21643961393810282
vn -3.754628794297839e-19 0.9762960071199334 -0.21643961393810282
vn -3.754628794297839e-19 0.9762960071199334 -0.21643961393810282
vn 3.754628794297839e-19 -0.9762960071199334 0.21643961393810282
vn 3.754628794297839e-19 -0.9762960071199334 0.21643961393810282
vn 3.754628794297839e-19 -0.9762960071199334 0.21643961393810282
vn 3.754628794297839e-19 -0.9762960071199334 0.21643961393810282
vn 1.6936036030533684e-18 0.21643961393810288 0.9762960071199334
vn 1.6936036030533684e-18 0.21643961393810288 0.9762960071199334
vn 1.6936036030533684e-18 0.21643961393810288 0.9762960071199334
vn 1.6936036030533684e-18 0.21643961393810288 0.9762960071199334
vn -1.6936036030533684e-18 -0.21643961393810288 -0.9762960071199334
vn -1.6936036030533684e-18 -0.21643961393810288 -0.9762960071199334
vn -1.6936036030533684e-18 -0.21643961393810288 -0.9762960071199334
vn -1.6936036030533684e-18 -0.21643961393810288 -0.9762960071199334
f 985/985/985 987/987/987 986/986/986
f 987/987/987 988/988/988 986/986/986
f 989/989/989 991/991/991 990/990/990
f 991/991/991 992/992/992 990/990/990
f 993/993/993 995/995/995 994/994/994
f 995/995/995 996/996/996 994/994/994
f 997/997/997 999/999/999 998/998/998
f 999/999/999 1000/1000/1000 998/998/998
f 1001/1001/1001 1003/1003/1003 1002/1002/1002
f 1003/1003/1003 1004/1004/1004 1002/1002/1002
f 1005/1005/1005 1007/1007/1007 1006/1006/1006
f 1007/1007/1007 1008/1008/1008 1006/1006/1006
o finger4_1
usemtl material11
v -1.1155225993111308 1.6932317200496874 0.5050992985178242
v -1.100985984336171 1.6063976534731765 0.41636637505163904
v -1.0698867695785212 1.521334489915457 0.6807942424314033
v -1.055350154603561 1.4345004233389462 0.5920613189652182
v -1.2230229852261627 1.5799840121143829 0.42222213836184846
v -1.2375596002011229 1.6668180786908935 0.5109550618280336
v -1.1773871554935527 1.4080867819801526 0.5979170822754276
v -1.1919237704685128 1.4949208485566634 0.6866500057416127
v -1.2230229852261627 1.5799840121143829 0.42222213836184846
v -1.100985984336171 1.6063976534731765 0.41636637505163904
v -1.2375596002011229 1.6668180786908935 0.5109550618280336
v -1.1155225993111308 1.6932317200496874 0.5050992985178242
v -1.1919237704685128 1.4949208485566634 0.6866500057416127
v -1.0698867695785212 1.521334489915457 0.6807942424314033
v -1.1773871554935527 1.4080867819801526 0.5979170822754276
v -1.055350154603561 1.4345004233389462 0.5920613189652182
v -1.2375596002011229 1.6668180786908935 0.5109550618280336
v -1.1155225993111308 1.6932317200496874 0.5050992985178242
v -1.1919237704685128 1.4949208485566634 0.6866500057416127
v -1.0698867695785212 1.521334489915457 0.6807942424314033
v -1.100985984336171 1.6063976534731765 0.41636637505163904
v -1.2230229852261627 1.5799840121143829 0.42222213836184846
v -1.055350154603561 1.4345004233389462 0.5920613189652182
v -1.1773871554935527 1.4080867819801526 0.5979170822754276
vt 0.03912353515625 0.68756103515625
vt 0.04681396484375 0.68756103515625
vt 0.03912353515625 0.70306396484375
vt 0.04681396484375 0.70306396484375
vt 0.05474853515625 0.68756103515625
vt 0.06243896484375 0.68756103515625
vt 0.05474853515625 0.70306396484375
vt 0.06243896484375 0.70306396484375
vt 0.05462646484375 0.68743896484375
vt 0.04693603515625 0.68743896484375
vt 0.05462646484375 0.67974853515625
vt 0.04693603515625 0.67974853515625
vt 0.06243896484375 0.67974853515625
vt 0.05474853515625 0.67974853515625
vt 0.06243896484375 0.68743896484375
vt 0.05474853515625 0.68743896484375
vt 0.06256103515625 0.68756103515625
vt 0.07025146484375 0.68756103515625
vt 0.06256103515625 0.70306396484375
vt 0.07025146484375 0.70306396484375
vt 0.04693603515625 0.68756103515625
vt 0.05462646484375 0.68756103515625
vt 0.04693603515625 0.70306396484375
vt 0.05462646484375 0.70306396484375
vn 0.9762960071199334 0.21130913087034975 -0.04684610648167506
vn 0.9762960071199334 0.21130913087034975 -0.04684610648167506
vn 0.9762960071199334 0.21130913087034975 -0.04684610648167506
vn 0.9762960071199334 0.21130913087034975 -0.04684610648167506
vn -0.9762960071199334 -0.21130913087034975 0.04684610648167506
vn -0.9762960071199334 -0.21130913087034975 0.04684610648167506
vn -0.9762960071199334 -0.21130913087034975 0.04684610648167506
vn -0.9762960071199334 -0.21130913087034975 0.04684610648167506
vn -0.18254331893043946 0.687588920536921 -0.7027797756543168
vn -0.18254331893043946 0.687588920536921 -0.7027797756543168
vn -0.18254331893043946 0.687588920536921 -0.7027797756543168
vn -0.18254331893043946 0.687588920536921 -0.7027797756543168
vn 0.18254331893043946 -0.687588920536921 0.7027797756543168
vn 0.18254331893043946 -0.687588920536921 0.7027797756543168
vn 0.18254331893043946 -0.687588920536921 0.7027797756543168
vn 0.18254331893043946 -0.687588920536921 0.7027797756543168
vn -0.11629291979968043 0.6946725326120855 0.7098633877294814
vn -0.11629291979968043 0.6946725326120855 0.7098633877294814
vn -0.11629291979968043 0.6946725326120855 0.7098633877294814
vn -0.11629291979968043 0.6946725326120855 0.7098633877294814
vn 0.11629291979968043 -0.6946725326120855 -0.7098633877294814
vn 0.11629291979968043 -0.6946725326120855 -0.7098633877294814
vn 0.11629291979968043 -0.6946725326120855 -0.7098633877294814
vn 0.11629291979968043 -0.6946725326120855 -0.7098633877294814
f 1009/1009/1009 1011/1011/1011 1010/1010/1010
f 1011/1011/1011 1012/1012/1012 1010/1010/1010
f 1013/1013/1013 1015/1015/1015 1014/1014/1014
f 1015/1015/1015 1016/1016/1016 1014/1014/1014
f 1017/1017/1017 1019/1019/1019 1018/1018/1018
f 1019/1019/1019 1020/1020/1020 1018/1018/1018
f 1021/1021/1021 1023/1023/1023 1022/1022/1022
f 1023/1023/1023 1024/1024/1024 1022/1022/1022
f 1025/1025/1025 1027/1027/1027 1026/1026/1026
f 1027/1027/1027 1028/1028/1028 1026/1026/1026
f 1029/1029/1029 1031/1031/1031 1030/1030/1030
f 1031/1031/1031 1032/1032/1032 1030/1030/1030
o finger3_1
usemtl material11
v -1.0780518122282436 1.5471181638574167 0.626933356328629
v -1.0526284737203204 1.425905865358293 0.6100149476661432
v -1.0595451352831282 1.5164653830551242 0.8743558895335408
v -1.0341217967752048 1.3952530845560003 0.857437480871055
v -1.1746654746103122 1.3994922239994994 0.6158707109763526
v -1.2000888131182355 1.520704522498623 0.6327891196388384
v -1.1561587976651966 1.3688394431972069 0.8632932441812644
v -1.1815821361731198 1.4900517416963304 0.8802116528437502
v -1.1746654746103122 1.3994922239994994 0.6158707109763526
v -1.0526284737203204 1.425905865358293 0.6100149476661432
v -1.2000888131182355 1.520704522498623 0.6327891196388384
v -1.0780518122282436 1.5471181638574167 0.626933356328629
v -1.1815821361731198 1.4900517416963304 0.8802116528437502
v -1.0595451352831282 1.5164653830551242 0.8743558895335408
v -1.1561587976651966 1.3688394431972069 0.8632932441812644
v -1.0341217967752048 1.3952530845560003 0.857437480871055
v -1.2000888131182355 1.520704522498623 0.6327891196388384
v -1.0780518122282436 1.5471181638574167 0.626933356328629
v -1.1815821361731198 1.4900517416963304 0.8802116528437502
v -1.0595451352831282 1.5164653830551242 0.8743558895335408
v -1.0526284737203204 1.425905865358293 0.6100149476661432
v -1.1746654746103122 1.3994922239994994 0.6158707109763526
v -1.0341217967752048 1.3952530845560003 0.857437480871055
v -1.1561587976651966 1.3688394431972069 0.8632932441812644
vt 0.52349853515625 0.64849853515625
vt 0.53118896484375 0.64849853515625
vt 0.52349853515625 0.66400146484375
vt 0.53118896484375 0.66400146484375
vt 0.53912353515625 0.64849853515625
vt 0.54681396484375 0.64849853515625
vt 0.53912353515625 0.66400146484375
vt 0.54681396484375 0.66400146484375
vt 0.53900146484375 0.64837646484375
vt 0.53131103515625 0.64837646484375
vt 0.53900146484375 0.64068603515625
vt 0.53131103515625 0.64068603515625
vt 0.54681396484375 0.64068603515625
vt 0.53912353515625 0.64068603515625
vt 0.54681396484375 0.64837646484375
vt 0.53912353515625 0.64837646484375
vt 0.54693603515625 0.64849853515625
vt 0.55462646484375 0.64849853515625
vt 0.54693603515625 0.66400146484375
vt 0.55462646484375 0.66400146484375
vt 0.53131103515625 0.64849853515625
vt 0.53900146484375 0.64849853515625
vt 0.53131103515625 0.66400146484375
vt 0.53900146484375 0.66400146484375
vn 0.9762960071199335 0.21130913087034975 -0.04684610648167506
vn 0.9762960071199335 0.21130913087034975 -0.04684610648167506
vn 0.9762960071199335 0.21130913087034975 -0.04684610648167506
vn 0.9762960071199335 0.21130913087034975 -0.04684610648167506
vn -0.9762960071199335 -0.21130913087034975 0.04684610648167506
vn -0.9762960071199335 -0.21130913087034975 0.04684610648167506
vn -0.9762960071199335 -0.21130913087034975 0.04684610648167506
vn -0.9762960071199335 -0.21130913087034975 0.04684610648167506
vn -0.07402670778046237 0.12261112320917059 -0.9896901328196477
vn -0.07402670778046237 0.12261112320917059 -0.9896901328196477
vn -0.07402670778046237 0.12261112320917059 -0.9896901328196477
vn -0.07402670778046237 0.12261112320917059 -0.9896901328196477
vn 0.07402670778046237 -0.12261112320917059 0.9896901328196477
vn 0.07402670778046237 -0.12261112320917059 0.9896901328196477
vn 0.07402670778046237 -0.12261112320917059 0.9896901328196477
vn 0.07402670778046237 -0.12261112320917059 0.9896901328196477
vn -0.20338670806338616 0.9696983879929899 0.13534726929988627
vn -0.20338670806338616 0.9696983879929899 0.13534726929988627
vn -0.20338670806338616 0.9696983879929899 0.13534726929988627
vn -0.20338670806338616 0.9696983879929899 0.13534726929988627
vn 0.20338670806338616 -0.9696983879929899 -0.13534726929988627
vn 0.20338670806338616 -0.9696983879929899 -0.13534726929988627
vn 0.20338670806338616 -0.9696983879929899 -0.13534726929988627
vn 0.20338670806338616 -0.9696983879929899 -0.13534726929988627
f 1033/1033/1033 1035/1035/1035 1034/1034/1034
f 1035/1035/1035 1036/1036/1036 1034/1034/1034
f 1037/1037/1037 1039/1039/1039 1038/1038/1038
f 1039/1039/1039 1040/1040/1040 1038/1038/1038
f 1041/1041/1041 1043/1043/1043 1042/1042/1042
f 1043/1043/1043 1044/1044/1044 1042/1042/1042
f 1045/1045/1045 1047/1047/1047 1046/1046/1046
f 1047/1047/1047 1048/1048/1048 1046/1046/1046
f 1049/1049/1049 1051/1051/1051 1050/1050/1050
f 1051/1051/1051 1052/1052/1052 1050/1050/1050
f 1053/1053/1053 1055/1055/1055 1054/1054/1054
f 1055/1055/1055 1056/1056/1056 1054/1054/1054
o finger2_1
usemtl material11
v -1.0052824605707564 1.7023705635520008 0.5030732656906323
v -0.9768983822565697 1.620125654855994 0.41332295041631356
v -0.916174303871652 1.544880403290054 0.6755742391092023
v -0.8877902255574653 1.4626354945940472 0.5858239238348837
v -1.090186855636151 1.5685505896718173 0.42475686709310717
v -1.1185709339503376 1.6507954983678244 0.5145071823674259
v -1.0010786989370466 1.4110604294098708 0.5972578405116773
v -1.0294627772512333 1.4933053381058776 0.6870081557859959
v -1.090186855636151 1.5685505896718173 0.42475686709310717
v -0.9768983822565697 1.620125654855994 0.41332295041631356
v -1.1185709339503376 1.6507954983678244 0.5145071823674259
v -1.0052824605707564 1.7023705635520008 0.5030732656906323
v -1.0294627772512333 1.4933053381058776 0.6870081557859959
v -0.916174303871652 1.544880403290054 0.6755742391092023
v -1.0010786989370466 1.4110604294098708 0.5972578405116773
v -0.8877902255574653 1.4626354945940472 0.5858239238348837
v -1.1185709339503376 1.6507954983678244 0.5145071823674259
v -1.0052824605707564 1.7023705635520008 0.5030732656906323
v -1.0294627772512333 1.4933053381058776 0.6870081557859959
v -0.916174303871652 1.544880403290054 0.6755742391092023
v -0.9768983822565697 1.620125654855994 0.41332295041631356
v -1.090186855636151 1.5685505896718173 0.42475686709310717
v -0.8877902255574653 1.4626354945940472 0.5858239238348837
v -1.0010786989370466 1.4110604294098708 0.5972578405116773
vt 0.35162353515625 0.58209228515625
vt 0.35931396484375 0.58209228515625
vt 0.35162353515625 0.59759521484375
vt 0.35931396484375 0.59759521484375
vt 0.36724853515625 0.58209228515625
vt 0.37493896484375 0.58209228515625
vt 0.36724853515625 0.59759521484375
vt 0.37493896484375 0.59759521484375
vt 0.36712646484375 0.58197021484375
vt 0.35943603515625 0.58197021484375
vt 0.36712646484375 0.57427978515625
vt 0.35943603515625 0.57427978515625
vt 0.37493896484375 0.57427978515625
vt 0.36724853515625 0.57427978515625
vt 0.37493896484375 0.58197021484375
vt 0.36724853515625 0.58197021484375
vt 0.37506103515625 0.58209228515625
vt 0.38275146484375 0.58209228515625
vt 0.37506103515625 0.59759521484375
vt 0.38275146484375 0.59759521484375
vt 0.35943603515625 0.58209228515625
vt 0.36712646484375 0.58209228515625
vt 0.35943603515625 0.59759521484375
vt 0.36712646484375 0.59759521484375
vn 0.9063077870366499 0.41260052147341175 -0.09147133341434907
vn 0.9063077870366499 0.41260052147341175 -0.09147133341434907
vn 0.9063077870366499 0.41260052147341175 -0.09147133341434907
vn 0.9063077870366499 0.41260052147341175 -0.09147133341434907
vn -0.9063077870366499 -0.41260052147341175 0.09147133341434907
vn -0.9063077870366499 -0.41260052147341175 0.09147133341434907
vn -0.9063077870366499 -0.41260052147341175 0.09147133341434907
vn -0.9063077870366499 -0.41260052147341175 0.09147133341434907
vn -0.35643262679641713 0.6299606410477872 -0.6900038936742799
vn -0.35643262679641713 0.6299606410477872 -0.6900038936742799
vn -0.35643262679641713 0.6299606410477872 -0.6900038936742799
vn -0.35643262679641713 0.6299606410477872 -0.6900038936742799
vn 0.35643262679641713 -0.6299606410477872 0.6900038936742799
vn 0.35643262679641713 -0.6299606410477872 0.6900038936742799
vn 0.35643262679641713 -0.6299606410477872 0.6900038936742799
vn 0.35643262679641713 -0.6299606410477872 0.6900038936742799
vn -0.2270726265134933 0.6579592695680561 0.718002522194549
vn -0.2270726265134933 0.6579592695680561 0.718002522194549
vn -0.2270726265134933 0.6579592695680561 0.718002522194549
vn -0.2270726265134933 0.6579592695680561 0.718002522194549
vn 0.2270726265134933 -0.6579592695680561 -0.718002522194549
vn 0.2270726265134933 -0.6579592695680561 -0.718002522194549
vn 0.2270726265134933 -0.6579592695680561 -0.718002522194549
vn 0.2270726265134933 -0.6579592695680561 -0.718002522194549
f 1057/1057/1057 1059/1059/1059 1058/1058/1058
f 1059/1059/1059 1060/1060/1060 1058/1058/1058
f 1061/1061/1061 1063/1063/1063 1062/1062/1062
f 1063/1063/1063 1064/1064/1064 1062/1062/1062
f 1065/1065/1065 1067/1067/1067 1066/1066/1066
f 1067/1067/1067 1068/1068/1068 1066/1066/1066
f 1069/1069/1069 1071/1071/1071 1070/1070/1070
f 1071/1071/1071 1072/1072/1072 1070/1070/1070
f 1073/1073/1073 1075/1075/1075 1074/1074/1074
f 1075/1075/1075 1076/1076/1076 1074/1074/1074
f 1077/1077/1077 1079/1079/1079 1078/1078/1078
f 1079/1079/1079 1080/1080/1080 1078/1078/1078
o finger1_1
usemtl material11
v -0.932117300945428 1.568086402175946 0.6222848098083859
v -0.8824758931995401 1.4549001616320836 0.6035870669351556
v -0.8959813113322783 1.5432761137620745 0.8684120936342529
v -0.8463399035863904 1.4300898732182121 0.8497143507610226
v -0.9957643665791215 1.4033250964479071 0.6150209836119492
v -1.0454057743250094 1.5165113369917695 0.6337187264851795
v -0.9596283769659717 1.3785148080340355 0.8611482674378163
v -1.0092697847118597 1.4917010485778979 0.8798460103110465
v -0.9957643665791215 1.4033250964479071 0.6150209836119492
v -0.8824758931995401 1.4549001616320836 0.6035870669351556
v -1.0454057743250094 1.5165113369917695 0.6337187264851795
v -0.932117300945428 1.568086402175946 0.6222848098083859
v -1.0092697847118597 1.4917010485778979 0.8798460103110465
v -0.8959813113322783 1.5432761137620745 0.8684120936342529
v -0.9596283769659717 1.3785148080340355 0.8611482674378163
v -0.8463399035863904 1.4300898732182121 0.8497143507610226
v -1.0454057743250094 1.5165113369917695 0.6337187264851795
v -0.932117300945428 1.568086402175946 0.6222848098083859
v -1.0092697847118597 1.4917010485778979 0.8798460103110465
v -0.8959813113322783 1.5432761137620745 0.8684120936342529
v -0.8824758931995401 1.4549001616320836 0.6035870669351556
v -0.9957643665791215 1.4033250964479071 0.6150209836119492
v -0.8463399035863904 1.4300898732182121 0.8497143507610226
v -0.9596283769659717 1.3785148080340355 0.8611482674378163
vt 0.57427978515625 0.10943603515625
vt 0.58197021484375 0.10943603515625
vt 0.57427978515625 0.12493896484375
vt 0.58197021484375 0.12493896484375
vt 0.58990478515625 0.10943603515625
vt 0.59759521484375 0.10943603515625
vt 0.58990478515625 0.12493896484375
vt 0.59759521484375 0.12493896484375
vt 0.58978271484375 0.10931396484375
vt 0.58209228515625 0.10931396484375
vt 0.58978271484375 0.10162353515625
vt 0.58209228515625 0.10162353515625
vt 0.59759521484375 0.10162353515625
vt 0.58990478515625 0.10162353515625
vt 0.59759521484375 0.10931396484375
vt 0.58990478515625 0.10931396484375
vt 0.59771728515625 0.10943603515625
vt 0.60540771484375 0.10943603515625
vt 0.59771728515625 0.12493896484375
vt 0.60540771484375 0.12493896484375
vt 0.58209228515625 0.10943603515625
vt 0.58978271484375 0.10943603515625
vt 0.58209228515625 0.12493896484375
vt 0.58978271484375 0.12493896484375
vn 0.9063077870366499 0.4126005214734118 -0.09147133341434904
vn 0.9063077870366499 0.4126005214734118 -0.09147133341434904
vn 0.9063077870366499 0.4126005214734118 -0.09147133341434904
vn 0.9063077870366499 0.4126005214734118 -0.09147133341434904
vn -0.9063077870366499 -0.4126005214734118 0.09147133341434904
vn -0.9063077870366499 -0.4126005214734118 0.09147133341434904
vn -0.9063077870366499 -0.4126005214734118 0.09147133341434904
vn -0.9063077870366499 -0.4126005214734118 0.09147133341434904
vn -0.14454395845259904 0.09924115365548589 -0.9845091353034677
vn -0.14454395845259904 0.09924115365548589 -0.9845091353034677
vn -0.14454395845259904 0.09924115365548589 -0.9845091353034677
vn -0.14454395845259904 0.09924115365548589 -0.9845091353034677
vn 0.14454395845259904 -0.09924115365548589 0.9845091353034677
vn 0.14454395845259904 -0.09924115365548589 0.9845091353034677
vn 0.14454395845259904 -0.09924115365548589 0.9845091353034677
vn 0.14454395845259904 -0.09924115365548589 0.9845091353034677
vn -0.39713126196710286 0.905489924350899 0.14958194298584115
vn -0.39713126196710286 0.905489924350899 0.14958194298584115
vn -0.39713126196710286 0.905489924350899 0.14958194298584115
vn -0.39713126196710286 0.905489924350899 0.14958194298584115
vn 0.39713126196710286 -0.905489924350899 -0.14958194298584115
vn 0.39713126196710286 -0.905489924350899 -0.14958194298584115
vn 0.39713126196710286 -0.905489924350899 -0.14958194298584115
vn 0.39713126196710286 -0.905489924350899 -0.14958194298584115
f 1081/1081/1081 1083/1083/1083 1082/1082/1082
f 1083/1083/1083 1084/1084/1084 1082/1082/1082
f 1085/1085/1085 1087/1087/1087 1086/1086/1086
f 1087/1087/1087 1088/1088/1088 1086/1086/1086
f 1089/1089/1089 1091/1091/1091 1090/1090/1090
f 1091/1091/1091 1092/1092/1092 1090/1090/1090
f 1093/1093/1093 1095/1095/1095 1094/1094/1094
f 1095/1095/1095 1096/1096/1096 1094/1094/1094
f 1097/1097/1097 1099/1099/1099 1098/1098/1098
f 1099/1099/1099 1100/1100/1100 1098/1098/1098
f 1101/1101/1101 1103/1103/1103 1102/1102/1102
f 1103/1103/1103 1104/1104/1104 1102/1102/1102
o finger0_1
usemtl material11
v -0.8531386385249069 1.8182460645795921 0.49242281062738946
v -0.8531386385249069 1.7911911128373292 0.3703858097373978
v -0.8531386385249069 1.6962090636896003 0.5194777623696524
v -0.8531386385249069 1.6691541119473374 0.3974407614796607
v -1.040638638524907 1.7911911128373292 0.3703858097373978
v -1.040638638524907 1.8182460645795921 0.49242281062738946
v -1.040638638524907 1.6691541119473374 0.3974407614796607
v -1.040638638524907 1.6962090636896003 0.5194777623696524
v -1.040638638524907 1.7911911128373292 0.3703858097373978
v -0.8531386385249069 1.7911911128373292 0.3703858097373978
v -1.040638638524907 1.8182460645795921 0.49242281062738946
v -0.8531386385249069 1.8182460645795921 0.49242281062738946
v -1.040638638524907 1.6962090636896003 0.5194777623696524
v -0.8531386385249069 1.6962090636896003 0.5194777623696524
v -1.040638638524907 1.6691541119473374 0.3974407614796607
v -0.8531386385249069 1.6691541119473374 0.3974407614796607
v -1.040638638524907 1.8182460645795921 0.49242281062738946
v -0.8531386385249069 1.8182460645795921 0.49242281062738946
v -1.040638638524907 1.6962090636896003 0.5194777623696524
v -0.8531386385249069 1.6962090636896003 0.5194777623696524
v -0.8531386385249069 1.7911911128373292 0.3703858097373978
v -1.040638638524907 1.7911911128373292 0.3703858097373978
v -0.8531386385249069 1.6691541119473374 0.3974407614796607
v -1.040638638524907 1.6691541119473374 0.3974407614796607
vt 0.57037353515625 0.27740478515625
vt 0.57806396484375 0.27740478515625
vt 0.57037353515625 0.28509521484375
vt 0.57806396484375 0.28509521484375
vt 0.58990478515625 0.27740478515625
vt 0.59759521484375 0.27740478515625
vt 0.58990478515625 0.28509521484375
vt 0.59759521484375 0.28509521484375
vt 0.58978271484375 0.27728271484375
vt 0.57818603515625 0.27728271484375
vt 0.58978271484375 0.26959228515625
vt 0.57818603515625 0.26959228515625
vt 0.60150146484375 0.26959228515625
vt 0.58990478515625 0.26959228515625
vt 0.60150146484375 0.27728271484375
vt 0.58990478515625 0.27728271484375
vt 0.59771728515625 0.27740478515625
vt 0.60931396484375 0.27740478515625
vt 0.59771728515625 0.28509521484375
vt 0.60931396484375 0.28509521484375
vt 0.57818603515625 0.27740478515625
vt 0.58978271484375 0.27740478515625
vt 0.57818603515625 0.28509521484375
vt 0.58978271484375 0.28509521484375
vn 1 2.559580613113476e-17 -1.2781820483090015e-17
vn 1 2.559580613113476e-17 -1.2781820483090015e-17
vn 1 2.559580613113476e-17 -1.2781820483090015e-17
vn 1 2.559580613113476e-17 -1.2781820483090015e-17
vn -1 -2.559580613113476e-17 1.2781820483090015e-17
vn -1 -2.559580613113476e-17 1.2781820483090015e-17
vn -1 -2.559580613113476e-17 1.2781820483090015e-17
vn -1 -2.559580613113476e-17 1.2781820483090015e-17
vn -3.754628794297839e-19 0.9762960071199334 -0.21643961393810282
vn -3.754628794297839e-19 0.9762960071199334 -0.21643961393810282
vn -3.754628794297839e-19 0.9762960071199334 -0.21643961393810282
vn -3.754628794297839e-19 0.9762960071199334 -0.21643961393810282
vn 3.754628794297839e-19 -0.9762960071199334 0.21643961393810282
vn 3.754628794297839e-19 -0.9762960071199334 0.21643961393810282
vn 3.754628794297839e-19 -0.9762960071199334 0.21643961393810282
vn 3.754628794297839e-19 -0.9762960071199334 0.21643961393810282
vn 1.6936036030533684e-18 0.21643961393810288 0.9762960071199334
vn 1.6936036030533684e-18 0.21643961393810288 0.9762960071199334
vn 1.6936036030533684e-18 0.21643961393810288 0.9762960071199334
vn 1.6936036030533684e-18 0.21643961393810288 0.9762960071199334
vn -1.6936036030533684e-18 -0.21643961393810288 -0.9762960071199334
vn -1.6936036030533684e-18 -0.21643961393810288 -0.9762960071199334
vn -1.6936036030533684e-18 -0.21643961393810288 -0.9762960071199334
vn -1.6936036030533684e-18 -0.21643961393810288 -0.9762960071199334
f 1105/1105/1105 1107/1107/1107 1106/1106/1106
f 1107/1107/1107 1108/1108/1108 1106/1106/1106
f 1109/1109/1109 1111/1111/1111 1110/1110/1110
f 1111/1111/1111 1112/1112/1112 1110/1110/1110
f 1113/1113/1113 1115/1115/1115 1114/1114/1114
f 1115/1115/1115 1116/1116/1116 1114/1114/1114
f 1117/1117/1117 1119/1119/1119 1118/1118/1118
f 1119/1119/1119 1120/1120/1120 1118/1118/1118
f 1121/1121/1121 1123/1123/1123 1122/1122/1122
f 1123/1123/1123 1124/1124/1124 1122/1122/1122
f 1125/1125/1125 1127/1127/1127 1126/1126/1126
f 1127/1127/1127 1128/1128/1128 1126/1126/1126
o finger9_1
usemtl material11
v -0.7868473777886681 1.84099901541656 0.5950547394511049
v -0.6984590301403497 1.8218682755749314 0.508761548566123
v -0.7868473777886681 1.7189620145265685 0.6221096911933677
v -0.6984590301403497 1.6998312746849398 0.5358165003083859
v -0.8310415516128273 1.793172165812488 0.37932176223865033
v -0.9194298992611457 1.812302905654117 0.4656149531236321
v -0.8310415516128273 1.6711351649224964 0.40637671398091313
v -0.9194298992611457 1.690265904764125 0.49266990486589496
v -0.8310415516128273 1.793172165812488 0.37932176223865033
v -0.6984590301403497 1.8218682755749314 0.508761548566123
v -0.9194298992611457 1.812302905654117 0.4656149531236321
v -0.7868473777886681 1.84099901541656 0.5950547394511049
v -0.9194298992611457 1.690265904764125 0.49266990486589496
v -0.7868473777886681 1.7189620145265685 0.6221096911933677
v -0.8310415516128273 1.6711351649224964 0.40637671398091313
v -0.6984590301403497 1.6998312746849398 0.5358165003083859
v -0.9194298992611457 1.812302905654117 0.4656149531236321
v -0.7868473777886681 1.84099901541656 0.5950547394511049
v -0.9194298992611457 1.690265904764125 0.49266990486589496
v -0.7868473777886681 1.7189620145265685 0.6221096911933677
v -0.6984590301403497 1.8218682755749314 0.508761548566123
v -0.8310415516128273 1.793172165812488 0.37932176223865033
v -0.6984590301403497 1.6998312746849398 0.5358165003083859
v -0.8310415516128273 1.6711351649224964 0.40637671398091313
vt 0.46099853515625 0.08990478515625
vt 0.46868896484375 0.08990478515625
vt 0.46099853515625 0.09759521484375
vt 0.46868896484375 0.09759521484375
vt 0.4805297553539276 0.08990478515625
vt 0.48822021484375 0.08990478515625
vt 0.4805297553539276 0.09759521484375
vt 0.48822021484375 0.09759521484375
vt 0.48040771484375 0.08978271484375
vt 0.4688110053539276 0.08978271484375
vt 0.48040771484375 0.08209228515625
vt 0.4688110053539276 0.08209228515625
vt 0.49212646484375 0.08209228515625
vt 0.4805297553539276 0.08209228515625
vt 0.49212646484375 0.08978271484375
vt 0.4805297553539276 0.08978271484375
vt 0.48834228515625 0.08990478515625
vt 0.49993896484375 0.08990478515625
vt 0.48834228515625 0.09759521484375
vt 0.49993896484375 0.09759521484375
vt 0.4688110053539276 0.08990478515625
vt 0.48040771484375 0.08990478515625
vt 0.4688110053539276 0.09759521484375
vt 0.48040771484375 0.09759521484375
vn 0.7071067811865476 0.15304591873303097 0.6903455270798549
vn 0.7071067811865476 0.15304591873303097 0.6903455270798549
vn 0.7071067811865476 0.15304591873303097 0.6903455270798549
vn 0.7071067811865476 0.15304591873303097 0.6903455270798549
vn -0.7071067811865476 -0.15304591873303097 -0.6903455270798549
vn -0.7071067811865476 -0.15304591873303097 -0.6903455270798549
vn -0.7071067811865476 -0.15304591873303097 -0.6903455270798549
vn -0.7071067811865476 -0.15304591873303097 -0.6903455270798549
vn 0 0.9762960071199334 -0.21643961393810285
vn 0 0.9762960071199334 -0.21643961393810285
vn 0 0.9762960071199334 -0.21643961393810285
vn 0 0.9762960071199334 -0.21643961393810285
vn 0 -0.9762960071199334 0.21643961393810285
vn 0 -0.9762960071199334 0.21643961393810285
vn 0 -0.9762960071199334 0.21643961393810285
vn 0 -0.9762960071199334 0.21643961393810285
vn -0.7071067811865477 0.1530459187330309 0.6903455270798547
vn -0.7071067811865477 0.1530459187330309 0.6903455270798547
vn -0.7071067811865477 0.1530459187330309 0.6903455270798547
vn -0.7071067811865477 0.1530459187330309 0.6903455270798547
vn 0.7071067811865477 -0.1530459187330309 -0.6903455270798547
vn 0.7071067811865477 -0.1530459187330309 -0.6903455270798547
vn 0.7071067811865477 -0.1530459187330309 -0.6903455270798547
vn 0.7071067811865477 -0.1530459187330309 -0.6903455270798547
f 1129/1129/1129 1131/1131/1131 1130/1130/1130
f 1131/1131/1131 1132/1132/1132 1130/1130/1130
f 1133/1133/1133 1135/1135/1135 1134/1134/1134
f 1135/1135/1135 1136/1136/1136 1134/1134/1134
f 1137/1137/1137 1139/1139/1139 1138/1138/1138
f 1139/1139/1139 1140/1140/1140 1138/1138/1138
f 1141/1141/1141 1143/1143/1143 1142/1142/1142
f 1143/1143/1143 1144/1144/1144 1142/1142/1142
f 1145/1145/1145 1147/1147/1147 1146/1146/1146
f 1147/1147/1147 1148/1148/1148 1146/1146/1146
f 1149/1149/1149 1151/1151/1151 1150/1150/1150
f 1151/1151/1151 1152/1152/1152 1150/1150/1150
o finger5_1
usemtl material11
v -1.228138638524907 1.681190610174146 0.5077687483095288
v -1.228138638524907 1.5928022625258276 0.4193804006612104
v -1.228138638524907 1.5044139148775093 0.6845454436061658
v -1.228138638524907 1.4160255672291908 0.5961570959578473
v -1.353138638524907 1.5928022625258276 0.4193804006612104
v -1.353138638524907 1.681190610174146 0.5077687483095288
v -1.353138638524907 1.4160255672291908 0.5961570959578473
v -1.353138638524907 1.5044139148775093 0.6845454436061658
v -1.353138638524907 1.5928022625258276 0.4193804006612104
v -1.228138638524907 1.5928022625258276 0.4193804006612104
v -1.353138638524907 1.681190610174146 0.5077687483095288
v -1.228138638524907 1.681190610174146 0.5077687483095288
v -1.353138638524907 1.5044139148775093 0.6845454436061658
v -1.228138638524907 1.5044139148775093 0.6845454436061658
v -1.353138638524907 1.4160255672291908 0.5961570959578473
v -1.228138638524907 1.4160255672291908 0.5961570959578473
v -1.353138638524907 1.681190610174146 0.5077687483095288
v -1.228138638524907 1.681190610174146 0.5077687483095288
v -1.353138638524907 1.5044139148775093 0.6845454436061658
v -1.228138638524907 1.5044139148775093 0.6845454436061658
v -1.228138638524907 1.5928022625258276 0.4193804006612104
v -1.353138638524907 1.5928022625258276 0.4193804006612104
v -1.228138638524907 1.4160255672291908 0.5961570959578473
v -1.353138638524907 1.4160255672291908 0.5961570959578473
vt 0.57037353515625 0.48443603515625
vt 0.57806396484375 0.48443603515625
vt 0.57037353515625 0.49993896484375
vt 0.57806396484375 0.49993896484375
vt 0.58599853515625 0.48443603515625
vt 0.59368896484375 0.48443603515625
vt 0.58599853515625 0.49993896484375
vt 0.59368896484375 0.49993896484375
vt 0.58587646484375 0.48431396484375
vt 0.57818603515625 0.48431396484375
vt 0.58587646484375 0.47662353515625
vt 0.57818603515625 0.47662353515625
vt 0.59368896484375 0.47662353515625
vt 0.58599853515625 0.47662353515625
vt 0.59368896484375 0.48431396484375
vt 0.58599853515625 0.48431396484375
vt 0.59381103515625 0.48443603515625
vt 0.60150146484375 0.48443603515625
vt 0.59381103515625 0.49993896484375
vt 0.60150146484375 0.49993896484375
vt 0.57818603515625 0.48443603515625
vt 0.58587646484375 0.48443603515625
vt 0.57818603515625 0.49993896484375
vt 0.58587646484375 0.49993896484375
vn 1 2.5595806131134756e-17 -1.2781820483090019e-17
vn 1 2.5595806131134756e-17 -1.2781820483090019e-17
vn 1 2.5595806131134756e-17 -1.2781820483090019e-17
vn 1 2.5595806131134756e-17 -1.2781820483090019e-17
vn -1 -2.5595806131134756e-17 1.2781820483090019e-17
vn -1 -2.5595806131134756e-17 1.2781820483090019e-17
vn -1 -2.5595806131134756e-17 1.2781820483090019e-17
vn -1 -2.5595806131134756e-17 1.2781820483090019e-17
vn -1.2266347333466992e-18 0.7071067811865476 -0.7071067811865475
vn -1.2266347333466992e-18 0.7071067811865476 -0.7071067811865475
vn -1.2266347333466992e-18 0.7071067811865476 -0.7071067811865475
vn -1.2266347333466992e-18 0.7071067811865476 -0.7071067811865475
vn 1.2266347333466992e-18 -0.7071067811865476 0.7071067811865475
vn 1.2266347333466992e-18 -0.7071067811865476 0.7071067811865475
vn 1.2266347333466992e-18 -0.7071067811865476 0.7071067811865475
vn 1.2266347333466992e-18 -0.7071067811865476 0.7071067811865475
vn 1.2266347333466993e-18 0.7071067811865475 0.7071067811865476
vn 1.2266347333466993e-18 0.7071067811865475 0.7071067811865476
vn 1.2266347333466993e-18 0.7071067811865475 0.7071067811865476
vn 1.2266347333466993e-18 0.7071067811865475 0.7071067811865476
vn -1.2266347333466993e-18 -0.7071067811865475 -0.7071067811865476
vn -1.2266347333466993e-18 -0.7071067811865475 -0.7071067811865476
vn -1.2266347333466993e-18 -0.7071067811865475 -0.7071067811865476
vn -1.2266347333466993e-18 -0.7071067811865475 -0.7071067811865476
f 1153/1153/1153 1155/1155/1155 1154/1154/1154
f 1155/1155/1155 1156/1156/1156 1154/1154/1154
f 1157/1157/1157 1159/1159/1159 1158/1158/1158
f 1159/1159/1159 1160/1160/1160 1158/1158/1158
f 1161/1161/1161 1163/1163/1163 1162/1162/1162
f 1163/1163/1163 1164/1164/1164 1162/1162/1162
f 1165/1165/1165 1167/1167/1167 1166/1166/1166
f 1167/1167/1167 1168/1168/1168 1166/1166/1166
f 1169/1169/1169 1171/1171/1171 1170/1170/1170
f 1171/1171/1171 1172/1172/1172 1170/1170/1170
f 1173/1173/1173 1175/1175/1175 1174/1174/1174
f 1175/1175/1175 1176/1176/1176 1174/1174/1174
o finger6_1
usemtl material11
v -1.228138638524907 1.531070609895065 0.6304910133905566
v -1.228138638524907 1.407140002223339 0.6141752393630502
v -1.228138638524907 1.4984390618400523 0.8783522287340091
v -1.228138638524907 1.374508454168326 0.8620364547065027
v -1.353138638524907 1.407140002223339 0.6141752393630502
v -1.353138638524907 1.531070609895065 0.6304910133905566
v -1.353138638524907 1.374508454168326 0.8620364547065027
v -1.353138638524907 1.4984390618400523 0.8783522287340091
v -1.353138638524907 1.407140002223339 0.6141752393630502
v -1.228138638524907 1.407140002223339 0.6141752393630502
v -1.353138638524907 1.531070609895065 0.6304910133905566
v -1.228138638524907 1.531070609895065 0.6304910133905566
v -1.353138638524907 1.4984390618400523 0.8783522287340091
v -1.228138638524907 1.4984390618400523 0.8783522287340091
v -1.353138638524907 1.374508454168326 0.8620364547065027
v -1.228138638524907 1.374508454168326 0.8620364547065027
v -1.353138638524907 1.531070609895065 0.6304910133905566
v -1.228138638524907 1.531070609895065 0.6304910133905566
v -1.353138638524907 1.4984390618400523 0.8783522287340091
v -1.228138638524907 1.4984390618400523 0.8783522287340091
v -1.228138638524907 1.407140002223339 0.6141752393630502
v -1.353138638524907 1.407140002223339 0.6141752393630502
v -1.228138638524907 1.374508454168326 0.8620364547065027
v -1.353138638524907 1.374508454168326 0.8620364547065027
vt 0.57037353515625 0.30474853515625
vt 0.57806396484375 0.30474853515625
vt 0.57037353515625 0.32025146484375
vt 0.57806396484375 0.32025146484375
vt 0.58599853515625 0.30474853515625
vt 0.59368896484375 0.30474853515625
vt 0.58599853515625 0.32025146484375
vt 0.59368896484375 0.32025146484375
vt 0.58587646484375 0.30462646484375
vt 0.57818603515625 0.30462646484375
vt 0.58587646484375 0.29693603515625
vt 0.57818603515625 0.29693603515625
vt 0.59368896484375 0.29693603515625
vt 0.58599853515625 0.29693603515625
vt 0.59368896484375 0.30462646484375
vt 0.58599853515625 0.30462646484375
vt 0.59381103515625 0.30474853515625
vt 0.60150146484375 0.30474853515625
vt 0.59381103515625 0.32025146484375
vt 0.60150146484375 0.32025146484375
vt 0.57818603515625 0.30474853515625
vt 0.58587646484375 0.30474853515625
vt 0.57818603515625 0.32025146484375
vt 0.58587646484375 0.32025146484375
vn 1 2.5595806131134756e-17 -1.2781820483090014e-17
vn 1 2.5595806131134756e-17 -1.2781820483090014e-17
vn 1 2.5595806131134756e-17 -1.2781820483090014e-17
vn 1 2.5595806131134756e-17 -1.2781820483090014e-17
vn -1 -2.5595806131134756e-17 1.2781820483090014e-17
vn -1 -2.5595806131134756e-17 1.2781820483090014e-17
vn -1 -2.5595806131134756e-17 1.2781820483090014e-17
vn -1 -2.5595806131134756e-17 1.2781820483090014e-17
vn -1.71988267616172e-18 0.13052619222005163 -0.9914448613738104
vn -1.71988267616172e-18 0.13052619222005163 -0.9914448613738104
vn -1.71988267616172e-18 0.13052619222005163 -0.9914448613738104
vn -1.71988267616172e-18 0.13052619222005163 -0.9914448613738104
vn 1.71988267616172e-18 -0.13052619222005163 0.9914448613738104
vn 1.71988267616172e-18 -0.13052619222005163 0.9914448613738104
vn 1.71988267616172e-18 -0.13052619222005163 0.9914448613738104
vn 1.71988267616172e-18 -0.13052619222005163 0.9914448613738104
vn 2.2642684987398484e-19 0.9914448613738104 0.13052619222005163
vn 2.2642684987398484e-19 0.9914448613738104 0.13052619222005163
vn 2.2642684987398484e-19 0.9914448613738104 0.13052619222005163
vn 2.2642684987398484e-19 0.9914448613738104 0.13052619222005163
vn -2.2642684987398484e-19 -0.9914448613738104 -0.13052619222005163
vn -2.2642684987398484e-19 -0.9914448613738104 -0.13052619222005163
vn -2.2642684987398484e-19 -0.9914448613738104 -0.13052619222005163
vn -2.2642684987398484e-19 -0.9914448613738104 -0.13052619222005163
f 1177/1177/1177 1179/1179/1179 1178/1178/1178
f 1179/1179/1179 1180/1180/1180 1178/1178/1178
f 1181/1181/1181 1183/1183/1183 1182/1182/1182
f 1183/1183/1183 1184/1184/1184 1182/1182/1182
f 1185/1185/1185 1187/1187/1187 1186/1186/1186
f 1187/1187/1187 1188/1188/1188 1186/1186/1186
f 1189/1189/1189 1191/1191/1191 1190/1190/1190
f 1191/1191/1191 1192/1192/1192 1190/1190/1190
f 1193/1193/1193 1195/1195/1195 1194/1194/1194
f 1195/1195/1195 1196/1196/1196 1194/1194/1194
f 1197/1197/1197 1199/1199/1199 1198/1198/1198
f 1199/1199/1199 1200/1200/1200 1198/1198/1198
o finger7_1
usemtl material11
v -1.3377063430994764 1.6507954983678244 0.5145071823674259
v -1.366090421413663 1.5685505896718175 0.4247568670931072
v -1.4268144997985805 1.4933053381058776 0.6870081557859959
v -1.4551985781127672 1.4110604294098708 0.5972578405116773
v -1.4793788947932442 1.620125654855994 0.41332295041631356
v -1.4509948164790576 1.7023705635520008 0.5030732656906322
v -1.5684870514923483 1.4626354945940472 0.5858239238348836
v -1.5401029731781617 1.544880403290054 0.6755742391092021
v -1.4793788947932442 1.620125654855994 0.41332295041631356
v -1.366090421413663 1.5685505896718175 0.4247568670931072
v -1.4509948164790576 1.7023705635520008 0.5030732656906322
v -1.3377063430994764 1.6507954983678244 0.5145071823674259
v -1.5401029731781617 1.544880403290054 0.6755742391092021
v -1.4268144997985805 1.4933053381058776 0.6870081557859959
v -1.5684870514923483 1.4626354945940472 0.5858239238348836
v -1.4551985781127672 1.4110604294098708 0.5972578405116773
v -1.4509948164790576 1.7023705635520008 0.5030732656906322
v -1.3377063430994764 1.6507954983678244 0.5145071823674259
v -1.5401029731781617 1.544880403290054 0.6755742391092021
v -1.4268144997985805 1.4933053381058776 0.6870081557859959
v -1.366090421413663 1.5685505896718175 0.4247568670931072
v -1.4793788947932442 1.620125654855994 0.41332295041631356
v -1.4551985781127672 1.4110604294098708 0.5972578405116773
v -1.5684870514923483 1.4626354945940472 0.5858239238348836
vt 0.07037353515625 0.57818603515625
vt 0.07806396484375 0.57818603515625
vt 0.07037353515625 0.59368896484375
vt 0.07806396484375 0.59368896484375
vt 0.08599853515625 0.57818603515625
vt 0.09368896484375 0.57818603515625
vt 0.08599853515625 0.59368896484375
vt 0.09368896484375 0.59368896484375
vt 0.08587646484375 0.57806396484375
vt 0.07818603515625 0.57806396484375
vt 0.08587646484375 0.57037353515625
vt 0.07818603515625 0.57037353515625
vt 0.09368896484375 0.57037353515625
vt 0.08599853515625 0.57037353515625
vt 0.09368896484375 0.57806396484375
vt 0.08599853515625 0.57806396484375
vt 0.09381103515625 0.57818603515625
vt 0.10150146484375 0.57818603515625
vt 0.09381103515625 0.59368896484375
vt 0.10150146484375 0.59368896484375
vt 0.07818603515625 0.57818603515625
vt 0.08587646484375 0.57818603515625
vt 0.07818603515625 0.59368896484375
vt 0.08587646484375 0.59368896484375
vn 0.9063077870366499 -0.41260052147341175 0.09147133341434907
vn 0.9063077870366499 -0.41260052147341175 0.09147133341434907
vn 0.9063077870366499 -0.41260052147341175 0.09147133341434907
vn 0.9063077870366499 -0.41260052147341175 0.09147133341434907
vn -0.9063077870366499 0.41260052147341175 -0.09147133341434907
vn -0.9063077870366499 0.41260052147341175 -0.09147133341434907
vn -0.9063077870366499 0.41260052147341175 -0.09147133341434907
vn -0.9063077870366499 0.41260052147341175 -0.09147133341434907
vn 0.35643262679641713 0.6299606410477872 -0.6900038936742799
vn 0.35643262679641713 0.6299606410477872 -0.6900038936742799
vn 0.35643262679641713 0.6299606410477872 -0.6900038936742799
vn 0.35643262679641713 0.6299606410477872 -0.6900038936742799
vn -0.35643262679641713 -0.6299606410477872 0.6900038936742799
vn -0.35643262679641713 -0.6299606410477872 0.6900038936742799
vn -0.35643262679641713 -0.6299606410477872 0.6900038936742799
vn -0.35643262679641713 -0.6299606410477872 0.6900038936742799
vn 0.2270726265134933 0.6579592695680561 0.718002522194549
vn 0.2270726265134933 0.6579592695680561 0.718002522194549
vn 0.2270726265134933 0.6579592695680561 0.718002522194549
vn 0.2270726265134933 0.6579592695680561 0.718002522194549
vn -0.2270726265134933 -0.6579592695680561 -0.718002522194549
vn -0.2270726265134933 -0.6579592695680561 -0.718002522194549
vn -0.2270726265134933 -0.6579592695680561 -0.718002522194549
vn -0.2270726265134933 -0.6579592695680561 -0.718002522194549
f 1201/1201/1201 1203/1203/1203 1202/1202/1202
f 1203/1203/1203 1204/1204/1204 1202/1202/1202
f 1205/1205/1205 1207/1207/1207 1206/1206/1206
f 1207/1207/1207 1208/1208/1208 1206/1206/1206
f 1209/1209/1209 1211/1211/1211 1210/1210/1210
f 1211/1211/1211 1212/1212/1212 1210/1210/1210
f 1213/1213/1213 1215/1215/1215 1214/1214/1214
f 1215/1215/1215 1216/1216/1216 1214/1214/1214
f 1217/1217/1217 1219/1219/1219 1218/1218/1218
f 1219/1219/1219 1220/1220/1220 1218/1218/1218
f 1221/1221/1221 1223/1223/1223 1222/1222/1222
f 1223/1223/1223 1224/1224/1224 1222/1222/1222
o finger8_1
usemtl material11
v -1.4108715027248049 1.516511336991769 0.6337187264851795
v -1.4605129104706926 1.4033250964479067 0.6150209836119493
v -1.4470074923379546 1.4917010485778976 0.8798460103110467
v -1.4966489000838423 1.3785148080340353 0.8611482674378165
v -1.5738013838502738 1.4549001616320831 0.6035870669351556
v -1.524159976104386 1.5680864021759455 0.6222848098083857
v -1.6099373734634235 1.4300898732182117 0.8497143507610226
v -1.5602959657175357 1.543276113762074 0.8684120936342529
v -1.5738013838502738 1.4549001616320831 0.6035870669351556
v -1.4605129104706926 1.4033250964479067 0.6150209836119493
v -1.524159976104386 1.5680864021759455 0.6222848098083857
v -1.4108715027248049 1.516511336991769 0.6337187264851795
v -1.5602959657175357 1.543276113762074 0.8684120936342529
v -1.4470074923379546 1.4917010485778976 0.8798460103110467
v -1.6099373734634235 1.4300898732182117 0.8497143507610226
v -1.4966489000838423 1.3785148080340353 0.8611482674378165
v -1.524159976104386 1.5680864021759455 0.6222848098083857
v -1.4108715027248049 1.516511336991769 0.6337187264851795
v -1.5602959657175357 1.543276113762074 0.8684120936342529
v -1.4470074923379546 1.4917010485778976 0.8798460103110467
v -1.4605129104706926 1.4033250964479067 0.6150209836119493
v -1.5738013838502738 1.4549001616320831 0.6035870669351556
v -1.4966489000838423 1.3785148080340353 0.8611482674378165
v -1.6099373734634235 1.4300898732182117 0.8497143507610226
vt 0.00006103515625 0.57818603515625
vt 0.00775146484375 0.57818603515625
vt 0.00006103515625 0.59368896484375
vt 0.00775146484375 0.59368896484375
vt 0.01568603515625 0.57818603515625
vt 0.02337646484375 0.57818603515625
vt 0.01568603515625 0.59368896484375
vt 0.02337646484375 0.59368896484375
vt 0.01556396484375 0.57806396484375
vt 0.00787353515625 0.57806396484375
vt 0.01556396484375 0.57037353515625
vt 0.00787353515625 0.57037353515625
vt 0.02337646484375 0.57037353515625
vt 0.01568603515625 0.57037353515625
vt 0.02337646484375 0.57806396484375
vt 0.01568603515625 0.57806396484375
vt 0.02349853515625 0.57818603515625
vt 0.03118896484375 0.57818603515625
vt 0.02349853515625 0.59368896484375
vt 0.03118896484375 0.59368896484375
vt 0.00787353515625 0.57818603515625
vt 0.01556396484375 0.57818603515625
vt 0.00787353515625 0.59368896484375
vt 0.01556396484375 0.59368896484375
vn 0.9063077870366499 -0.4126005214734118 0.09147133341434904
vn 0.9063077870366499 -0.4126005214734118 0.09147133341434904
vn 0.9063077870366499 -0.4126005214734118 0.09147133341434904
vn 0.9063077870366499 -0.4126005214734118 0.09147133341434904
vn -0.9063077870366499 0.4126005214734118 -0.09147133341434904
vn -0.9063077870366499 0.4126005214734118 -0.09147133341434904
vn -0.9063077870366499 0.4126005214734118 -0.09147133341434904
vn -0.9063077870366499 0.4126005214734118 -0.09147133341434904
vn 0.14454395845259904 0.09924115365548589 -0.9845091353034677
vn 0.14454395845259904 0.09924115365548589 -0.9845091353034677
vn 0.14454395845259904 0.09924115365548589 -0.9845091353034677
vn 0.14454395845259904 0.09924115365548589 -0.9845091353034677
vn -0.14454395845259904 -0.09924115365548589 0.9845091353034677
vn -0.14454395845259904 -0.09924115365548589 0.9845091353034677
vn -0.14454395845259904 -0.09924115365548589 0.9845091353034677
vn -0.14454395845259904 -0.09924115365548589 0.9845091353034677
vn 0.39713126196710286 0.905489924350899 0.14958194298584115
vn 0.39713126196710286 0.905489924350899 0.14958194298584115
vn 0.39713126196710286 0.905489924350899 0.14958194298584115
vn 0.39713126196710286 0.905489924350899 0.14958194298584115
vn -0.39713126196710286 -0.905489924350899 -0.14958194298584115
vn -0.39713126196710286 -0.905489924350899 -0.14958194298584115
vn -0.39713126196710286 -0.905489924350899 -0.14958194298584115
vn -0.39713126196710286 -0.905489924350899 -0.14958194298584115
f 1225/1225/1225 1227/1227/1227 1226/1226/1226
f 1227/1227/1227 1228/1228/1228 1226/1226/1226
f 1229/1229/1229 1231/1231/1231 1230/1230/1230
f 1231/1231/1231 1232/1232/1232 1230/1230/1230
f 1233/1233/1233 1235/1235/1235 1234/1234/1234
f 1235/1235/1235 1236/1236/1236 1234/1234/1234
f 1237/1237/1237 1239/1239/1239 1238/1238/1238
f 1239/1239/1239 1240/1240/1240 1238/1238/1238
f 1241/1241/1241 1243/1243/1243 1242/1242/1242
f 1243/1243/1243 1244/1244/1244 1242/1242/1242
f 1245/1245/1245 1247/1247/1247 1246/1246/1246
f 1247/1247/1247 1248/1248/1248 1246/1246/1246
o b17_1
usemtl material11
v 1.054479557537947 4.440131694793702 0
v 1.054479557537947 4.440131694793702 -0.1875
v 1.0218480094829343 4.192270479450249 0
v 1.0218480094829343 4.192270479450249 -0.1875
v 0.125 4.5625 -0.1875
v 0.125 4.5625 0
v 0.0923684519449871 4.314638784656547 -0.1875
v 0.0923684519449871 4.314638784656547 0
v 0.125 4.5625 -0.1875
v 1.054479557537947 4.440131694793702 -0.1875
v 0.125 4.5625 0
v 1.054479557537947 4.440131694793702 0
v 0.0923684519449871 4.314638784656547 0
v 1.0218480094829343 4.192270479450249 0
v 0.0923684519449871 4.314638784656547 -0.1875
v 1.0218480094829343 4.192270479450249 -0.1875
v 0.125 4.5625 0
v 1.054479557537947 4.440131694793702 0
v 0.0923684519449871 4.314638784656547 0
v 1.0218480094829343 4.192270479450249 0
v 1.054479557537947 4.440131694793702 -0.1875
v 0.125 4.5625 -0.1875
v 1.0218480094829343 4.192270479450249 -0.1875
v 0.0923684519449871 4.314638784656547 -0.1875
vt 0.51568603515625 0.20318603515625
vt 0.52728271484375 0.20318603515625
vt 0.51568603515625 0.21868896484375
vt 0.52728271484375 0.21868896484375
vt 0.58599853515625 0.20318603515625
vt 0.59759521484375 0.20318603515625
vt 0.58599853515625 0.21868896484375
vt 0.59759521484375 0.21868896484375
vt 0.58587646484375 0.20306396484375
vt 0.52740478515625 0.20306396484375
vt 0.58587646484375 0.19146728515625
vt 0.52740478515625 0.19146728515625
vt 0.64447021484375 0.19146728515625
vt 0.58599853515625 0.19146728515625
vt 0.64447021484375 0.20306396484375
vt 0.58599853515625 0.20306396484375
vt 0.59771728515625 0.20318603515625
vt 0.65618896484375 0.20318603515625
vt 0.59771728515625 0.21868896484375
vt 0.65618896484375 0.21868896484375
vt 0.52740478515625 0.20318603515625
vt 0.58587646484375 0.20318603515625
vt 0.52740478515625 0.21868896484375
vt 0.58587646484375 0.21868896484375
vn 0.9914448613738104 -0.13052619222005157 0
vn 0.9914448613738104 -0.13052619222005157 0
vn 0.9914448613738104 -0.13052619222005157 0
vn 0.9914448613738104 -0.13052619222005157 0
vn -0.9914448613738104 0.13052619222005157 0
vn -0.9914448613738104 0.13052619222005157 0
vn -0.9914448613738104 0.13052619222005157 0
vn -0.9914448613738104 0.13052619222005157 0
vn 0.13052619222005157 0.9914448613738104 0
vn 0.13052619222005157 0.9914448613738104 0
vn 0.13052619222005157 0.9914448613738104 0
vn 0.13052619222005157 0.9914448613738104 0
vn -0.13052619222005157 -0.9914448613738104 0
vn -0.13052619222005157 -0.9914448613738104 0
vn -0.13052619222005157 -0.9914448613738104 0
vn -0.13052619222005157 -0.9914448613738104 0
vn 0 0 1
vn 0 0 1
vn 0 0 1
vn 0 0 1
vn 0 0 -1
vn 0 0 -1
vn 0 0 -1
vn 0 0 -1
f 1249/1249/1249 1251/1251/1251 1250/1250/1250
f 1251/1251/1251 1252/1252/1252 1250/1250/1250
f 1253/1253/1253 1255/1255/1255 1254/1254/1254
f 1255/1255/1255 1256/1256/1256 1254/1254/1254
f 1257/1257/1257 1259/1259/1259 1258/1258/1258
f 1259/1259/1259 1260/1260/1260 1258/1258/1258
f 1261/1261/1261 1263/1263/1263 1262/1262/1262
f 1263/1263/1263 1264/1264/1264 1262/1262/1262
f 1265/1265/1265 1267/1267/1267 1266/1266/1266
f 1267/1267/1267 1268/1268/1268 1266/1266/1266
f 1269/1269/1269 1271/1271/1271 1270/1270/1270
f 1271/1271/1271 1272/1272/1272 1270/1270/1270
o b18_1
usemtl material11
v 0.8133520177086204 4.50518378475053 -0.21875
v 0.7507340070441508 4.491586428315845 -0.3260770545501577
v 0.8160963630391218 4.381015289522797 -0.20462012520977302
v 0.7534783523746522 4.367417933088113 -0.3119471797599307
v 0.3722085085148461 4.50811320849655 -0.10732705455015767
v 0.43482651917931575 4.521710564931234 0
v 0.3749528538453475 4.383944713268817 -0.09319717975993069
v 0.43757086450981714 4.397542069703501 0.01412987479022687
v 0.3722085085148461 4.50811320849655 -0.10732705455015767
v 0.7507340070441508 4.491586428315845 -0.3260770545501577
v 0.43482651917931575 4.521710564931234 0
v 0.8133520177086204 4.50518378475053 -0.21875
v 0.43757086450981714 4.397542069703501 0.01412987479022687
v 0.8160963630391218 4.381015289522797 -0.20462012520977302
v 0.3749528538453475 4.383944713268817 -0.09319717975993069
v 0.7534783523746522 4.367417933088113 -0.3119471797599307
v 0.43482651917931575 4.521710564931234 0
v 0.8133520177086204 4.50518378475053 -0.21875
v 0.43757086450981714 4.397542069703501 0.01412987479022687
v 0.8160963630391218 4.381015289522797 -0.20462012520977302
v 0.7507340070441508 4.491586428315845 -0.3260770545501577
v 0.3722085085148461 4.50811320849655 -0.10732705455015767
v 0.7534783523746522 4.367417933088113 -0.3119471797599307
v 0.3749528538453475 4.383944713268817 -0.09319717975993069
vt 0.43756103515625 0.41802978515625
vt 0.4452514946460724 0.41802978515625
vt 0.43756103515625 0.42572021484375
vt 0.4452514946460724 0.42572021484375
vt 0.47271728515625 0.41802978515625
vt 0.48040771484375 0.41802978515625
vt 0.47271728515625 0.42572021484375
vt 0.48040771484375 0.42572021484375
vt 0.4725951850414276 0.41790771484375
vt 0.44537353515625 0.41790771484375
vt 0.4725951850414276 0.41021728515625
vt 0.44537353515625 0.41021728515625
vt 0.49993896484375 0.41021728515625
vt 0.47271728515625 0.41021728515625
vt 0.49993896484375 0.41790771484375
vt 0.47271728515625 0.41790771484375
vt 0.4805297553539276 0.41802978515625
vt 0.50775146484375 0.41802978515625
vt 0.4805297553539276 0.42572021484375
vt 0.50775146484375 0.42572021484375
vt 0.44537353515625 0.41802978515625
vt 0.4725951850414276 0.41802978515625
vt 0.44537353515625 0.42572021484375
vt 0.4725951850414276 0.42572021484375
vn 0.8652011394955537 -0.03777549755589493 -0.4999999999999999
vn 0.8652011394955537 -0.03777549755589493 -0.4999999999999999
vn 0.8652011394955537 -0.03777549755589493 -0.4999999999999999
vn 0.8652011394955537 -0.03777549755589493 -0.4999999999999999
vn -0.8652011394955537 0.03777549755589493 0.4999999999999999
vn -0.8652011394955537 0.03777549755589493 0.4999999999999999
vn -0.8652011394955537 0.03777549755589493 0.4999999999999999
vn -0.8652011394955537 0.03777549755589493 0.4999999999999999
vn -0.021954762644011045 0.9933479618218612 -0.11303899832181544
vn -0.021954762644011045 0.9933479618218612 -0.11303899832181544
vn -0.021954762644011045 0.9933479618218612 -0.11303899832181544
vn -0.021954762644011045 0.9933479618218612 -0.11303899832181544
vn 0.021954762644011045 -0.9933479618218612 0.11303899832181544
vn 0.021954762644011045 -0.9933479618218612 0.11303899832181544
vn 0.021954762644011045 -0.9933479618218612 0.11303899832181544
vn 0.021954762644011045 -0.9933479618218612 0.11303899832181544
vn 0.5009440853157571 0.10877885147747622 0.858616436401261
vn 0.5009440853157571 0.10877885147747622 0.858616436401261
vn 0.5009440853157571 0.10877885147747622 0.858616436401261
vn 0.5009440853157571 0.10877885147747622 0.858616436401261
vn -0.5009440853157571 -0.10877885147747622 -0.858616436401261
vn -0.5009440853157571 -0.10877885147747622 -0.858616436401261
vn -0.5009440853157571 -0.10877885147747622 -0.858616436401261
vn -0.5009440853157571 -0.10877885147747622 -0.858616436401261
f 1273/1273/1273 1275/1275/1275 1274/1274/1274
f 1275/1275/1275 1276/1276/1276 1274/1274/1274
f 1277/1277/1277 1279/1279/1279 1278/1278/1278
f 1279/1279/1279 1280/1280/1280 1278/1278/1278
f 1281/1281/1281 1283/1283/1283 1282/1282/1282
f 1283/1283/1283 1284/1284/1284 1282/1282/1282
f 1285/1285/1285 1287/1287/1287 1286/1286/1286
f 1287/1287/1287 1288/1288/1288 1286/1286/1286
f 1289/1289/1289 1291/1291/1291 1290/1290/1290
f 1291/1291/1291 1292/1292/1292 1290/1290/1290
f 1293/1293/1293 1295/1295/1295 1294/1294/1294
f 1295/1295/1295 1296/1296/1296 1294/1294/1294
o b19_1
usemtl material11
v 0.7507340070441508 4.491586428315846 -0.32607705455015756
v 0.4840384479033379 4.446560003923464 -0.6699554485225127
v 0.7534783523746522 4.367417933088113 -0.3119471797599307
v 0.4867827932338393 4.322391508695731 -0.6558255737322859
v 0.3849868354238117 4.453016355450346 -0.5939811529340239
v 0.6516823945646246 4.498042779842727 -0.25010275896166867
v 0.38773118075431307 4.328847860222614 -0.5798512781437969
v 0.654426739895126 4.373874284614995 -0.2359728841714418
v 0.3849868354238117 4.453016355450346 -0.5939811529340239
v 0.4840384479033379 4.446560003923464 -0.6699554485225127
v 0.6516823945646246 4.498042779842727 -0.25010275896166867
v 0.7507340070441508 4.491586428315846 -0.32607705455015756
v 0.654426739895126 4.373874284614995 -0.2359728841714418
v 0.7534783523746522 4.367417933088113 -0.3119471797599307
v 0.38773118075431307 4.328847860222614 -0.5798512781437969
v 0.4867827932338393 4.322391508695731 -0.6558255737322859
v 0.6516823945646246 4.498042779842727 -0.25010275896166867
v 0.7507340070441508 4.491586428315846 -0.32607705455015756
v 0.654426739895126 4.373874284614995 -0.2359728841714418
v 0.7534783523746522 4.367417933088113 -0.3119471797599307
v 0.4840384479033379 4.446560003923464 -0.6699554485225127
v 0.3849868354238117 4.453016355450346 -0.5939811529340239
v 0.4867827932338393 4.322391508695731 -0.6558255737322859
v 0.38773118075431307 4.328847860222614 -0.5798512781437969
vt 0.64068603515625 0.32427978515625
vt 0.66790771484375 0.32427978515625
vt 0.64068603515625 0.33197021484375
vt 0.66790771484375 0.33197021484375
vt 0.67584228515625 0.32427978515625
vt 0.70306396484375 0.32427978515625
vt 0.67584228515625 0.33197021484375
vt 0.70306396484375 0.33197021484375
vt 0.67572021484375 0.32415771484375
vt 0.66802978515625 0.32415771484375
vt 0.67572021484375 0.29693603515625
vt 0.66802978515625 0.29693603515625
vt 0.68353271484375 0.29693603515625
vt 0.67584228515625 0.29693603515625
vt 0.68353271484375 0.32415771484375
vt 0.67584228515625 0.32415771484375
vt 0.70318603515625 0.32427978515625
vt 0.71087646484375 0.32427978515625
vt 0.70318603515625 0.33197021484375
vt 0.71087646484375 0.33197021484375
vt 0.66802978515625 0.32427978515625
vt 0.67572021484375 0.32427978515625
vt 0.66802978515625 0.33197021484375
vt 0.67572021484375 0.33197021484375
vn 0.7924128998362098 -0.05165081221505648 -0.6077943647079119
vn 0.7924128998362098 -0.05165081221505648 -0.6077943647079119
vn 0.7924128998362098 -0.05165081221505648 -0.6077943647079119
vn 0.7924128998362098 -0.05165081221505648 -0.6077943647079119
vn -0.7924128998362098 0.05165081221505648 0.6077943647079119
vn -0.7924128998362098 0.05165081221505648 0.6077943647079119
vn -0.7924128998362098 0.05165081221505648 0.6077943647079119
vn -0.7924128998362098 0.05165081221505648 0.6077943647079119
vn -0.021954762644011062 0.9933479618218614 -0.11303899832181546
vn -0.021954762644011062 0.9933479618218614 -0.11303899832181546
vn -0.021954762644011062 0.9933479618218614 -0.11303899832181546
vn -0.021954762644011062 0.9933479618218614 -0.11303899832181546
vn 0.021954762644011062 -0.9933479618218614 0.11303899832181546
vn 0.021954762644011062 -0.9933479618218614 0.11303899832181546
vn 0.021954762644011062 -0.9933479618218614 0.11303899832181546
vn 0.021954762644011062 -0.9933479618218614 0.11303899832181546
vn 0.6095898494647154 0.10291754146829991 0.7860077576510976
vn 0.6095898494647154 0.10291754146829991 0.7860077576510976
vn 0.6095898494647154 0.10291754146829991 0.7860077576510976
vn 0.6095898494647154 0.10291754146829991 0.7860077576510976
vn -0.6095898494647154 -0.10291754146829991 -0.7860077576510976
vn -0.6095898494647154 -0.10291754146829991 -0.7860077576510976
vn -0.6095898494647154 -0.10291754146829991 -0.7860077576510976
vn -0.6095898494647154 -0.10291754146829991 -0.7860077576510976
f 1297/1297/1297 1299/1299/1299 1298/1298/1298
f 1299/1299/1299 1300/1300/1300 1298/1298/1298
f 1301/1301/1301 1303/1303/1303 1302/1302/1302
f 1303/1303/1303 1304/1304/1304 1302/1302/1302
f 1305/1305/1305 1307/1307/1307 1306/1306/1306
f 1307/1307/1307 1308/1308/1308 1306/1306/1306
f 1309/1309/1309 1311/1311/1311 1310/1310/1310
f 1311/1311/1311 1312/1312/1312 1310/1310/1310
f 1313/1313/1313 1315/1315/1315 1314/1314/1314
f 1315/1315/1315 1316/1316/1316 1314/1314/1314
f 1317/1317/1317 1319/1319/1319 1318/1318/1318
f 1319/1319/1319 1320/1320/1320 1318/1318/1318
o b20_1
usemtl material11
v 0.7507832446986055 4.491588624310588 -0.32611552844618796
v 0.4840876855577925 4.4465621999182074 -0.669993922418543
v 0.8303509785664979 3.6217776912099486 -0.27393395712333224
v 0.5636554194256849 3.576751266817567 -0.6178123510956873
v 0.4840384479033379 4.446560003923465 -0.6699554485225127
v 0.7507340070441508 4.491586428315846 -0.32607705455015756
v 0.5636061817712303 3.5767490708228245 -0.6177738771996569
v 0.8303017409120432 3.621775495215206 -0.27389548322730184
v 0.4840384479033379 4.446560003923465 -0.6699554485225127
v 0.4840876855577925 4.4465621999182074 -0.669993922418543
v 0.7507340070441508 4.491586428315846 -0.32607705455015756
v 0.7507832446986055 4.491588624310588 -0.32611552844618796
v 0.8303017409120432 3.621775495215206 -0.27389548322730184
v 0.8303509785664979 3.6217776912099486 -0.27393395712333224
v 0.5636061817712303 3.5767490708228245 -0.6177738771996569
v 0.5636554194256849 3.576751266817567 -0.6178123510956873
v 0.7507340070441508 4.491586428315846 -0.32607705455015756
v 0.7507832446986055 4.491588624310588 -0.32611552844618796
v 0.8303017409120432 3.621775495215206 -0.27389548322730184
v 0.8303509785664979 3.6217776912099486 -0.27393395712333224
v 0.4840876855577925 4.4465621999182074 -0.669993922418543
v 0.4840384479033379 4.446560003923465 -0.6699554485225127
v 0.5636554194256849 3.576751266817567 -0.6178123510956873
v 0.5636061817712303 3.5767490708228245 -0.6177738771996569
vt 0.35162353515625 0.60943603515625
vt 0.37884521484375 0.60943603515625
vt 0.35162353515625 0.66400146484375
vt 0.37884521484375 0.66400146484375
vt 0.37896728515625 0.60943603515625
vt 0.40618896484375 0.60943603515625
vt 0.37896728515625 0.66400146484375
vt 0.40618896484375 0.66400146484375
vt 0.37896728515625 0.60931396484375
vt 0.37884521484375 0.60931396484375
vt 0.37896728515625 0.58209228515625
vt 0.37884521484375 0.58209228515625
vt 0.37896728515625 0.58209228515625
vt 0.37884521484375 0.58209228515625
vt 0.37896728515625 0.60931396484375
vt 0.37884521484375 0.60931396484375
vt 0.40631103515625 0.60943603515625
vt 0.40618896484375 0.60943603515625
vt 0.40631103515625 0.66400146484375
vt 0.40618896484375 0.66400146484375
vt 0.37896728515625 0.60943603515625
vt 0.37884521484375 0.60943603515625
vt 0.37896728515625 0.66400146484375
vt 0.37884521484375 0.66400146484375
vn 0.7874840458712502 0.03512171413868507 -0.6153335215102516
vn 0.7874840458712502 0.03512171413868507 -0.6153335215102516
vn 0.7874840458712502 0.03512171413868507 -0.6153335215102516
vn 0.7874840458712502 0.03512171413868507 -0.6153335215102516
vn -0.7874840458712502 -0.03512171413868507 0.6153335215102516
vn -0.7874840458712502 -0.03512171413868507 0.6153335215102516
vn -0.7874840458712502 -0.03512171413868507 0.6153335215102516
vn -0.7874840458712502 -0.03512171413868507 0.6153335215102516
vn -0.09093455299187704 0.9940696378293028 -0.05963608151183514
vn -0.09093455299187704 0.9940696378293028 -0.05963608151183514
vn -0.09093455299187704 0.9940696378293028 -0.05963608151183514
vn -0.09093455299187704 0.9940696378293028 -0.05963608151183514
vn 0.09093455299187704 -0.9940696378293028 0.05963608151183514
vn 0.09093455299187704 -0.9940696378293028 0.05963608151183514
vn 0.09093455299187704 -0.9940696378293028 0.05963608151183514
vn 0.09093455299187704 -0.9940696378293028 0.05963608151183514
vn 0.6095898494647154 0.10291754146829989 0.7860077576510974
vn 0.6095898494647154 0.10291754146829989 0.7860077576510974
vn 0.6095898494647154 0.10291754146829989 0.7860077576510974
vn 0.6095898494647154 0.10291754146829989 0.7860077576510974
vn -0.6095898494647154 -0.10291754146829989 -0.7860077576510974
vn -0.6095898494647154 -0.10291754146829989 -0.7860077576510974
vn -0.6095898494647154 -0.10291754146829989 -0.7860077576510974
vn -0.6095898494647154 -0.10291754146829989 -0.7860077576510974
f 1321/1321/1321 1323/1323/1323 1322/1322/1322
f 1323/1323/1323 1324/1324/1324 1322/1322/1322
f 1325/1325/1325 1327/1327/1327 1326/1326/1326
f 1327/1327/1327 1328/1328/1328 1326/1326/1326
f 1329/1329/1329 1331/1331/1331 1330/1330/1330
f 1331/1331/1331 1332/1332/1332 1330/1330/1330
f 1333/1333/1333 1335/1335/1335 1334/1334/1334
f 1335/1335/1335 1336/1336/1336 1334/1334/1334
f 1337/1337/1337 1339/1339/1339 1338/1338/1338
f 1339/1339/1339 1340/1340/1340 1338/1338/1338
f 1341/1341/1341 1343/1343/1343 1342/1342/1342
f 1343/1343/1343 1344/1344/1344 1342/1342/1342
o b28_1
usemtl material11
v 0.48403844790333794 4.446560003923465 -0.6699554485225128
v 0.04826175803843413 4.4328010183274 -0.7062268819895638
v 0.48678279323383933 4.322391508695732 -0.6558255737322858
v 0.05100610336893552 4.308632523099666 -0.6920970071993369
v 0.037523056193703885 4.4466477125564845 -0.5824611785753457
v 0.4732997460586076 4.46040669815255 -0.5461897451082947
v 0.04026740152420527 4.322479217328752 -0.5683313037851188
v 0.47604409138910897 4.336238202924818 -0.5320598703180677
v 0.037523056193703885 4.4466477125564845 -0.5824611785753457
v 0.04826175803843413 4.4328010183274 -0.7062268819895638
v 0.4732997460586076 4.46040669815255 -0.5461897451082947
v 0.48403844790333794 4.446560003923465 -0.6699554485225128
v 0.47604409138910897 4.336238202924818 -0.5320598703180677
v 0.48678279323383933 4.322391508695732 -0.6558255737322858
v 0.04026740152420527 4.322479217328752 -0.5683313037851188
v 0.05100610336893552 4.308632523099666 -0.6920970071993369
v 0.4732997460586076 4.46040669815255 -0.5461897451082947
v 0.48403844790333794 4.446560003923465 -0.6699554485225128
v 0.47604409138910897 4.336238202924818 -0.5320598703180677
v 0.48678279323383933 4.322391508695732 -0.6558255737322858
v 0.04826175803843413 4.4328010183274 -0.7062268819895638
v 0.037523056193703885 4.4466477125564845 -0.5824611785753457
v 0.05100610336893552 4.308632523099666 -0.6920970071993369
v 0.04026740152420527 4.322479217328752 -0.5683313037851188
vt 0.62506103515625 0.06646728515625
vt 0.65228271484375 0.06646728515625
vt 0.62506103515625 0.07415771484375
vt 0.65228271484375 0.07415771484375
vt 0.66021728515625 0.06646728515625
vt 0.68743896484375 0.06646728515625
vt 0.66021728515625 0.07415771484375
vt 0.68743896484375 0.07415771484375
vt 0.66009521484375 0.06634521484375
vt 0.65240478515625 0.06634521484375
vt 0.66009521484375 0.03912353515625
vt 0.65240478515625 0.03912353515625
vt 0.66790771484375 0.03912353515625
vt 0.66021728515625 0.03912353515625
vt 0.66790771484375 0.06634521484375
vt 0.66021728515625 0.06634521484375
vt 0.68756103515625 0.06646728515625
vt 0.69525146484375 0.06646728515625
vt 0.68756103515625 0.07415771484375
vt 0.69525146484375 0.07415771484375
vt 0.65240478515625 0.06646728515625
vt 0.66009521484375 0.06646728515625
vt 0.65240478515625 0.07415771484375
vt 0.66009521484375 0.07415771484375
vn 0.08590961475784258 -0.11077355383268114 -0.9901256273137451
vn 0.08590961475784258 -0.11077355383268114 -0.9901256273137451
vn 0.08590961475784258 -0.11077355383268114 -0.9901256273137451
vn 0.08590961475784258 -0.11077355383268114 -0.9901256273137451
vn -0.08590961475784258 0.11077355383268114 0.9901256273137451
vn -0.08590961475784258 0.11077355383268114 0.9901256273137451
vn -0.08590961475784258 0.11077355383268114 0.9901256273137451
vn -0.08590961475784258 0.11077355383268114 0.9901256273137451
vn -0.02195476264401106 0.9933479618218612 -0.11303899832181544
vn -0.02195476264401106 0.9933479618218612 -0.11303899832181544
vn -0.02195476264401106 0.9933479618218612 -0.11303899832181544
vn -0.02195476264401106 0.9933479618218612 -0.11303899832181544
vn 0.02195476264401106 -0.9933479618218612 0.11303899832181544
vn 0.02195476264401106 -0.9933479618218612 0.11303899832181544
vn 0.02195476264401106 -0.9933479618218612 0.11303899832181544
vn 0.02195476264401106 -0.9933479618218612 0.11303899832181544
vn 0.9960610054054945 0.0314491099338654 0.08290613363897405
vn 0.9960610054054945 0.0314491099338654 0.08290613363897405
vn 0.9960610054054945 0.0314491099338654 0.08290613363897405
vn 0.9960610054054945 0.0314491099338654 0.08290613363897405
vn -0.9960610054054945 -0.0314491099338654 -0.08290613363897405
vn -0.9960610054054945 -0.0314491099338654 -0.08290613363897405
vn -0.9960610054054945 -0.0314491099338654 -0.08290613363897405
vn -0.9960610054054945 -0.0314491099338654 -0.08290613363897405
f 1345/1345/1345 1347/1347/1347 1346/1346/1346
f 1347/1347/1347 1348/1348/1348 1346/1346/1346
f 1349/1349/1349 1351/1351/1351 1350/1350/1350
f 1351/1351/1351 1352/1352/1352 1350/1350/1350
f 1353/1353/1353 1355/1355/1355 1354/1354/1354
f 1355/1355/1355 1356/1356/1356 1354/1354/1354
f 1357/1357/1357 1359/1359/1359 1358/1358/1358
f 1359/1359/1359 1360/1360/1360 1358/1358/1358
f 1361/1361/1361 1363/1363/1363 1362/1362/1362
f 1363/1363/1363 1364/1364/1364 1362/1362/1362
f 1365/1365/1365 1367/1367/1367 1366/1366/1366
f 1367/1367/1367 1368/1368/1368 1366/1366/1366
o b41_1
usemtl material11
v 0.4840435942943885 4.446561243928185 -0.6700177492988507
v -0.01398690840835859 4.430836688961253 -0.7114708161183377
v 0.5129014368529677 3.5721662342539022 -0.6850374689891288
v 0.014870934150220672 3.5564416792869693 -0.7264905358086158
v -0.013992054799409237 4.4308354489565325 -0.7114085153419998
v 0.48403844790333783 4.446560003923465 -0.6699554485225128
v 0.014865787759170024 3.556440439282249 -0.7264282350322778
v 0.5128962904619171 3.5721649942491815 -0.6849751682127908
v -0.013992054799409237 4.4308354489565325 -0.7114085153419998
v -0.01398690840835859 4.430836688961253 -0.7114708161183377
v 0.48403844790333783 4.446560003923465 -0.6699554485225128
v 0.4840435942943885 4.446561243928185 -0.6700177492988507
v 0.5128962904619171 3.5721649942491815 -0.6849751682127908
v 0.5129014368529677 3.5721662342539022 -0.6850374689891288
v 0.014865787759170024 3.556440439282249 -0.7264282350322778
v 0.014870934150220672 3.5564416792869693 -0.7264905358086158
v 0.48403844790333783 4.446560003923465 -0.6699554485225128
v 0.4840435942943885 4.446561243928185 -0.6700177492988507
v 0.5128962904619171 3.5721649942491815 -0.6849751682127908
v 0.5129014368529677 3.5721662342539022 -0.6850374689891288
v -0.01398690840835859 4.430836688961253 -0.7114708161183377
v -0.013992054799409237 4.4308354489565325 -0.7114085153419998
v 0.014870934150220672 3.5564416792869693 -0.7264905358086158
v 0.014865787759170024 3.556440439282249 -0.7264282350322778
vt 0.43756103515625 0.35552978515625
vt 0.46868896484375 0.35552978515625
vt 0.43756103515625 0.41009521484375
vt 0.46868896484375 0.41009521484375
vt 0.4688110053539276 0.35552978515625
vt 0.49993896484375 0.35552978515625
vt 0.4688110053539276 0.41009521484375
vt 0.49993896484375 0.41009521484375
vt 0.4688110053539276 0.35540771484375
vt 0.46868896484375 0.35540771484375
vt 0.4688110053539276 0.32427978515625
vt 0.46868896484375 0.32427978515625
vt 0.4688110053539276 0.32427978515625
vt 0.46868896484375 0.32427978515625
vt 0.4688110053539276 0.35540771484375
vt 0.46868896484375 0.35540771484375
vt 0.50006103515625 0.35552978515625
vt 0.49993896484375 0.35552978515625
vt 0.50006103515625 0.41009521484375
vt 0.49993896484375 0.41009521484375
vt 0.4688110053539276 0.35552978515625
vt 0.46868896484375 0.35552978515625
vt 0.4688110053539276 0.41009521484375
vt 0.46868896484375 0.41009521484375
vn 0.08230897452524889 0.019832056282629826 -0.9964095153380483
vn 0.08230897452524889 0.019832056282629826 -0.9964095153380483
vn 0.08230897452524889 0.019832056282629826 -0.9964095153380483
vn 0.08230897452524889 0.019832056282629826 -0.9964095153380483
vn -0.08230897452524889 -0.019832056282629826 0.9964095153380483
vn -0.08230897452524889 -0.019832056282629826 0.9964095153380483
vn -0.08230897452524889 -0.019832056282629826 0.9964095153380483
vn -0.08230897452524889 -0.019832056282629826 0.9964095153380483
vn -0.03298039149551919 0.9993085824848952 0.017165393931746365
vn -0.03298039149551919 0.9993085824848952 0.017165393931746365
vn -0.03298039149551919 0.9993085824848952 0.017165393931746365
vn -0.03298039149551919 0.9993085824848952 0.017165393931746365
vn 0.03298039149551919 -0.9993085824848952 -0.017165393931746365
vn 0.03298039149551919 -0.9993085824848952 -0.017165393931746365
vn 0.03298039149551919 -0.9993085824848952 -0.017165393931746365
vn 0.03298039149551919 -0.9993085824848952 -0.017165393931746365
vn 0.9960610054054944 0.03144910993386539 0.08290613363897403
vn 0.9960610054054944 0.03144910993386539 0.08290613363897403
vn 0.9960610054054944 0.03144910993386539 0.08290613363897403
vn 0.9960610054054944 0.03144910993386539 0.08290613363897403
vn -0.9960610054054944 -0.03144910993386539 -0.08290613363897403
vn -0.9960610054054944 -0.03144910993386539 -0.08290613363897403
vn -0.9960610054054944 -0.03144910993386539 -0.08290613363897403
vn -0.9960610054054944 -0.03144910993386539 -0.08290613363897403
f 1369/1369/1369 1371/1371/1371 1370/1370/1370
f 1371/1371/1371 1372/1372/1372 1370/1370/1370
f 1373/1373/1373 1375/1375/1375 1374/1374/1374
f 1375/1375/1375 1376/1376/1376 1374/1374/1374
f 1377/1377/1377 1379/1379/1379 1378/1378/1378
f 1379/1379/1379 1380/1380/1380 1378/1378/1378
f 1381/1381/1381 1383/1383/1383 1382/1382/1382
f 1383/1383/1383 1384/1384/1384 1382/1382/1382
f 1385/1385/1385 1387/1387/1387 1386/1386/1386
f 1387/1387/1387 1388/1388/1388 1386/1386/1386
f 1389/1389/1389 1391/1391/1391 1390/1390/1390
f 1391/1391/1391 1392/1392/1392 1390/1390/1390
o leftarm3_1
usemtl material11
v 1.393813608436998 4.520430717053276 0.04302508622828416
v 1.4883749998469924 4.267084379130324 -0.21678020142288523
v 1.119423375116723 3.644913879591253 0.796906056394625
v 1.2139847665267174 3.3915675416683015 0.5371007687434557
v 1.1359902670522768 4.267084379130324 -0.345037755170011
v 1.0414288756422825 4.520430717053276 -0.08523246751884161
v 0.8616000337320018 3.391567541668302 0.4088432149963299
v 0.7670386423220075 3.644913879591253 0.6686485026474992
v 1.1359902670522768 4.267084379130324 -0.345037755170011
v 1.4883749998469924 4.267084379130324 -0.21678020142288523
v 1.0414288756422825 4.520430717053276 -0.08523246751884161
v 1.393813608436998 4.520430717053276 0.04302508622828416
v 0.7670386423220075 3.644913879591253 0.6686485026474992
v 1.119423375116723 3.644913879591253 0.796906056394625
v 0.8616000337320018 3.391567541668302 0.4088432149963299
v 1.2139847665267174 3.3915675416683015 0.5371007687434557
v 1.0414288756422825 4.520430717053276 -0.08523246751884161
v 1.393813608436998 4.520430717053276 0.04302508622828416
v 0.7670386423220075 3.644913879591253 0.6686485026474992
v 1.119423375116723 3.644913879591253 0.796906056394625
v 1.4883749998469924 4.267084379130324 -0.21678020142288523
v 1.1359902670522768 4.267084379130324 -0.345037755170011
v 1.2139847665267174 3.3915675416683015 0.5371007687434557
v 0.8616000337320018 3.391567541668302 0.4088432149963299
vt 0.4805297553539276 0.10552978515625
vt 0.50384521484375 0.10552978515625
vt 0.4805297553539276 0.17962646484375
vt 0.50384521484375 0.17962646484375
vt 0.52740478515625 0.10552978515625
vt 0.55072021484375 0.10552978515625
vt 0.52740478515625 0.17962646484375
vt 0.55072021484375 0.17962646484375
vt 0.52728271484375 0.10540771484375
vt 0.50396728515625 0.10540771484375
vt 0.52728271484375 0.08209228515625
vt 0.50396728515625 0.08209228515625
vt 0.55072021484375 0.08209228515625
vt 0.52740478515625 0.08209228515625
vt 0.55072021484375 0.10540771484375
vt 0.52740478515625 0.10540771484375
vt 0.55084228515625 0.10552978515625
vt 0.57415771484375 0.10552978515625
vt 0.55084228515625 0.17962646484375
vt 0.57415771484375 0.17962646484375
vt 0.50396728515625 0.10552978515625
vt 0.52728271484375 0.10552978515625
vt 0.50396728515625 0.17962646484375
vt 0.52728271484375 0.17962646484375
vn 0.9396926207859084 -2.7755575615628914e-17 0.34202014332566866
vn 0.9396926207859084 -2.7755575615628914e-17 0.34202014332566866
vn 0.9396926207859084 -2.7755575615628914e-17 0.34202014332566866
vn 0.9396926207859084 -2.7755575615628914e-17 0.34202014332566866
vn -0.9396926207859084 2.7755575615628914e-17 -0.34202014332566866
vn -0.9396926207859084 2.7755575615628914e-17 -0.34202014332566866
vn -0.9396926207859084 2.7755575615628914e-17 -0.34202014332566866
vn -0.9396926207859084 2.7755575615628914e-17 -0.34202014332566866
vn 0.23106545963812636 0.7372773368101242 -0.6348471327716557
vn 0.23106545963812636 0.7372773368101242 -0.6348471327716557
vn 0.23106545963812636 0.7372773368101242 -0.6348471327716557
vn 0.23106545963812636 0.7372773368101242 -0.6348471327716557
vn -0.23106545963812636 -0.7372773368101242 0.6348471327716557
vn -0.23106545963812636 -0.7372773368101242 0.6348471327716557
vn -0.23106545963812636 -0.7372773368101242 0.6348471327716557
vn -0.23106545963812636 -0.7372773368101242 0.6348471327716557
vn -0.25216370040656594 0.6755902076156601 0.6928140728731605
vn -0.25216370040656594 0.6755902076156601 0.6928140728731605
vn -0.25216370040656594 0.6755902076156601 0.6928140728731605
vn -0.25216370040656594 0.6755902076156601 0.6928140728731605
vn 0.25216370040656594 -0.6755902076156601 -0.6928140728731605
vn 0.25216370040656594 -0.6755902076156601 -0.6928140728731605
vn 0.25216370040656594 -0.6755902076156601 -0.6928140728731605
vn 0.25216370040656594 -0.6755902076156601 -0.6928140728731605
f 1393/1393/1393 1395/1395/1395 1394/1394/1394
f 1395/1395/1395 1396/1396/1396 1394/1394/1394
f 1397/1397/1397 1399/1399/1399 1398/1398/1398
f 1399/1399/1399 1400/1400/1400 1398/1398/1398
f 1401/1401/1401 1403/1403/1403 1402/1402/1402
f 1403/1403/1403 1404/1404/1404 1402/1402/1402
f 1405/1405/1405 1407/1407/1407 1406/1406/1406
f 1407/1407/1407 1408/1408/1408 1406/1406/1406
f 1409/1409/1409 1411/1411/1411 1410/1410/1410
f 1411/1411/1411 1412/1412/1412 1410/1410/1410
f 1413/1413/1413 1415/1415/1415 1414/1414/1414
f 1415/1415/1415 1416/1416/1416 1414/1414/1414
o leftarm3_2
usemtl material11
v 1.1170787237069941 3.82947497466079 0.8398954969150022
v 1.2456362475599585 3.692666915291924 0.48668660302798405
v 1.070287611633548 3.4535979207454224 0.9684530207679665
v 1.1988451354865122 3.3167898613765563 0.6152441268809483
v 0.8697591936445905 3.692666915291924 0.3498785436591177
v 0.7412016697916264 3.82947497466079 0.7030874375461358
v 0.8229680815711443 3.3167898613765563 0.4784360675120819
v 0.69441055771818 3.4535979207454224 0.8316449613991
v 0.8697591936445905 3.692666915291924 0.3498785436591177
v 1.2456362475599585 3.692666915291924 0.48668660302798405
v 0.7412016697916264 3.82947497466079 0.7030874375461358
v 1.1170787237069941 3.82947497466079 0.8398954969150022
v 0.69441055771818 3.4535979207454224 0.8316449613991
v 1.070287611633548 3.4535979207454224 0.9684530207679665
v 0.8229680815711443 3.3167898613765563 0.4784360675120819
v 1.1988451354865122 3.3167898613765563 0.6152441268809483
v 0.7412016697916264 3.82947497466079 0.7030874375461358
v 1.1170787237069941 3.82947497466079 0.8398954969150022
v 0.69441055771818 3.4535979207454224 0.8316449613991
v 1.070287611633548 3.4535979207454224 0.9684530207679665
v 1.2456362475599585 3.692666915291924 0.48668660302798405
v 0.8697591936445905 3.692666915291924 0.3498785436591177
v 1.1988451354865122 3.3167898613765563 0.6152441268809483
v 0.8229680815711443 3.3167898613765563 0.4784360675120819
vt 0.59381103515625 0.50006103515625
vt 0.61712646484375 0.50006103515625
vt 0.59381103515625 0.52337646484375
vt 0.61712646484375 0.52337646484375
vt 0.64068603515625 0.50006103515625
vt 0.66400146484375 0.50006103515625
vt 0.64068603515625 0.52337646484375
vt 0.66400146484375 0.52337646484375
vt 0.64056396484375 0.49993896484375
vt 0.61724853515625 0.49993896484375
vt 0.64056396484375 0.47662353515625
vt 0.61724853515625 0.47662353515625
vt 0.66400146484375 0.47662353515625
vt 0.64068603515625 0.47662353515625
vt 0.66400146484375 0.49993896484375
vt 0.64068603515625 0.49993896484375
vt 0.66412353515625 0.50006103515625
vt 0.68743896484375 0.50006103515625
vt 0.66412353515625 0.52337646484375
vt 0.68743896484375 0.52337646484375
vt 0.61724853515625 0.50006103515625
vt 0.64056396484375 0.50006103515625
vt 0.61724853515625 0.52337646484375
vt 0.64056396484375 0.52337646484375
vn 0.9396926207859084 0 0.3420201433256687
vn 0.9396926207859084 0 0.3420201433256687
vn 0.9396926207859084 0 0.3420201433256687
vn 0.9396926207859084 0 0.3420201433256687
vn -0.9396926207859084 0 -0.3420201433256687
vn -0.9396926207859084 0 -0.3420201433256687
vn -0.9396926207859084 0 -0.3420201433256687
vn -0.9396926207859084 0 -0.3420201433256687
vn 0.11697777844051094 0.9396926207859085 -0.3213938048432695
vn 0.11697777844051094 0.9396926207859085 -0.3213938048432695
vn 0.11697777844051094 0.9396926207859085 -0.3213938048432695
vn 0.11697777844051094 0.9396926207859085 -0.3213938048432695
vn -0.11697777844051094 -0.9396926207859085 0.3213938048432695
vn -0.11697777844051094 -0.9396926207859085 0.3213938048432695
vn -0.11697777844051094 -0.9396926207859085 0.3213938048432695
vn -0.11697777844051094 -0.9396926207859085 0.3213938048432695
vn -0.3213938048432696 0.34202014332566866 0.8830222215594891
vn -0.3213938048432696 0.34202014332566866 0.8830222215594891
vn -0.3213938048432696 0.34202014332566866 0.8830222215594891
vn -0.3213938048432696 0.34202014332566866 0.8830222215594891
vn 0.3213938048432696 -0.34202014332566866 -0.8830222215594891
vn 0.3213938048432696 -0.34202014332566866 -0.8830222215594891
vn 0.3213938048432696 -0.34202014332566866 -0.8830222215594891
vn 0.3213938048432696 -0.34202014332566866 -0.8830222215594891
f 1417/1417/1417 1419/1419/1419 1418/1418/1418
f 1419/1419/1419 1420/1420/1420 1418/1418/1418
f 1421/1421/1421 1423/1423/1423 1422/1422/1422
f 1423/1423/1423 1424/1424/1424 1422/1422/1422
f 1425/1425/1425 1427/1427/1427 1426/1426/1426
f 1427/1427/1427 1428/1428/1428 1426/1426/1426
f 1429/1429/1429 1431/1431/1431 1430/1430/1430
f 1431/1431/1431 1432/1432/1432 1430/1430/1430
f 1433/1433/1433 1435/1435/1435 1434/1434/1434
f 1435/1435/1435 1436/1436/1436 1434/1434/1434
f 1437/1437/1437 1439/1439/1439 1438/1438/1438
f 1439/1439/1439 1440/1440/1440 1438/1438/1438
o b22_1
usemtl material11
v 1.1597865490877954 4.783194616264319 0.16455717450760649
v 1.7918638142742334 4.424908803433123 -0.021479400278974048
v 1.102020184178264 4.598875282061788 0.3232689577005204
v 1.734097449364702 4.240589469230592 0.13723238291393985
v 1.4576313154940406 4.096480141671194 -0.524549475807639
v 0.8255540503076025 4.454765954502389 -0.33851290102105847
v 1.3998649505845089 3.9121608074686627 -0.3658376926147251
v 0.767787685398071 4.270446620299858 -0.1798011178281445
v 1.4576313154940406 4.096480141671194 -0.524549475807639
v 1.7918638142742334 4.424908803433123 -0.021479400278974048
v 0.8255540503076025 4.454765954502389 -0.33851290102105847
v 1.1597865490877954 4.783194616264319 0.16455717450760649
v 0.767787685398071 4.270446620299858 -0.1798011178281445
v 1.102020184178264 4.598875282061788 0.3232689577005204
v 1.3998649505845089 3.9121608074686627 -0.3658376926147251
v 1.734097449364702 4.240589469230592 0.13723238291393985
v 0.8255540503076025 4.454765954502389 -0.33851290102105847
v 1.1597865490877954 4.783194616264319 0.16455717450760649
v 0.767787685398071 4.270446620299858 -0.1798011178281445
v 1.102020184178264 4.598875282061788 0.3232689577005204
v 1.7918638142742334 4.424908803433123 -0.021479400278974048
v 1.4576313154940406 4.096480141671194 -0.524549475807639
v 1.734097449364702 4.240589469230592 0.13723238291393985
v 1.3998649505845089 3.9121608074686627 -0.3658376926147251
vt 0.38287353515625 0.25787353515625
vt 0.42962646484375 0.25787353515625
vt 0.38287353515625 0.27337646484375
vt 0.42962646484375 0.27337646484375
vt 0.47271728515625 0.25787353515625
vt 0.51947021484375 0.25787353515625
vt 0.47271728515625 0.27337646484375
vt 0.51947021484375 0.27337646484375
vt 0.4725951850414276 0.25775146484375
vt 0.4297485053539276 0.25775146484375
vt 0.4725951850414276 0.21099853515625
vt 0.4297485053539276 0.21099853515625
vt 0.51556396484375 0.21099853515625
vt 0.47271728515625 0.21099853515625
vt 0.51556396484375 0.25775146484375
vt 0.47271728515625 0.25775146484375
vt 0.51959228515625 0.25787353515625
vt 0.56243896484375 0.25787353515625
vt 0.51959228515625 0.27337646484375
vt 0.56243896484375 0.27337646484375
vt 0.4297485053539276 0.25787353515625
vt 0.4725951850414276 0.25787353515625
vt 0.4297485053539276 0.27337646484375
vt 0.4725951850414276 0.27337646484375
vn 0.4861563618620989 0.4777144171082608 0.7317382916780579
vn 0.4861563618620989 0.4777144171082608 0.7317382916780579
vn 0.4861563618620989 0.4777144171082608 0.7317382916780579
vn 0.4861563618620989 0.4777144171082608 0.7317382916780579
vn -0.4861563618620989 -0.4777144171082608 -0.7317382916780579
vn -0.4861563618620989 -0.4777144171082608 -0.7317382916780579
vn -0.4861563618620989 -0.4777144171082608 -0.7317382916780579
vn -0.4861563618620989 -0.4777144171082608 -0.7317382916780579
vn 0.23106545963812644 0.7372773368101243 -0.6348471327716556
vn 0.23106545963812644 0.7372773368101243 -0.6348471327716556
vn 0.23106545963812644 0.7372773368101243 -0.6348471327716556
vn 0.23106545963812644 0.7372773368101243 -0.6348471327716556
vn -0.23106545963812644 -0.7372773368101243 0.6348471327716556
vn -0.23106545963812644 -0.7372773368101243 0.6348471327716556
vn -0.23106545963812644 -0.7372773368101243 0.6348471327716556
vn -0.23106545963812644 -0.7372773368101243 0.6348471327716556
vn -0.8427696869152506 0.4777144171082609 0.24804876638210746
vn -0.8427696869152506 0.4777144171082609 0.24804876638210746
vn -0.8427696869152506 0.4777144171082609 0.24804876638210746
vn -0.8427696869152506 0.4777144171082609 0.24804876638210746
vn 0.8427696869152506 -0.4777144171082609 -0.24804876638210746
vn 0.8427696869152506 -0.4777144171082609 -0.24804876638210746
vn 0.8427696869152506 -0.4777144171082609 -0.24804876638210746
vn 0.8427696869152506 -0.4777144171082609 -0.24804876638210746
f 1441/1441/1441 1443/1443/1443 1442/1442/1442
f 1443/1443/1443 1444/1444/1444 1442/1442/1442
f 1445/1445/1445 1447/1447/1447 1446/1446/1446
f 1447/1447/1447 1448/1448/1448 1446/1446/1446
f 1449/1449/1449 1451/1451/1451 1450/1450/1450
f 1451/1451/1451 1452/1452/1452 1450/1450/1450
f 1453/1453/1453 1455/1455/1455 1454/1454/1454
f 1455/1455/1455 1456/1456/1456 1454/1454/1454
f 1457/1457/1457 1459/1459/1459 1458/1458/1458
f 1459/1459/1459 1460/1460/1460 1458/1458/1458
f 1461/1461/1461 1463/1463/1463 1462/1462/1462
f 1463/1463/1463 1464/1464/1464 1462/1462/1462
o b49_1
usemtl material11
v 0.7678180824570104 4.270476489523903 -0.17975536569215428
v 1.3998953476434484 3.9121906766927075 -0.36579194047873487
v 0.4501030754545867 3.256720151409982 0.6931594418688722
v 1.0821803406410246 2.8984343385787863 0.5071228670822917
v 1.3998649505845089 3.9121608074686627 -0.3658376926147251
v 0.767787685398071 4.270446620299858 -0.1798011178281445
v 1.0821499435820852 2.898404469354742 0.5070771149463015
v 0.45007267839564724 3.2566902821859376 0.693113689732882
v 1.3998649505845089 3.9121608074686627 -0.3658376926147251
v 1.3998953476434484 3.9121906766927075 -0.36579194047873487
v 0.767787685398071 4.270446620299858 -0.1798011178281445
v 0.7678180824570104 4.270476489523903 -0.17975536569215428
v 0.45007267839564724 3.2566902821859376 0.693113689732882
v 0.4501030754545867 3.256720151409982 0.6931594418688722
v 1.0821499435820852 2.898404469354742 0.5070771149463015
v 1.0821803406410246 2.8984343385787863 0.5071228670822917
v 0.767787685398071 4.270446620299858 -0.1798011178281445
v 0.7678180824570104 4.270476489523903 -0.17975536569215428
v 0.45007267839564724 3.2566902821859376 0.693113689732882
v 0.4501030754545867 3.256720151409982 0.6931594418688722
v 1.3998953476434484 3.9121906766927075 -0.36579194047873487
v 1.3998649505845089 3.9121608074686627 -0.3658376926147251
v 1.0821803406410246 2.8984343385787863 0.5071228670822917
v 1.0821499435820852 2.898404469354742 0.5070771149463015
vt 0.27349853515625 0.46490478515625
vt 0.32025146484375 0.46490478515625
vt 0.27349853515625 0.55072021484375
vt 0.32025146484375 0.55072021484375
vt 0.32037353515625 0.46490478515625
vt 0.36712646484375 0.46490478515625
vt 0.32037353515625 0.55072021484375
vt 0.36712646484375 0.55072021484375
vt 0.32037353515625 0.46478271484375
vt 0.32025146484375 0.46478271484375
vt 0.32037353515625 0.41802978515625
vt 0.32025146484375 0.41802978515625
vt 0.32037353515625 0.41802978515625
vt 0.32025146484375 0.41802978515625
vt 0.32037353515625 0.46478271484375
vt 0.32025146484375 0.46478271484375
vt 0.36724853515625 0.46490478515625
vt 0.36712646484375 0.46490478515625
vt 0.36724853515625 0.55072021484375
vt 0.36712646484375 0.55072021484375
vt 0.32037353515625 0.46490478515625
vt 0.32025146484375 0.46490478515625
vt 0.32037353515625 0.55072021484375
vt 0.32025146484375 0.55072021484375
vn 0.4861563618620989 0.4777144171082608 0.7317382916780579
vn 0.4861563618620989 0.4777144171082608 0.7317382916780579
vn 0.4861563618620989 0.4777144171082608 0.7317382916780579
vn 0.4861563618620989 0.4777144171082608 0.7317382916780579
vn -0.4861563618620989 -0.4777144171082608 -0.7317382916780579
vn -0.4861563618620989 -0.4777144171082608 -0.7317382916780579
vn -0.4861563618620989 -0.4777144171082608 -0.7317382916780579
vn -0.4861563618620989 -0.4777144171082608 -0.7317382916780579
vn 0.23106545963812644 0.7372773368101243 -0.6348471327716556
vn 0.23106545963812644 0.7372773368101243 -0.6348471327716556
vn 0.23106545963812644 0.7372773368101243 -0.6348471327716556
vn 0.23106545963812644 0.7372773368101243 -0.6348471327716556
vn -0.23106545963812644 -0.7372773368101243 0.6348471327716556
vn -0.23106545963812644 -0.7372773368101243 0.6348471327716556
vn -0.23106545963812644 -0.7372773368101243 0.6348471327716556
vn -0.23106545963812644 -0.7372773368101243 0.6348471327716556
vn -0.8427696869152506 0.4777144171082609 0.24804876638210746
vn -0.8427696869152506 0.4777144171082609 0.24804876638210746
vn -0.8427696869152506 0.4777144171082609 0.24804876638210746
vn -0.8427696869152506 0.4777144171082609 0.24804876638210746
vn 0.8427696869152506 -0.4777144171082609 -0.24804876638210746
vn 0.8427696869152506 -0.4777144171082609 -0.24804876638210746
vn 0.8427696869152506 -0.4777144171082609 -0.24804876638210746
vn 0.8427696869152506 -0.4777144171082609 -0.24804876638210746
f 1465/1465/1465 1467/1467/1467 1466/1466/1466
f 1467/1467/1467 1468/1468/1468 1466/1466/1466
f 1469/1469/1469 1471/1471/1471 1470/1470/1470
f 1471/1471/1471 1472/1472/1472 1470/1470/1470
f 1473/1473/1473 1475/1475/1475 1474/1474/1474
f 1475/1475/1475 1476/1476/1476 1474/1474/1474
f 1477/1477/1477 1479/1479/1479 1478/1478/1478
f 1479/1479/1479 1480/1480/1480 1478/1478/1478
f 1481/1481/1481 1483/1483/1483 1482/1482/1482
f 1483/1483/1483 1484/1484/1484 1482/1482/1482
f 1485/1485/1485 1487/1487/1487 1486/1486/1486
f 1487/1487/1487 1488/1488/1488 1486/1486/1486
o b50_1
usemtl material11
v 1.1020505522600261 4.598905122811834 0.32331466622150956
v 1.734127817446464 4.240619309980638 0.13727809143492903
v 0.7843355452576025 3.5851487846979126 1.196229473782536
v 1.4164128104440405 3.2268629718667174 1.0101928989959554
v 1.734097449364702 4.240589469230592 0.13723238291393974
v 1.102020184178264 4.598875282061787 0.3232689577005203
v 1.4163824423622782 3.226833131116671 1.0101471904749662
v 0.7843051771758403 3.585118943947866 1.1961837652615466
v 1.734097449364702 4.240589469230592 0.13723238291393974
v 1.734127817446464 4.240619309980638 0.13727809143492903
v 1.102020184178264 4.598875282061787 0.3232689577005203
v 1.1020505522600261 4.598905122811834 0.32331466622150956
v 0.7843051771758403 3.585118943947866 1.1961837652615466
v 0.7843355452576025 3.5851487846979126 1.196229473782536
v 1.4163824423622782 3.226833131116671 1.0101471904749662
v 1.4164128104440405 3.2268629718667174 1.0101928989959554
v 1.102020184178264 4.598875282061787 0.3232689577005203
v 1.1020505522600261 4.598905122811834 0.32331466622150956
v 0.7843051771758403 3.585118943947866 1.1961837652615466
v 0.7843355452576025 3.5851487846979126 1.196229473782536
v 1.734127817446464 4.240619309980638 0.13727809143492903
v 1.734097449364702 4.240589469230592 0.13723238291393974
v 1.4164128104440405 3.2268629718667174 1.0101928989959554
v 1.4163824423622782 3.226833131116671 1.0101471904749662
vt 0.17974853515625 0.46490478515625
vt 0.22650146484375 0.46490478515625
vt 0.17974853515625 0.55072021484375
vt 0.22650146484375 0.55072021484375
vt 0.22662353515625 0.46490478515625
vt 0.27337646484375 0.46490478515625
vt 0.22662353515625 0.55072021484375
vt 0.27337646484375 0.55072021484375
vt 0.22662353515625 0.46478271484375
vt 0.22650146484375 0.46478271484375
vt 0.22662353515625 0.41802978515625
vt 0.22650146484375 0.41802978515625
vt 0.22662353515625 0.41802978515625
vt 0.22650146484375 0.41802978515625
vt 0.22662353515625 0.46478271484375
vt 0.22650146484375 0.46478271484375
vt 0.27349853515625 0.46490478515625
vt 0.27337646484375 0.46490478515625
vt 0.27349853515625 0.55072021484375
vt 0.27337646484375 0.55072021484375
vt 0.22662353515625 0.46490478515625
vt 0.22650146484375 0.46490478515625
vt 0.22662353515625 0.55072021484375
vt 0.22650146484375 0.55072021484375
vn 0.4861563618620989 0.4777144171082608 0.7317382916780579
vn 0.4861563618620989 0.4777144171082608 0.7317382916780579
vn 0.4861563618620989 0.4777144171082608 0.7317382916780579
vn 0.4861563618620989 0.4777144171082608 0.7317382916780579
vn -0.4861563618620989 -0.4777144171082608 -0.7317382916780579
vn -0.4861563618620989 -0.4777144171082608 -0.7317382916780579
vn -0.4861563618620989 -0.4777144171082608 -0.7317382916780579
vn -0.4861563618620989 -0.4777144171082608 -0.7317382916780579
vn 0.23106545963812644 0.7372773368101243 -0.6348471327716556
vn 0.23106545963812644 0.7372773368101243 -0.6348471327716556
vn 0.23106545963812644 0.7372773368101243 -0.6348471327716556
vn 0.23106545963812644 0.7372773368101243 -0.6348471327716556
vn -0.23106545963812644 -0.7372773368101243 0.6348471327716556
vn -0.23106545963812644 -0.7372773368101243 0.6348471327716556
vn -0.23106545963812644 -0.7372773368101243 0.6348471327716556
vn -0.23106545963812644 -0.7372773368101243 0.6348471327716556
vn -0.8427696869152506 0.4777144171082609 0.24804876638210746
vn -0.8427696869152506 0.4777144171082609 0.24804876638210746
vn -0.8427696869152506 0.4777144171082609 0.24804876638210746
vn -0.8427696869152506 0.4777144171082609 0.24804876638210746
vn 0.8427696869152506 -0.4777144171082609 -0.24804876638210746
vn 0.8427696869152506 -0.4777144171082609 -0.24804876638210746
vn 0.8427696869152506 -0.4777144171082609 -0.24804876638210746
vn 0.8427696869152506 -0.4777144171082609 -0.24804876638210746
f 1489/1489/1489 1491/1491/1491 1490/1490/1490
f 1491/1491/1491 1492/1492/1492 1490/1490/1490
f 1493/1493/1493 1495/1495/1495 1494/1494/1494
f 1495/1495/1495 1496/1496/1496 1494/1494/1494
f 1497/1497/1497 1499/1499/1499 1498/1498/1498
f 1499/1499/1499 1500/1500/1500 1498/1498/1498
f 1501/1501/1501 1503/1503/1503 1502/1502/1502
f 1503/1503/1503 1504/1504/1504 1502/1502/1502
f 1505/1505/1505 1507/1507/1507 1506/1506/1506
f 1507/1507/1507 1508/1508/1508 1506/1506/1506
f 1509/1509/1509 1511/1511/1511 1510/1510/1510
f 1511/1511/1511 1512/1512/1512 1510/1510/1510
o b51_1
usemtl material11
v 1.734044754960483 4.2406193384546365 0.13724789223061867
v 1.734097449364702 4.240589469230592 0.13723238291393974
v 1.4163297479580592 3.2268630003407153 1.010162699791645
v 1.4163824423622782 3.226833131116671 1.0101471904749662
v 1.3998649505845089 3.9121608074686627 -0.3658376926147252
v 1.39981225618029 3.912190676692707 -0.3658221832980463
v 1.0821499435820852 2.898404469354742 0.5070771149463014
v 1.0820972491778662 2.8984343385787863 0.5070926242629803
v 1.3998649505845089 3.9121608074686627 -0.3658376926147252
v 1.734097449364702 4.240589469230592 0.13723238291393974
v 1.39981225618029 3.912190676692707 -0.3658221832980463
v 1.734044754960483 4.2406193384546365 0.13724789223061867
v 1.0820972491778662 2.8984343385787863 0.5070926242629803
v 1.4163297479580592 3.2268630003407153 1.010162699791645
v 1.0821499435820852 2.898404469354742 0.5070771149463014
v 1.4163824423622782 3.226833131116671 1.0101471904749662
v 1.39981225618029 3.912190676692707 -0.3658221832980463
v 1.734044754960483 4.2406193384546365 0.13724789223061867
v 1.0820972491778662 2.8984343385787863 0.5070926242629803
v 1.4163297479580592 3.2268630003407153 1.010162699791645
v 1.734097449364702 4.240589469230592 0.13723238291393974
v 1.3998649505845089 3.9121608074686627 -0.3658376926147252
v 1.4163824423622782 3.226833131116671 1.0101471904749662
v 1.0821499435820852 2.898404469354742 0.5070771149463014
vt 0.52349853515625 0.35552978515625
vt 0.52337646484375 0.35552978515625
vt 0.52349853515625 0.44134521484375
vt 0.52337646484375 0.44134521484375
vt 0.56646728515625 0.35552978515625
vt 0.56634521484375 0.35552978515625
vt 0.56646728515625 0.44134521484375
vt 0.56634521484375 0.44134521484375
vt 0.56634521484375 0.35552978515625
vt 0.52349853515625 0.35552978515625
vt 0.56634521484375 0.35540771484375
vt 0.52349853515625 0.35540771484375
vt 0.60931396484375 0.35552978515625
vt 0.56646728515625 0.35552978515625
vt 0.60931396484375 0.35540771484375
vt 0.56646728515625 0.35540771484375
vt 0.56646728515625 0.35552978515625
vt 0.60931396484375 0.35552978515625
vt 0.56646728515625 0.44134521484375
vt 0.60931396484375 0.44134521484375
vt 0.52349853515625 0.35552978515625
vt 0.56634521484375 0.35552978515625
vt 0.52349853515625 0.44134521484375
vt 0.56634521484375 0.44134521484375
vn 0.4861563618620989 0.4777144171082608 0.7317382916780579
vn 0.4861563618620989 0.4777144171082608 0.7317382916780579
vn 0.4861563618620989 0.4777144171082608 0.7317382916780579
vn 0.4861563618620989 0.4777144171082608 0.7317382916780579
vn -0.4861563618620989 -0.4777144171082608 -0.7317382916780579
vn -0.4861563618620989 -0.4777144171082608 -0.7317382916780579
vn -0.4861563618620989 -0.4777144171082608 -0.7317382916780579
vn -0.4861563618620989 -0.4777144171082608 -0.7317382916780579
vn 0.23106545963812644 0.7372773368101243 -0.6348471327716556
vn 0.23106545963812644 0.7372773368101243 -0.6348471327716556
vn 0.23106545963812644 0.7372773368101243 -0.6348471327716556
vn 0.23106545963812644 0.7372773368101243 -0.6348471327716556
vn -0.23106545963812644 -0.7372773368101243 0.6348471327716556
vn -0.23106545963812644 -0.7372773368101243 0.6348471327716556
vn -0.23106545963812644 -0.7372773368101243 0.6348471327716556
vn -0.23106545963812644 -0.7372773368101243 0.6348471327716556
vn -0.8427696869152506 0.4777144171082609 0.24804876638210746
vn -0.8427696869152506 0.4777144171082609 0.24804876638210746
vn -0.8427696869152506 0.4777144171082609 0.24804876638210746
vn -0.8427696869152506 0.4777144171082609 0.24804876638210746
vn 0.8427696869152506 -0.4777144171082609 -0.24804876638210746
vn 0.8427696869152506 -0.4777144171082609 -0.24804876638210746
vn 0.8427696869152506 -0.4777144171082609 -0.24804876638210746
vn 0.8427696869152506 -0.4777144171082609 -0.24804876638210746
f 1513/1513/1513 1515/1515/1515 1514/1514/1514
f 1515/1515/1515 1516/1516/1516 1514/1514/1514
f 1517/1517/1517 1519/1519/1519 1518/1518/1518
f 1519/1519/1519 1520/1520/1520 1518/1518/1518
f 1521/1521/1521 1523/1523/1523 1522/1522/1522
f 1523/1523/1523 1524/1524/1524 1522/1522/1522
f 1525/1525/1525 1527/1527/1527 1526/1526/1526
f 1527/1527/1527 1528/1528/1528 1526/1526/1526
f 1529/1529/1529 1531/1531/1531 1530/1530/1530
f 1531/1531/1531 1532/1532/1532 1530/1530/1530
f 1533/1533/1533 1535/1535/1535 1534/1534/1534
f 1535/1535/1535 1536/1536/1536 1534/1534/1534
o b52_1
usemtl material11
v 1.101967489774045 4.598905151285832 0.3232844670171992
v 1.102020184178264 4.598875282061787 0.3232689577005203
v 0.7842524827716213 3.585148813171911 1.1961992745782255
v 0.7843051771758403 3.585118943947866 1.1961837652615466
v 0.767787685398071 4.270446620299857 -0.17980111782814462
v 0.767734990993852 4.270476489523903 -0.1797856085114657
v 0.45007267839564724 3.256690282185937 0.6931136897328819
v 0.45001998399142823 3.256720151409982 0.6931291990495608
v 0.767787685398071 4.270446620299857 -0.17980111782814462
v 1.102020184178264 4.598875282061787 0.3232689577005203
v 0.767734990993852 4.270476489523903 -0.1797856085114657
v 1.101967489774045 4.598905151285832 0.3232844670171992
v 0.45001998399142823 3.256720151409982 0.6931291990495608
v 0.7842524827716213 3.585148813171911 1.1961992745782255
v 0.45007267839564724 3.256690282185937 0.6931136897328819
v 0.7843051771758403 3.585118943947866 1.1961837652615466
v 0.767734990993852 4.270476489523903 -0.1797856085114657
v 1.101967489774045 4.598905151285832 0.3232844670171992
v 0.45001998399142823 3.256720151409982 0.6931291990495608
v 0.7842524827716213 3.585148813171911 1.1961992745782255
v 1.102020184178264 4.598875282061787 0.3232689577005203
v 0.767787685398071 4.270446620299857 -0.17980111782814462
v 0.7843051771758403 3.585118943947866 1.1961837652615466
v 0.45007267839564724 3.256690282185937 0.6931136897328819
vt 0.09381103515625 0.48443603515625
vt 0.09368896484375 0.48443603515625
vt 0.09381103515625 0.57025146484375
vt 0.09368896484375 0.57025146484375
vt 0.13677978515625 0.48443603515625
vt 0.13665771484375 0.48443603515625
vt 0.13677978515625 0.57025146484375
vt 0.13665771484375 0.57025146484375
vt 0.13665771484375 0.48443603515625
vt 0.09381103515625 0.48443603515625
vt 0.13665771484375 0.48431396484375
vt 0.09381103515625 0.48431396484375
vt 0.17962646484375 0.48443603515625
vt 0.13677978515625 0.48443603515625
vt 0.17962646484375 0.48431396484375
vt 0.13677978515625 0.48431396484375
vt 0.13677978515625 0.48443603515625
vt 0.17962646484375 0.48443603515625
vt 0.13677978515625 0.57025146484375
vt 0.17962646484375 0.57025146484375
vt 0.09381103515625 0.48443603515625
vt 0.13665771484375 0.48443603515625
vt 0.09381103515625 0.57025146484375
vt 0.13665771484375 0.57025146484375
vn 0.4861563618620989 0.4777144171082608 0.7317382916780579
vn 0.4861563618620989 0.4777144171082608 0.7317382916780579
vn 0.4861563618620989 0.4777144171082608 0.7317382916780579
vn 0.4861563618620989 0.4777144171082608 0.7317382916780579
vn -0.4861563618620989 -0.4777144171082608 -0.7317382916780579
vn -0.4861563618620989 -0.4777144171082608 -0.7317382916780579
vn -0.4861563618620989 -0.4777144171082608 -0.7317382916780579
vn -0.4861563618620989 -0.4777144171082608 -0.7317382916780579
vn 0.23106545963812644 0.7372773368101243 -0.6348471327716556
vn 0.23106545963812644 0.7372773368101243 -0.6348471327716556
vn 0.23106545963812644 0.7372773368101243 -0.6348471327716556
vn 0.23106545963812644 0.7372773368101243 -0.6348471327716556
vn -0.23106545963812644 -0.7372773368101243 0.6348471327716556
vn -0.23106545963812644 -0.7372773368101243 0.6348471327716556
vn -0.23106545963812644 -0.7372773368101243 0.6348471327716556
vn -0.23106545963812644 -0.7372773368101243 0.6348471327716556
vn -0.8427696869152506 0.4777144171082609 0.24804876638210746
vn -0.8427696869152506 0.4777144171082609 0.24804876638210746
vn -0.8427696869152506 0.4777144171082609 0.24804876638210746
vn -0.8427696869152506 0.4777144171082609 0.24804876638210746
vn 0.8427696869152506 -0.4777144171082609 -0.24804876638210746
vn 0.8427696869152506 -0.4777144171082609 -0.24804876638210746
vn 0.8427696869152506 -0.4777144171082609 -0.24804876638210746
vn 0.8427696869152506 -0.4777144171082609 -0.24804876638210746
f 1537/1537/1537 1539/1539/1539 1538/1538/1538
f 1539/1539/1539 1540/1540/1540 1538/1538/1538
f 1541/1541/1541 1543/1543/1543 1542/1542/1542
f 1543/1543/1543 1544/1544/1544 1542/1542/1542
f 1545/1545/1545 1547/1547/1547 1546/1546/1546
f 1547/1547/1547 1548/1548/1548 1546/1546/1546
f 1549/1549/1549 1551/1551/1551 1550/1550/1550
f 1551/1551/1551 1552/1552/1552 1550/1550/1550
f 1553/1553/1553 1555/1555/1555 1554/1554/1554
f 1555/1555/1555 1556/1556/1556 1554/1554/1554
f 1557/1557/1557 1559/1559/1559 1558/1558/1558
f 1559/1559/1559 1560/1560/1560 1558/1558/1558
o leftarm4_1
usemtl material11
v 0.9938335131518257 3.4164368848642086 0.7721868563723843
v 1.1079146064940764 3.433364628572403 0.8203942987172294
v 1.4577246128297803 2.340846416332946 0.052092979406140216
v 1.5718057061720312 2.3577741600411404 0.10030042175098519
v 1.165604640732953 3.585382219853821 0.6304929772618139
v 1.0515235473907023 3.5684544761456265 0.5822855349169688
v 1.6294957404109076 2.5097917513225583 -0.08960089970443008
v 1.515414647068657 2.4928640076143638 -0.13780834204927517
v 1.165604640732953 3.585382219853821 0.6304929772618139
v 1.1079146064940764 3.433364628572403 0.8203942987172294
v 1.0515235473907023 3.5684544761456265 0.5822855349169688
v 0.9938335131518257 3.4164368848642086 0.7721868563723843
v 1.515414647068657 2.4928640076143638 -0.13780834204927517
v 1.4577246128297803 2.340846416332946 0.052092979406140216
v 1.6294957404109076 2.5097917513225583 -0.08960089970443008
v 1.5718057061720312 2.3577741600411404 0.10030042175098519
v 1.0515235473907023 3.5684544761456265 0.5822855349169688
v 0.9938335131518257 3.4164368848642086 0.7721868563723843
v 1.515414647068657 2.4928640076143638 -0.13780834204927517
v 1.4577246128297803 2.340846416332946 0.052092979406140216
v 1.1079146064940764 3.433364628572403 0.8203942987172294
v 1.165604640732953 3.585382219853821 0.6304929772618139
v 1.5718057061720312 2.3577741600411404 0.10030042175098519
v 1.6294957404109076 2.5097917513225583 -0.08960089970443008
vt 0.56256103515625 0.61334228515625
vt 0.57025146484375 0.61334228515625
vt 0.56256103515625 0.69915771484375
vt 0.57025146484375 0.69915771484375
vt 0.58599853515625 0.61334228515625
vt 0.59368896484375 0.61334228515625
vt 0.58599853515625 0.69915771484375
vt 0.59368896484375 0.69915771484375
vt 0.58587646484375 0.61322021484375
vt 0.57037353515625 0.61322021484375
vt 0.58587646484375 0.60552978515625
vt 0.57037353515625 0.60552978515625
vt 0.60150146484375 0.60552978515625
vt 0.58599853515625 0.60552978515625
vt 0.60150146484375 0.61322021484375
vt 0.58599853515625 0.61322021484375
vt 0.59381103515625 0.61334228515625
vt 0.60931396484375 0.61334228515625
vt 0.59381103515625 0.69915771484375
vt 0.60931396484375 0.69915771484375
vt 0.57037353515625 0.61334228515625
vt 0.58587646484375 0.61334228515625
vt 0.57037353515625 0.69915771484375
vt 0.58587646484375 0.69915771484375
vn -0.230760136955506 -0.6080703651256717 0.7596052858216618
vn -0.230760136955506 -0.6080703651256717 0.7596052858216618
vn -0.230760136955506 -0.6080703651256717 0.7596052858216618
vn -0.230760136955506 -0.6080703651256717 0.7596052858216618
vn 0.230760136955506 0.6080703651256717 -0.7596052858216618
vn 0.230760136955506 0.6080703651256717 -0.7596052858216618
vn 0.230760136955506 0.6080703651256717 -0.7596052858216618
vn 0.230760136955506 0.6080703651256717 -0.7596052858216618
vn -0.3373753452203307 0.7822476134772822 0.523704637793632
vn -0.3373753452203307 0.7822476134772822 0.523704637793632
vn -0.3373753452203307 0.7822476134772822 0.523704637793632
vn -0.3373753452203307 0.7822476134772822 0.523704637793632
vn 0.3373753452203307 -0.7822476134772822 -0.523704637793632
vn 0.3373753452203307 -0.7822476134772822 -0.523704637793632
vn 0.3373753452203307 -0.7822476134772822 -0.523704637793632
vn 0.3373753452203307 -0.7822476134772822 -0.523704637793632
vn -0.9126486923399053 -0.13542194159377885 -0.38565951577166147
vn -0.9126486923399053 -0.13542194159377885 -0.38565951577166147
vn -0.9126486923399053 -0.13542194159377885 -0.38565951577166147
vn -0.9126486923399053 -0.13542194159377885 -0.38565951577166147
vn 0.9126486923399053 0.13542194159377885 0.38565951577166147
vn 0.9126486923399053 0.13542194159377885 0.38565951577166147
vn 0.9126486923399053 0.13542194159377885 0.38565951577166147
vn 0.9126486923399053 0.13542194159377885 0.38565951577166147
f 1561/1561/1561 1563/1563/1563 1562/1562/1562
f 1563/1563/1563 1564/1564/1564 1562/1562/1562
f 1565/1565/1565 1567/1567/1567 1566/1566/1566
f 1567/1567/1567 1568/1568/1568 1566/1566/1566
f 1569/1569/1569 1571/1571/1571 1570/1570/1570
f 1571/1571/1571 1572/1572/1572 1570/1570/1570
f 1573/1573/1573 1575/1575/1575 1574/1574/1574
f 1575/1575/1575 1576/1576/1576 1574/1574/1574
f 1577/1577/1577 1579/1579/1579 1578/1578/1578
f 1579/1579/1579 1580/1580/1580 1578/1578/1578
f 1581/1581/1581 1583/1583/1583 1582/1582/1582
f 1583/1583/1583 1584/1584/1584 1582/1582/1582
o leftarm4_2
usemtl material11
v 1.2071923403552427 2.371845807810368 0.0830787429673977
v 1.549435599982707 2.422629035908035 0.2277010613817707
v 1.249364258507784 2.2740648561257077 0.017615663243193636
v 1.5916075181352483 2.3248480842233747 0.16223798165756664
v 1.5782806171021453 2.498637831548744 0.13275040065406296
v 1.2360373574746808 2.447854603451077 -0.011871917760310047
v 1.6204525352546866 2.400856879864084 0.0672873209298589
v 1.278209275627222 2.350073651766417 -0.07733499748451411
v 1.5782806171021453 2.498637831548744 0.13275040065406296
v 1.549435599982707 2.422629035908035 0.2277010613817707
v 1.2360373574746808 2.447854603451077 -0.011871917760310047
v 1.2071923403552427 2.371845807810368 0.0830787429673977
v 1.278209275627222 2.350073651766417 -0.07733499748451411
v 1.249364258507784 2.2740648561257077 0.017615663243193636
v 1.6204525352546866 2.400856879864084 0.0672873209298589
v 1.5916075181352483 2.3248480842233747 0.16223798165756664
v 1.2360373574746808 2.447854603451077 -0.011871917760310047
v 1.2071923403552427 2.371845807810368 0.0830787429673977
v 1.278209275627222 2.350073651766417 -0.07733499748451411
v 1.249364258507784 2.2740648561257077 0.017615663243193636
v 1.549435599982707 2.422629035908035 0.2277010613817707
v 1.5782806171021453 2.498637831548744 0.13275040065406296
v 1.5916075181352483 2.3248480842233747 0.16223798165756664
v 1.6204525352546866 2.400856879864084 0.0672873209298589
vt 0.64849853515625 0.69537353515625
vt 0.67181396484375 0.69537353515625
vt 0.64849853515625 0.70306396484375
vt 0.67181396484375 0.70306396484375
vt 0.67974853515625 0.69537353515625
vt 0.70306396484375 0.69537353515625
vt 0.67974853515625 0.70306396484375
vt 0.70306396484375 0.70306396484375
vt 0.67962646484375 0.69525146484375
vt 0.67193603515625 0.69525146484375
vt 0.67962646484375 0.67193603515625
vt 0.67193603515625 0.67193603515625
vt 0.68743896484375 0.67193603515625
vt 0.67974853515625 0.67193603515625
vt 0.68743896484375 0.69525146484375
vt 0.67974853515625 0.69525146484375
vt 0.70318603515625 0.69537353515625
vt 0.71087646484375 0.69537353515625
vt 0.70318603515625 0.70306396484375
vt 0.71087646484375 0.70306396484375
vt 0.67193603515625 0.69537353515625
vt 0.67962646484375 0.69537353515625
vt 0.67193603515625 0.70306396484375
vt 0.67962646484375 0.70306396484375
vn -0.230760136955506 -0.6080703651256717 0.7596052858216618
vn -0.230760136955506 -0.6080703651256717 0.7596052858216618
vn -0.230760136955506 -0.6080703651256717 0.7596052858216618
vn -0.230760136955506 -0.6080703651256717 0.7596052858216618
vn 0.230760136955506 0.6080703651256717 -0.7596052858216618
vn 0.230760136955506 0.6080703651256717 -0.7596052858216618
vn 0.230760136955506 0.6080703651256717 -0.7596052858216618
vn 0.230760136955506 0.6080703651256717 -0.7596052858216618
vn -0.3373753452203307 0.7822476134772822 0.523704637793632
vn -0.3373753452203307 0.7822476134772822 0.523704637793632
vn -0.3373753452203307 0.7822476134772822 0.523704637793632
vn -0.3373753452203307 0.7822476134772822 0.523704637793632
vn 0.3373753452203307 -0.7822476134772822 -0.523704637793632
vn 0.3373753452203307 -0.7822476134772822 -0.523704637793632
vn 0.3373753452203307 -0.7822476134772822 -0.523704637793632
vn 0.3373753452203307 -0.7822476134772822 -0.523704637793632
vn -0.9126486923399053 -0.13542194159377885 -0.38565951577166147
vn -0.9126486923399053 -0.13542194159377885 -0.38565951577166147
vn -0.9126486923399053 -0.13542194159377885 -0.38565951577166147
vn -0.9126486923399053 -0.13542194159377885 -0.38565951577166147
vn 0.9126486923399053 0.13542194159377885 0.38565951577166147
vn 0.9126486923399053 0.13542194159377885 0.38565951577166147
vn 0.9126486923399053 0.13542194159377885 0.38565951577166147
vn 0.9126486923399053 0.13542194159377885 0.38565951577166147
f 1585/1585/1585 1587/1587/1587 1586/1586/1586
f 1587/1587/1587 1588/1588/1588 1586/1586/1586
f 1589/1589/1589 1591/1591/1591 1590/1590/1590
f 1591/1591/1591 1592/1592/1592 1590/1590/1590
f 1593/1593/1593 1595/1595/1595 1594/1594/1594
f 1595/1595/1595 1596/1596/1596 1594/1594/1594
f 1597/1597/1597 1599/1599/1599 1598/1598/1598
f 1599/1599/1599 1600/1600/1600 1598/1598/1598
f 1601/1601/1601 1603/1603/1603 1602/1602/1602
f 1603/1603/1603 1604/1604/1604 1602/1602/1602
f 1605/1605/1605 1607/1607/1607 1606/1606/1606
f 1607/1607/1607 1608/1608/1608 1606/1606/1606
o leftarm4_3
usemtl material11
v 0.8371343918978126 3.4290496686357295 0.652400366801344
v 0.9512154784403006 3.445977411334952 0.7006078062728017
v 1.3010254915757673 2.3534592001044667 -0.0676935101649
v 1.4151065781182555 2.3703869428036892 -0.019486070693442326
v 0.980060495559739 3.521986206975661 0.605657145545094
v 0.8659794090172509 3.5050584642764386 0.5574497060736362
v 1.4439515952376938 2.446395738444398 -0.11443673142115007
v 1.3298705086952056 2.429467995745176 -0.16264417089260774
v 0.980060495559739 3.521986206975661 0.605657145545094
v 0.9512154784403006 3.445977411334952 0.7006078062728017
v 0.8659794090172509 3.5050584642764386 0.5574497060736362
v 0.8371343918978126 3.4290496686357295 0.652400366801344
v 1.3298705086952056 2.429467995745176 -0.16264417089260774
v 1.3010254915757673 2.3534592001044667 -0.0676935101649
v 1.4439515952376938 2.446395738444398 -0.11443673142115007
v 1.4151065781182555 2.3703869428036892 -0.019486070693442326
v 0.8659794090172509 3.5050584642764386 0.5574497060736362
v 0.8371343918978126 3.4290496686357295 0.652400366801344
v 1.3298705086952056 2.429467995745176 -0.16264417089260774
v 1.3010254915757673 2.3534592001044667 -0.0676935101649
v 0.9512154784403006 3.445977411334952 0.7006078062728017
v 0.980060495559739 3.521986206975661 0.605657145545094
v 1.4151065781182555 2.3703869428036892 -0.019486070693442326
v 1.4439515952376938 2.446395738444398 -0.11443673142115007
vt 0.07037353515625 0.62896728515625
vt 0.07806396484375 0.62896728515625
vt 0.07037353515625 0.71478271484375
vt 0.07806396484375 0.71478271484375
vt 0.08599853515625 0.62896728515625
vt 0.09368896484375 0.62896728515625
vt 0.08599853515625 0.71478271484375
vt 0.09368896484375 0.71478271484375
vt 0.08587646484375 0.62884521484375
vt 0.07818603515625 0.62884521484375
vt 0.08587646484375 0.62115478515625
vt 0.07818603515625 0.62115478515625
vt 0.09368896484375 0.62115478515625
vt 0.08599853515625 0.62115478515625
vt 0.09368896484375 0.62884521484375
vt 0.08599853515625 0.62884521484375
vt 0.09381103515625 0.62896728515625
vt 0.10150146484375 0.62896728515625
vt 0.09381103515625 0.71478271484375
vt 0.10150146484375 0.71478271484375
vt 0.07818603515625 0.62896728515625
vt 0.08587646484375 0.62896728515625
vt 0.07818603515625 0.71478271484375
vt 0.08587646484375 0.71478271484375
vn -0.230760136955506 -0.6080703651256717 0.7596052858216618
vn -0.230760136955506 -0.6080703651256717 0.7596052858216618
vn -0.230760136955506 -0.6080703651256717 0.7596052858216618
vn -0.230760136955506 -0.6080703651256717 0.7596052858216618
vn 0.230760136955506 0.6080703651256717 -0.7596052858216618
vn 0.230760136955506 0.6080703651256717 -0.7596052858216618
vn 0.230760136955506 0.6080703651256717 -0.7596052858216618
vn 0.230760136955506 0.6080703651256717 -0.7596052858216618
vn -0.3373753452203307 0.7822476134772822 0.523704637793632
vn -0.3373753452203307 0.7822476134772822 0.523704637793632
vn -0.3373753452203307 0.7822476134772822 0.523704637793632
vn -0.3373753452203307 0.7822476134772822 0.523704637793632
vn 0.3373753452203307 -0.7822476134772822 -0.523704637793632
vn 0.3373753452203307 -0.7822476134772822 -0.523704637793632
vn 0.3373753452203307 -0.7822476134772822 -0.523704637793632
vn 0.3373753452203307 -0.7822476134772822 -0.523704637793632
vn -0.9126486923399053 -0.13542194159377885 -0.38565951577166147
vn -0.9126486923399053 -0.13542194159377885 -0.38565951577166147
vn -0.9126486923399053 -0.13542194159377885 -0.38565951577166147
vn -0.9126486923399053 -0.13542194159377885 -0.38565951577166147
vn 0.9126486923399053 0.13542194159377885 0.38565951577166147
vn 0.9126486923399053 0.13542194159377885 0.38565951577166147
vn 0.9126486923399053 0.13542194159377885 0.38565951577166147
vn 0.9126486923399053 0.13542194159377885 0.38565951577166147
f 1609/1609/1609 1611/1611/1611 1610/1610/1610
f 1611/1611/1611 1612/1612/1612 1610/1610/1610
f 1613/1613/1613 1615/1615/1615 1614/1614/1614
f 1615/1615/1615 1616/1616/1616 1614/1614/1614
f 1617/1617/1617 1619/1619/1619 1618/1618/1618
f 1619/1619/1619 1620/1620/1620 1618/1618/1618
f 1621/1621/1621 1623/1623/1623 1622/1622/1622
f 1623/1623/1623 1624/1624/1624 1622/1622/1622
f 1625/1625/1625 1627/1627/1627 1626/1626/1626
f 1627/1627/1627 1628/1628/1628 1626/1626/1626
f 1629/1629/1629 1631/1631/1631 1630/1630/1630
f 1631/1631/1631 1632/1632/1632 1630/1630/1630
o leftarm4_4
usemtl material11
v 0.5595405775767607 2.57299595411113 1.5612955876287495
v 0.8903757326298338 2.622086408544258 1.701097163820009
v 0.8294408452066417 1.9471978831451804 1.1423318906603162
v 1.160276000259715 1.9962883375783085 1.282133466851576
v 1.2336314528564003 3.5265911201612767 0.5711842468290832
v 0.9027962978033273 3.4775006657281486 0.43138267063782354
v 1.5035317204862815 2.900793049195327 0.15222054986064992
v 1.1726965654332082 2.851702594762199 0.012418973669390265
v 1.2336314528564003 3.5265911201612767 0.5711842468290832
v 0.8903757326298338 2.622086408544258 1.701097163820009
v 0.9027962978033273 3.4775006657281486 0.43138267063782354
v 0.5595405775767607 2.57299595411113 1.5612955876287495
v 1.1726965654332082 2.851702594762199 0.012418973669390265
v 0.8294408452066417 1.9471978831451804 1.1423318906603162
v 1.5035317204862815 2.900793049195327 0.15222054986064992
v 1.160276000259715 1.9962883375783085 1.282133466851576
v 0.9027962978033273 3.4775006657281486 0.43138267063782354
v 0.5595405775767607 2.57299595411113 1.5612955876287495
v 1.1726965654332082 2.851702594762199 0.012418973669390265
v 0.8294408452066417 1.9471978831451804 1.1423318906603162
v 0.8903757326298338 2.622086408544258 1.701097163820009
v 1.2336314528564003 3.5265911201612767 0.5711842468290832
v 1.160276000259715 1.9962883375783085 1.282133466851576
v 1.5035317204862815 2.900793049195327 0.15222054986064992
vt 0.25787353515625 0.01959228515625
vt 0.27728271484375 0.01959228515625
vt 0.25787353515625 0.06634521484375
vt 0.27728271484375 0.06634521484375
vt 0.36724853515625 0.01959228515625
vt 0.38665771484375 0.01959228515625
vt 0.36724853515625 0.06634521484375
vt 0.38665771484375 0.06634521484375
vt 0.36712646484375 0.01947021484375
vt 0.27740478515625 0.01947021484375
vt 0.36712646484375 0.00006103515625
vt 0.27740478515625 0.00006103515625
vt 0.45697021484375 0.00006103515625
vt 0.36724853515625 0.00006103515625
vt 0.45697021484375 0.01947021484375
vt 0.36724853515625 0.01947021484375
vt 0.38677978515625 0.01959228515625
vt 0.47650146484375 0.01959228515625
vt 0.38677978515625 0.06634521484375
vt 0.47650146484375 0.06634521484375
vt 0.27740478515625 0.01959228515625
vt 0.36712646484375 0.01959228515625
vt 0.27740478515625 0.06634521484375
vt 0.36712646484375 0.06634521484375
vn -0.230760136955506 -0.6080703651256717 0.7596052858216618
vn -0.230760136955506 -0.6080703651256717 0.7596052858216618
vn -0.230760136955506 -0.6080703651256717 0.7596052858216618
vn -0.230760136955506 -0.6080703651256717 0.7596052858216618
vn 0.230760136955506 0.6080703651256717 -0.7596052858216618
vn 0.230760136955506 0.6080703651256717 -0.7596052858216618
vn 0.230760136955506 0.6080703651256717 -0.7596052858216618
vn 0.230760136955506 0.6080703651256717 -0.7596052858216618
vn -0.3373753452203307 0.7822476134772822 0.523704637793632
vn -0.3373753452203307 0.7822476134772822 0.523704637793632
vn -0.3373753452203307 0.7822476134772822 0.523704637793632
vn -0.3373753452203307 0.7822476134772822 0.523704637793632
vn 0.3373753452203307 -0.7822476134772822 -0.523704637793632
vn 0.3373753452203307 -0.7822476134772822 -0.523704637793632
vn 0.3373753452203307 -0.7822476134772822 -0.523704637793632
vn 0.3373753452203307 -0.7822476134772822 -0.523704637793632
vn -0.9126486923399053 -0.13542194159377885 -0.38565951577166147
vn -0.9126486923399053 -0.13542194159377885 -0.38565951577166147
vn -0.9126486923399053 -0.13542194159377885 -0.38565951577166147
vn -0.9126486923399053 -0.13542194159377885 -0.38565951577166147
vn 0.9126486923399053 0.13542194159377885 0.38565951577166147
vn 0.9126486923399053 0.13542194159377885 0.38565951577166147
vn 0.9126486923399053 0.13542194159377885 0.38565951577166147
vn 0.9126486923399053 0.13542194159377885 0.38565951577166147
f 1633/1633/1633 1635/1635/1635 1634/1634/1634
f 1635/1635/1635 1636/1636/1636 1634/1634/1634
f 1637/1637/1637 1639/1639/1639 1638/1638/1638
f 1639/1639/1639 1640/1640/1640 1638/1638/1638
f 1641/1641/1641 1643/1643/1643 1642/1642/1642
f 1643/1643/1643 1644/1644/1644 1642/1642/1642
f 1645/1645/1645 1647/1647/1647 1646/1646/1646
f 1647/1647/1647 1648/1648/1648 1646/1646/1646
f 1649/1649/1649 1651/1651/1651 1650/1650/1650
f 1651/1651/1651 1652/1652/1652 1650/1650/1650
f 1653/1653/1653 1655/1655/1655 1654/1654/1654
f 1655/1655/1655 1656/1656/1656 1654/1654/1654
o leftarm5_1
usemtl material11
v 1.33492507341465 2.2867606631501243 0.053771242846786804
v 1.5060467032283822 2.3121522771989573 0.12608240205397336
v 1.4192689097197326 2.0911987597808035 -0.07715491660162122
v 1.590390539533465 2.116590373829637 -0.004843757394434656
v 1.592581754586697 2.5401786641210844 -0.15876958012914988
v 1.4214601247729648 2.514787050072251 -0.23108073933633644
v 1.6769255908917797 2.344616760751764 -0.2896957395775579
v 1.5058039610780474 2.3192251467029306 -0.3620068987847444
v 1.592581754586697 2.5401786641210844 -0.15876958012914988
v 1.5060467032283822 2.3121522771989573 0.12608240205397336
v 1.4214601247729648 2.514787050072251 -0.23108073933633644
v 1.33492507341465 2.2867606631501243 0.053771242846786804
v 1.5058039610780474 2.3192251467029306 -0.3620068987847444
v 1.4192689097197326 2.0911987597808035 -0.07715491660162122
v 1.6769255908917797 2.344616760751764 -0.2896957395775579
v 1.590390539533465 2.116590373829637 -0.004843757394434656
v 1.4214601247729648 2.514787050072251 -0.23108073933633644
v 1.33492507341465 2.2867606631501243 0.053771242846786804
v 1.5058039610780474 2.3192251467029306 -0.3620068987847444
v 1.4192689097197326 2.0911987597808035 -0.07715491660162122
v 1.5060467032283822 2.3121522771989573 0.12608240205397336
v 1.592581754586697 2.5401786641210844 -0.15876958012914988
v 1.590390539533465 2.116590373829637 -0.004843757394434656
v 1.6769255908917797 2.344616760751764 -0.2896957395775579
vt 0.34771728515625 0.21490478515625
vt 0.35931396484375 0.21490478515625
vt 0.34771728515625 0.23040771484375
vt 0.35931396484375 0.23040771484375
vt 0.38287353515625 0.21490478515625
vt 0.39447021484375 0.21490478515625
vt 0.38287353515625 0.23040771484375
vt 0.39447021484375 0.23040771484375
vt 0.38275146484375 0.21478271484375
vt 0.35943603515625 0.21478271484375
vt 0.38275146484375 0.20318603515625
vt 0.35943603515625 0.20318603515625
vt 0.40618896484375 0.20318603515625
vt 0.38287353515625 0.20318603515625
vt 0.40618896484375 0.21478271484375
vt 0.38287353515625 0.21478271484375
vt 0.39459228515625 0.21490478515625
vt 0.41790771484375 0.21490478515625
vt 0.39459228515625 0.23040771484375
vt 0.41790771484375 0.23040771484375
vt 0.35943603515625 0.21490478515625
vt 0.38275146484375 0.21490478515625
vt 0.35943603515625 0.23040771484375
vt 0.38275146484375 0.23040771484375
vn -0.230760136955506 -0.6080703651256717 0.7596052858216618
vn -0.230760136955506 -0.6080703651256717 0.7596052858216618
vn -0.230760136955506 -0.6080703651256717 0.7596052858216618
vn -0.230760136955506 -0.6080703651256717 0.7596052858216618
vn 0.230760136955506 0.6080703651256717 -0.7596052858216618
vn 0.230760136955506 0.6080703651256717 -0.7596052858216618
vn 0.230760136955506 0.6080703651256717 -0.7596052858216618
vn 0.230760136955506 0.6080703651256717 -0.7596052858216618
vn -0.3373753452203307 0.7822476134772822 0.523704637793632
vn -0.3373753452203307 0.7822476134772822 0.523704637793632
vn -0.3373753452203307 0.7822476134772822 0.523704637793632
vn -0.3373753452203307 0.7822476134772822 0.523704637793632
vn 0.3373753452203307 -0.7822476134772822 -0.523704637793632
vn 0.3373753452203307 -0.7822476134772822 -0.523704637793632
vn 0.3373753452203307 -0.7822476134772822 -0.523704637793632
vn 0.3373753452203307 -0.7822476134772822 -0.523704637793632
vn -0.9126486923399053 -0.13542194159377885 -0.38565951577166147
vn -0.9126486923399053 -0.13542194159377885 -0.38565951577166147
vn -0.9126486923399053 -0.13542194159377885 -0.38565951577166147
vn -0.9126486923399053 -0.13542194159377885 -0.38565951577166147
vn 0.9126486923399053 0.13542194159377885 0.38565951577166147
vn 0.9126486923399053 0.13542194159377885 0.38565951577166147
vn 0.9126486923399053 0.13542194159377885 0.38565951577166147
vn 0.9126486923399053 0.13542194159377885 0.38565951577166147
f 1657/1657/1657 1659/1659/1659 1658/1658/1658
f 1659/1659/1659 1660/1660/1660 1658/1658/1658
f 1661/1661/1661 1663/1663/1663 1662/1662/1662
f 1663/1663/1663 1664/1664/1664 1662/1662/1662
f 1665/1665/1665 1667/1667/1667 1666/1666/1666
f 1667/1667/1667 1668/1668/1668 1666/1666/1666
f 1669/1669/1669 1671/1671/1671 1670/1670/1670
f 1671/1671/1671 1672/1672/1672 1670/1670/1670
f 1673/1673/1673 1675/1675/1675 1674/1674/1674
f 1675/1675/1675 1676/1676/1676 1674/1674/1674
f 1677/1677/1677 1679/1679/1679 1678/1678/1678
f 1679/1679/1679 1680/1680/1680 1678/1678/1678
o finger10_1
usemtl material11
v 1.5187750030760376 2.237822889169757 -0.1639884496619571
v 1.6404663342535812 2.2096465727763155 -0.16871233691019732
v 1.4761631767507313 2.086356533014506 -0.3582619043856341
v 1.5978545079282749 2.0581802166210643 -0.3629857916338743
v 1.6594999356086295 2.3050173278994626 -0.24724348414935188
v 1.5378086044310861 2.3331936442929044 -0.24251959690111166
v 1.6168881092833232 2.153550971744212 -0.4415169388730288
v 1.4951967781057798 2.1817272881376537 -0.43679305162478865
v 1.6594999356086295 2.3050173278994626 -0.24724348414935188
v 1.6404663342535812 2.2096465727763155 -0.16871233691019732
v 1.5378086044310861 2.3331936442929044 -0.24251959690111166
v 1.5187750030760376 2.237822889169757 -0.1639884496619571
v 1.4951967781057798 2.1817272881376537 -0.43679305162478865
v 1.4761631767507313 2.086356533014506 -0.3582619043856341
v 1.6168881092833232 2.153550971744212 -0.4415169388730288
v 1.5978545079282749 2.0581802166210643 -0.3629857916338743
v 1.5378086044310861 2.3331936442929044 -0.24251959690111166
v 1.5187750030760376 2.237822889169757 -0.1639884496619571
v 1.4951967781057798 2.1817272881376537 -0.43679305162478865
v 1.4761631767507313 2.086356533014506 -0.3582619043856341
v 1.6404663342535812 2.2096465727763155 -0.16871233691019732
v 1.6594999356086295 2.3050173278994626 -0.24724348414935188
v 1.5978545079282749 2.0581802166210643 -0.3629857916338743
v 1.6168881092833232 2.153550971744212 -0.4415169388730288
vt 0.56256103515625 0.25396728515625
vt 0.57025146484375 0.25396728515625
vt 0.56256103515625 0.26947021484375
vt 0.57025146484375 0.26947021484375
vt 0.57818603515625 0.25396728515625
vt 0.58587646484375 0.25396728515625
vt 0.57818603515625 0.26947021484375
vt 0.58587646484375 0.26947021484375
vt 0.57806396484375 0.25384521484375
vt 0.57037353515625 0.25384521484375
vt 0.57806396484375 0.24615478515625
vt 0.57037353515625 0.24615478515625
vt 0.58587646484375 0.24615478515625
vt 0.57818603515625 0.24615478515625
vt 0.58587646484375 0.25384521484375
vt 0.57818603515625 0.25384521484375
vt 0.58599853515625 0.25396728515625
vt 0.59368896484375 0.25396728515625
vt 0.58599853515625 0.26947021484375
vt 0.59368896484375 0.26947021484375
vt 0.57037353515625 0.25396728515625
vt 0.57806396484375 0.25396728515625
vt 0.57037353515625 0.26947021484375
vt 0.57806396484375 0.26947021484375
vn -0.15226881084038704 -0.7629660409851787 0.6282491779132363
vn -0.15226881084038704 -0.7629660409851787 0.6282491779132363
vn -0.15226881084038704 -0.7629660409851787 0.6282491779132363
vn -0.15226881084038704 -0.7629660409851787 0.6282491779132363
vn 0.15226881084038704 0.7629660409851787 -0.6282491779132363
vn 0.15226881084038704 0.7629660409851787 -0.6282491779132363
vn 0.15226881084038704 0.7629660409851787 -0.6282491779132363
vn 0.15226881084038704 0.7629660409851787 -0.6282491779132363
vn 0.17044730530122543 0.6058654246210042 0.777093818894708
vn 0.17044730530122543 0.6058654246210042 0.777093818894708
vn 0.17044730530122543 0.6058654246210042 0.777093818894708
vn 0.17044730530122543 0.6058654246210042 0.777093818894708
vn -0.17044730530122543 -0.6058654246210042 -0.777093818894708
vn -0.17044730530122543 -0.6058654246210042 -0.777093818894708
vn -0.17044730530122543 -0.6058654246210042 -0.777093818894708
vn -0.17044730530122543 -0.6058654246210042 -0.777093818894708
vn -0.9735306494203484 0.2254105311475336 0.03779109798592155
vn -0.9735306494203484 0.2254105311475336 0.03779109798592155
vn -0.9735306494203484 0.2254105311475336 0.03779109798592155
vn -0.9735306494203484 0.2254105311475336 0.03779109798592155
vn 0.9735306494203484 -0.2254105311475336 -0.03779109798592155
vn 0.9735306494203484 -0.2254105311475336 -0.03779109798592155
vn 0.9735306494203484 -0.2254105311475336 -0.03779109798592155
vn 0.9735306494203484 -0.2254105311475336 -0.03779109798592155
f 1681/1681/1681 1683/1683/1683 1682/1682/1682
f 1683/1683/1683 1684/1684/1684 1682/1682/1682
f 1685/1685/1685 1687/1687/1687 1686/1686/1686
f 1687/1687/1687 1688/1688/1688 1686/1686/1686
f 1689/1689/1689 1691/1691/1691 1690/1690/1690
f 1691/1691/1691 1692/1692/1692 1690/1690/1690
f 1693/1693/1693 1695/1695/1695 1694/1694/1694
f 1695/1695/1695 1696/1696/1696 1694/1694/1694
f 1697/1697/1697 1699/1699/1699 1698/1698/1698
f 1699/1699/1699 1700/1700/1700 1698/1698/1698
f 1701/1701/1701 1703/1703/1703 1702/1702/1702
f 1703/1703/1703 1704/1704/1704 1702/1702/1702
o finger11_1
usemtl material11
v 1.5047511706856702 2.116567205047734 -0.31464421630763395
v 1.5883251766166286 2.0481099926099877 -0.3775250209932077
v 1.3227829586033484 2.0307061747139707 -0.46302026983915157
v 1.4063569645343073 1.9622489622762243 -0.5259010745247253
v 1.607358777971677 2.143480747733135 -0.4560561682323623
v 1.5237847720407185 2.2119379601708817 -0.3931753635467885
v 1.4253905658893555 2.0576197173993713 -0.6044322217638799
v 1.3418165599583967 2.1260769298371183 -0.5415514170783061
v 1.607358777971677 2.143480747733135 -0.4560561682323623
v 1.5883251766166286 2.0481099926099877 -0.3775250209932077
v 1.5237847720407185 2.2119379601708817 -0.3931753635467885
v 1.5047511706856702 2.116567205047734 -0.31464421630763395
v 1.3418165599583967 2.1260769298371183 -0.5415514170783061
v 1.3227829586033484 2.0307061747139707 -0.46302026983915157
v 1.4253905658893555 2.0576197173993713 -0.6044322217638799
v 1.4063569645343073 1.9622489622762243 -0.5259010745247253
v 1.5237847720407185 2.2119379601708817 -0.3931753635467885
v 1.5047511706856702 2.116567205047734 -0.31464421630763395
v 1.3418165599583967 2.1260769298371183 -0.5415514170783061
v 1.3227829586033484 2.0307061747139707 -0.46302026983915157
v 1.5883251766166286 2.0481099926099877 -0.3775250209932077
v 1.607358777971677 2.143480747733135 -0.4560561682323623
v 1.4063569645343073 1.9622489622762243 -0.5259010745247253
v 1.4253905658893555 2.0576197173993713 -0.6044322217638799
vt 0.35162353515625 0.55865478515625
vt 0.35931396484375 0.55865478515625
vt 0.35162353515625 0.57415771484375
vt 0.35931396484375 0.57415771484375
vt 0.36724853515625 0.55865478515625
vt 0.37493896484375 0.55865478515625
vt 0.36724853515625 0.57415771484375
vt 0.37493896484375 0.57415771484375
vt 0.36712646484375 0.55853271484375
vt 0.35943603515625 0.55853271484375
vt 0.36712646484375 0.55084228515625
vt 0.35943603515625 0.55084228515625
vt 0.37493896484375 0.55084228515625
vt 0.36724853515625 0.55084228515625
vt 0.37493896484375 0.55853271484375
vt 0.36724853515625 0.55853271484375
vt 0.37506103515625 0.55865478515625
vt 0.38275146484375 0.55865478515625
vt 0.37506103515625 0.57415771484375
vt 0.38275146484375 0.57415771484375
vt 0.35943603515625 0.55865478515625
vt 0.36712646484375 0.55865478515625
vt 0.35943603515625 0.57415771484375
vt 0.36712646484375 0.57415771484375
vn -0.15226881084038696 -0.7629660409851786 0.6282491779132363
vn -0.15226881084038696 -0.7629660409851786 0.6282491779132363
vn -0.15226881084038696 -0.7629660409851786 0.6282491779132363
vn -0.15226881084038696 -0.7629660409851786 0.6282491779132363
vn 0.15226881084038696 0.7629660409851786 -0.6282491779132363
vn 0.15226881084038696 0.7629660409851786 -0.6282491779132363
vn 0.15226881084038696 0.7629660409851786 -0.6282491779132363
vn 0.15226881084038696 0.7629660409851786 -0.6282491779132363
vn 0.7278728483292863 0.343444121335054 0.5935042141260706
vn 0.7278728483292863 0.343444121335054 0.5935042141260706
vn 0.7278728483292863 0.343444121335054 0.5935042141260706
vn 0.7278728483292863 0.343444121335054 0.5935042141260706
vn -0.7278728483292863 -0.343444121335054 -0.5935042141260706
vn -0.7278728483292863 -0.343444121335054 -0.5935042141260706
vn -0.7278728483292863 -0.343444121335054 -0.5935042141260706
vn -0.7278728483292863 -0.343444121335054 -0.5935042141260706
vn -0.6685920474476691 0.5476576995019752 0.5030464374845908
vn -0.6685920474476691 0.5476576995019752 0.5030464374845908
vn -0.6685920474476691 0.5476576995019752 0.5030464374845908
vn -0.6685920474476691 0.5476576995019752 0.5030464374845908
vn 0.6685920474476691 -0.5476576995019752 -0.5030464374845908
vn 0.6685920474476691 -0.5476576995019752 -0.5030464374845908
vn 0.6685920474476691 -0.5476576995019752 -0.5030464374845908
vn 0.6685920474476691 -0.5476576995019752 -0.5030464374845908
f 1705/1705/1705 1707/1707/1707 1706/1706/1706
f 1707/1707/1707 1708/1708/1708 1706/1706/1706
f 1709/1709/1709 1711/1711/1711 1710/1710/1710
f 1711/1711/1711 1712/1712/1712 1710/1710/1710
f 1713/1713/1713 1715/1715/1715 1714/1714/1714
f 1715/1715/1715 1716/1716/1716 1714/1714/1714
f 1717/1717/1717 1719/1719/1719 1718/1718/1718
f 1719/1719/1719 1720/1720/1720 1718/1718/1718
f 1721/1721/1721 1723/1723/1723 1722/1722/1722
f 1723/1723/1723 1724/1724/1724 1722/1722/1722
f 1725/1725/1725 1727/1727/1727 1726/1726/1726
f 1727/1727/1727 1728/1728/1728 1726/1726/1726
o finger12_1
usemtl material11
v 1.5517697134788313 2.297338435350291 -0.26296770094698574
v 1.6750706272561637 2.281259368849331 -0.2757484787845274
v 1.5142109643376602 2.18384983655307 -0.482534725579543
v 1.6375118781149924 2.16777077005211 -0.4953155034170847
v 1.683390468144818 2.3914707480541058 -0.33413710902508803
v 1.5600895543674858 2.4075498145550656 -0.32135633118754636
v 1.6458317190036467 2.277982149256885 -0.5537041336576454
v 1.5225308052263145 2.2940612157578446 -0.5409233558201036
v 1.683390468144818 2.3914707480541058 -0.33413710902508803
v 1.6750706272561637 2.281259368849331 -0.2757484787845274
v 1.5600895543674858 2.4075498145550656 -0.32135633118754636
v 1.5517697134788313 2.297338435350291 -0.26296770094698574
v 1.5225308052263145 2.2940612157578446 -0.5409233558201036
v 1.5142109643376602 2.18384983655307 -0.482534725579543
v 1.6458317190036467 2.277982149256885 -0.5537041336576454
v 1.6375118781149924 2.16777077005211 -0.4953155034170847
v 1.5600895543674858 2.4075498145550656 -0.32135633118754636
v 1.5517697134788313 2.297338435350291 -0.26296770094698574
v 1.5225308052263145 2.2940612157578446 -0.5409233558201036
v 1.5142109643376602 2.18384983655307 -0.482534725579543
v 1.6750706272561637 2.281259368849331 -0.2757484787845274
v 1.683390468144818 2.3914707480541058 -0.33413710902508803
v 1.6375118781149924 2.16777077005211 -0.4953155034170847
v 1.6458317190036467 2.277982149256885 -0.5537041336576454
vt 0.41412353515625 0.07427978515625
vt 0.4218139350414276 0.07427978515625
vt 0.41412353515625 0.08978271484375
vt 0.4218139350414276 0.08978271484375
vt 0.4297485053539276 0.07427978515625
vt 0.43743896484375 0.07427978515625
vt 0.4297485053539276 0.08978271484375
vt 0.43743896484375 0.08978271484375
vt 0.42962646484375 0.07415771484375
vt 0.42193603515625 0.07415771484375
vt 0.42962646484375 0.06646728515625
vt 0.42193603515625 0.06646728515625
vt 0.43743896484375 0.06646728515625
vt 0.4297485053539276 0.06646728515625
vt 0.43743896484375 0.07415771484375
vt 0.4297485053539276 0.07415771484375
vt 0.43756103515625 0.07427978515625
vt 0.4452514946460724 0.07427978515625
vt 0.43756103515625 0.08978271484375
vt 0.4452514946460724 0.08978271484375
vt 0.42193603515625 0.07427978515625
vt 0.42962646484375 0.07427978515625
vt 0.42193603515625 0.08978271484375
vt 0.42962646484375 0.08978271484375
vn -0.06655872710923441 -0.8816910336381949 0.46710904192448477
vn -0.06655872710923441 -0.8816910336381949 0.46710904192448477
vn -0.06655872710923441 -0.8816910336381949 0.46710904192448477
vn -0.06655872710923441 -0.8816910336381949 0.46710904192448477
vn 0.06655872710923441 0.8816910336381949 -0.46710904192448477
vn 0.06655872710923441 0.8816910336381949 -0.46710904192448477
vn 0.06655872710923441 0.8816910336381949 -0.46710904192448477
vn 0.06655872710923441 0.8816910336381949 -0.46710904192448477
vn 0.15023499656468484 0.45395439518888403 0.8782680985302289
vn 0.15023499656468484 0.45395439518888403 0.8782680985302289
vn 0.15023499656468484 0.45395439518888403 0.8782680985302289
vn 0.15023499656468484 0.45395439518888403 0.8782680985302289
vn -0.15023499656468484 -0.45395439518888403 -0.8782680985302289
vn -0.15023499656468484 -0.45395439518888403 -0.8782680985302289
vn -0.15023499656468484 -0.45395439518888403 -0.8782680985302289
vn -0.15023499656468484 -0.45395439518888403 -0.8782680985302289
vn -0.9864073102186579 0.12863253200767794 0.10224622270033303
vn -0.9864073102186579 0.12863253200767794 0.10224622270033303
vn -0.9864073102186579 0.12863253200767794 0.10224622270033303
vn -0.9864073102186579 0.12863253200767794 0.10224622270033303
vn 0.9864073102186579 -0.12863253200767794 -0.10224622270033303
vn 0.9864073102186579 -0.12863253200767794 -0.10224622270033303
vn 0.9864073102186579 -0.12863253200767794 -0.10224622270033303
vn 0.9864073102186579 -0.12863253200767794 -0.10224622270033303
f 1729/1729/1729 1731/1731/1731 1730/1730/1730
f 1731/1731/1731 1732/1732/1732 1730/1730/1730
f 1733/1733/1733 1735/1735/1735 1734/1734/1734
f 1735/1735/1735 1736/1736/1736 1734/1734/1734
f 1737/1737/1737 1739/1739/1739 1738/1738/1738
f 1739/1739/1739 1740/1740/1740 1738/1738/1738
f 1741/1741/1741 1743/1743/1743 1742/1742/1742
f 1743/1743/1743 1744/1744/1744 1742/1742/1742
f 1745/1745/1745 1747/1747/1747 1746/1746/1746
f 1747/1747/1747 1748/1748/1748 1746/1746/1746
f 1749/1749/1749 1751/1751/1751 1750/1750/1750
f 1751/1751/1751 1752/1752/1752 1750/1750/1750
o finger13_1
usemtl material11
v 1.5418948749906132 2.207265628107824 -0.4343915784865582
v 1.6282839078973415 2.1599655062005256 -0.5113632191147462
v 1.3619758349639648 2.136805700167578 -0.5930249217361556
v 1.4483648678706933 2.0895055782602796 -0.6699965623643437
v 1.636603748785996 2.2701768854053004 -0.5697518493553069
v 1.5502147158792674 2.3174770073125983 -0.49278020872711875
v 1.4566847087593477 2.199716957465054 -0.7283851926049043
v 1.3702956758526192 2.247017079372352 -0.6514135519767161
v 1.636603748785996 2.2701768854053004 -0.5697518493553069
v 1.6282839078973415 2.1599655062005256 -0.5113632191147462
v 1.5502147158792674 2.3174770073125983 -0.49278020872711875
v 1.5418948749906132 2.207265628107824 -0.4343915784865582
v 1.3702956758526192 2.247017079372352 -0.6514135519767161
v 1.3619758349639648 2.136805700167578 -0.5930249217361556
v 1.4566847087593477 2.199716957465054 -0.7283851926049043
v 1.4483648678706933 2.0895055782602796 -0.6699965623643437
v 1.5502147158792674 2.3174770073125983 -0.49278020872711875
v 1.5418948749906132 2.207265628107824 -0.4343915784865582
v 1.3702956758526192 2.247017079372352 -0.6514135519767161
v 1.3619758349639648 2.136805700167578 -0.5930249217361556
v 1.6282839078973415 2.1599655062005256 -0.5113632191147462
v 1.636603748785996 2.2701768854053004 -0.5697518493553069
v 1.4483648678706933 2.0895055782602796 -0.6699965623643437
v 1.4566847087593477 2.199716957465054 -0.7283851926049043
vt 0.39068603515625 0.23834228515625
vt 0.39837646484375 0.23834228515625
vt 0.39068603515625 0.25384521484375
vt 0.39837646484375 0.25384521484375
vt 0.40631103515625 0.23834228515625
vt 0.41400146484375 0.23834228515625
vt 0.40631103515625 0.25384521484375
vt 0.41400146484375 0.25384521484375
vt 0.40618896484375 0.23822021484375
vt 0.39849853515625 0.23822021484375
vt 0.40618896484375 0.23052978515625
vt 0.39849853515625 0.23052978515625
vt 0.41400146484375 0.23052978515625
vt 0.40631103515625 0.23052978515625
vt 0.41400146484375 0.23822021484375
vt 0.40631103515625 0.23822021484375
vt 0.41412353515625 0.23834228515625
vt 0.4218139350414276 0.23834228515625
vt 0.41412353515625 0.25384521484375
vt 0.4218139350414276 0.25384521484375
vt 0.39849853515625 0.23834228515625
vt 0.40618896484375 0.23834228515625
vt 0.39849853515625 0.25384521484375
vt 0.40618896484375 0.25384521484375
vn -0.06655872710923441 -0.8816910336381949 0.46710904192448477
vn -0.06655872710923441 -0.8816910336381949 0.46710904192448477
vn -0.06655872710923441 -0.8816910336381949 0.46710904192448477
vn -0.06655872710923441 -0.8816910336381949 0.46710904192448477
vn 0.06655872710923441 0.8816910336381949 -0.46710904192448477
vn 0.06655872710923441 0.8816910336381949 -0.46710904192448477
vn 0.06655872710923441 0.8816910336381949 -0.46710904192448477
vn 0.06655872710923441 0.8816910336381949 -0.46710904192448477
vn 0.7196761601065935 0.2818397117609845 0.6345333729983901
vn 0.7196761601065935 0.2818397117609845 0.6345333729983901
vn 0.7196761601065935 0.2818397117609845 0.6345333729983901
vn 0.7196761601065935 0.2818397117609845 0.6345333729983901
vn -0.7196761601065935 -0.2818397117609845 -0.6345333729983901
vn -0.7196761601065935 -0.2818397117609845 -0.6345333729983901
vn -0.7196761601065935 -0.2818397117609845 -0.6345333729983901
vn -0.7196761601065935 -0.2818397117609845 -0.6345333729983901
vn -0.6911122632538272 0.3784009752583851 0.6157731250255047
vn -0.6911122632538272 0.3784009752583851 0.6157731250255047
vn -0.6911122632538272 0.3784009752583851 0.6157731250255047
vn -0.6911122632538272 0.3784009752583851 0.6157731250255047
vn 0.6911122632538272 -0.3784009752583851 -0.6157731250255047
vn 0.6911122632538272 -0.3784009752583851 -0.6157731250255047
vn 0.6911122632538272 -0.3784009752583851 -0.6157731250255047
vn 0.6911122632538272 -0.3784009752583851 -0.6157731250255047
f 1753/1753/1753 1755/1755/1755 1754/1754/1754
f 1755/1755/1755 1756/1756/1756 1754/1754/1754
f 1757/1757/1757 1759/1759/1759 1758/1758/1758
f 1759/1759/1759 1760/1760/1760 1758/1758/1758
f 1761/1761/1761 1763/1763/1763 1762/1762/1762
f 1763/1763/1763 1764/1764/1764 1762/1762/1762
f 1765/1765/1765 1767/1767/1767 1766/1766/1766
f 1767/1767/1767 1768/1768/1768 1766/1766/1766
f 1769/1769/1769 1771/1771/1771 1770/1770/1770
f 1771/1771/1771 1772/1772/1772 1770/1770/1770
f 1773/1773/1773 1775/1775/1775 1774/1774/1774
f 1775/1775/1775 1776/1776/1776 1774/1774/1774
o finger14_1
usemtl material11
v 1.4995866271204796 2.4743604455795323 -0.23970855946270958
v 1.6136677136629678 2.4912881882787543 -0.19150111999125186
v 1.541758545273021 2.376579493894872 -0.3051716391869136
v 1.655839631815509 2.393507236594094 -0.2569641997154559
v 1.656935239342125 2.605301381739818 -0.33392711108281353
v 1.542854152799637 2.5883736390405954 -0.3821345505542712
v 1.6991071574946663 2.5075204300551577 -0.39939019080701754
v 1.5850260709521784 2.490592687355935 -0.4475976302784752
v 1.656935239342125 2.605301381739818 -0.33392711108281353
v 1.6136677136629678 2.4912881882787543 -0.19150111999125186
v 1.542854152799637 2.5883736390405954 -0.3821345505542712
v 1.4995866271204796 2.4743604455795323 -0.23970855946270958
v 1.5850260709521784 2.490592687355935 -0.4475976302784752
v 1.541758545273021 2.376579493894872 -0.3051716391869136
v 1.6991071574946663 2.5075204300551577 -0.39939019080701754
v 1.655839631815509 2.393507236594094 -0.2569641997154559
v 1.542854152799637 2.5883736390405954 -0.3821345505542712
v 1.4995866271204796 2.4743604455795323 -0.23970855946270958
v 1.5850260709521784 2.490592687355935 -0.4475976302784752
v 1.541758545273021 2.376579493894872 -0.3051716391869136
v 1.6136677136629678 2.4912881882787543 -0.19150111999125186
v 1.656935239342125 2.605301381739818 -0.33392711108281353
v 1.655839631815509 2.393507236594094 -0.2569641997154559
v 1.6991071574946663 2.5075204300551577 -0.39939019080701754
vt 0.00006103515625 0.29693603515625
vt 0.00775146484375 0.29693603515625
vt 0.00006103515625 0.30462646484375
vt 0.00775146484375 0.30462646484375
vt 0.01959228515625 0.29693603515625
vt 0.02728271670639515 0.29693603515625
vt 0.01959228515625 0.30462646484375
vt 0.02728271670639515 0.30462646484375
vt 0.01947021484375 0.29681396484375
vt 0.00787353515625 0.29681396484375
vt 0.01947021484375 0.28912353515625
vt 0.00787353515625 0.28912353515625
vt 0.03118896484375 0.28912353515625
vt 0.01959228515625 0.28912353515625
vt 0.03118896484375 0.29681396484375
vt 0.01959228515625 0.29681396484375
vt 0.02740478329360485 0.29693603515625
vt 0.03900146484375 0.29693603515625
vt 0.02740478329360485 0.30462646484375
vt 0.03900146484375 0.30462646484375
vt 0.00787353515625 0.29693603515625
vt 0.01947021484375 0.29693603515625
vt 0.00787353515625 0.30462646484375
vt 0.01947021484375 0.30462646484375
vn -0.230760136955506 -0.6080703651256717 0.7596052858216618
vn -0.230760136955506 -0.6080703651256717 0.7596052858216618
vn -0.230760136955506 -0.6080703651256717 0.7596052858216618
vn -0.230760136955506 -0.6080703651256717 0.7596052858216618
vn 0.230760136955506 0.6080703651256717 -0.7596052858216618
vn 0.230760136955506 0.6080703651256717 -0.7596052858216618
vn 0.230760136955506 0.6080703651256717 -0.7596052858216618
vn 0.230760136955506 0.6080703651256717 -0.7596052858216618
vn -0.3373753452203307 0.7822476134772822 0.523704637793632
vn -0.3373753452203307 0.7822476134772822 0.523704637793632
vn -0.3373753452203307 0.7822476134772822 0.523704637793632
vn -0.3373753452203307 0.7822476134772822 0.523704637793632
vn 0.3373753452203307 -0.7822476134772822 -0.523704637793632
vn 0.3373753452203307 -0.7822476134772822 -0.523704637793632
vn 0.3373753452203307 -0.7822476134772822 -0.523704637793632
vn 0.3373753452203307 -0.7822476134772822 -0.523704637793632
vn -0.9126486923399053 -0.13542194159377885 -0.38565951577166147
vn -0.9126486923399053 -0.13542194159377885 -0.38565951577166147
vn -0.9126486923399053 -0.13542194159377885 -0.38565951577166147
vn -0.9126486923399053 -0.13542194159377885 -0.38565951577166147
vn 0.9126486923399053 0.13542194159377885 0.38565951577166147
vn 0.9126486923399053 0.13542194159377885 0.38565951577166147
vn 0.9126486923399053 0.13542194159377885 0.38565951577166147
vn 0.9126486923399053 0.13542194159377885 0.38565951577166147
f 1777/1777/1777 1779/1779/1779 1778/1778/1778
f 1779/1779/1779 1780/1780/1780 1778/1778/1778
f 1781/1781/1781 1783/1783/1783 1782/1782/1782
f 1783/1783/1783 1784/1784/1784 1782/1782/1782
f 1785/1785/1785 1787/1787/1787 1786/1786/1786
f 1787/1787/1787 1788/1788/1788 1786/1786/1786
f 1789/1789/1789 1791/1791/1791 1790/1790/1790
f 1791/1791/1791 1792/1792/1792 1790/1790/1790
f 1793/1793/1793 1795/1795/1795 1794/1794/1794
f 1795/1795/1795 1796/1796/1796 1794/1794/1794
f 1797/1797/1797 1799/1799/1799 1798/1798/1798
f 1799/1799/1799 1800/1800/1800 1798/1798/1798
o finger15_1
usemtl material11
v 1.5526169548755635 2.5517824037048857 -0.3211896344070797
v 1.653680971983483 2.6174984601850544 -0.3542420831318773
v 1.5947888730281048 2.4540014520202256 -0.3866527141312837
v 1.6958528901360244 2.519717508500394 -0.4197051628560813
v 1.5632744679473942 2.6801633799469045 -0.506084178280797
v 1.4622104508394747 2.6144473234667354 -0.47303172955599937
v 1.6054463860999355 2.5823824282622443 -0.571547258005001
v 1.504382368992016 2.516666371782075 -0.5384948092802033
v 1.5632744679473942 2.6801633799469045 -0.506084178280797
v 1.653680971983483 2.6174984601850544 -0.3542420831318773
v 1.4622104508394747 2.6144473234667354 -0.47303172955599937
v 1.5526169548755635 2.5517824037048857 -0.3211896344070797
v 1.504382368992016 2.516666371782075 -0.5384948092802033
v 1.5947888730281048 2.4540014520202256 -0.3866527141312837
v 1.6054463860999355 2.5823824282622443 -0.571547258005001
v 1.6958528901360244 2.519717508500394 -0.4197051628560813
v 1.4622104508394747 2.6144473234667354 -0.47303172955599937
v 1.5526169548755635 2.5517824037048857 -0.3211896344070797
v 1.504382368992016 2.516666371782075 -0.5384948092802033
v 1.5947888730281048 2.4540014520202256 -0.3866527141312837
v 1.653680971983483 2.6174984601850544 -0.3542420831318773
v 1.5632744679473942 2.6801633799469045 -0.506084178280797
v 1.6958528901360244 2.519717508500394 -0.4197051628560813
v 1.6054463860999355 2.5823824282622443 -0.571547258005001
vt 0.16412353515625 0.21881103515625
vt 0.17181396484375 0.21881103515625
vt 0.16412353515625 0.22650146484375
vt 0.17181396484375 0.22650146484375
vt 0.18365478515625 0.21881103515625
vt 0.19134521484375 0.21881103515625
vt 0.18365478515625 0.22650146484375
vt 0.19134521484375 0.22650146484375
vt 0.18353271484375 0.21868896484375
vt 0.17193603515625 0.21868896484375
vt 0.18353271484375 0.21099853515625
vt 0.17193603515625 0.21099853515625
vt 0.19525146484375 0.21099853515625
vt 0.18365478515625 0.21099853515625
vt 0.19525146484375 0.21868896484375
vt 0.18365478515625 0.21868896484375
vt 0.19146728515625 0.21881103515625
vt 0.20306396484375 0.21881103515625
vt 0.19146728515625 0.22650146484375
vt 0.20306396484375 0.22650146484375
vt 0.17193603515625 0.21881103515625
vt 0.18353271484375 0.21881103515625
vt 0.17193603515625 0.22650146484375
vt 0.18353271484375 0.22650146484375
vn 0.48216802152580734 -0.3342129053965328 0.8098245074609047
vn 0.48216802152580734 -0.3342129053965328 0.8098245074609047
vn 0.48216802152580734 -0.3342129053965328 0.8098245074609047
vn 0.48216802152580734 -0.3342129053965328 0.8098245074609047
vn -0.48216802152580734 0.3342129053965328 -0.8098245074609047
vn -0.48216802152580734 0.3342129053965328 -0.8098245074609047
vn -0.48216802152580734 0.3342129053965328 -0.8098245074609047
vn -0.48216802152580734 0.3342129053965328 -0.8098245074609047
vn -0.3373753452203307 0.7822476134772822 0.523704637793632
vn -0.3373753452203307 0.7822476134772822 0.523704637793632
vn -0.3373753452203307 0.7822476134772822 0.523704637793632
vn -0.3373753452203307 0.7822476134772822 0.523704637793632
vn 0.3373753452203307 -0.7822476134772822 -0.523704637793632
vn 0.3373753452203307 -0.7822476134772822 -0.523704637793632
vn 0.3373753452203307 -0.7822476134772822 -0.523704637793632
vn 0.3373753452203307 -0.7822476134772822 -0.523704637793632
vn -0.8085121368633569 -0.5257284518413521 0.26441958979838065
vn -0.8085121368633569 -0.5257284518413521 0.26441958979838065
vn -0.8085121368633569 -0.5257284518413521 0.26441958979838065
vn -0.8085121368633569 -0.5257284518413521 0.26441958979838065
vn 0.8085121368633569 0.5257284518413521 -0.26441958979838065
vn 0.8085121368633569 0.5257284518413521 -0.26441958979838065
vn 0.8085121368633569 0.5257284518413521 -0.26441958979838065
vn 0.8085121368633569 0.5257284518413521 -0.26441958979838065
f 1801/1801/1801 1803/1803/1803 1802/1802/1802
f 1803/1803/1803 1804/1804/1804 1802/1802/1802
f 1805/1805/1805 1807/1807/1807 1806/1806/1806
f 1807/1807/1807 1808/1808/1808 1806/1806/1806
f 1809/1809/1809 1811/1811/1811 1810/1810/1810
f 1811/1811/1811 1812/1812/1812 1810/1810/1810
f 1813/1813/1813 1815/1815/1815 1814/1814/1814
f 1815/1815/1815 1816/1816/1816 1814/1814/1814
f 1817/1817/1817 1819/1819/1819 1818/1818/1818
f 1819/1819/1819 1820/1820/1820 1818/1818/1818
f 1821/1821/1821 1823/1823/1823 1822/1822/1822
f 1823/1823/1823 1824/1824/1824 1822/1822/1822
o finger16_1
usemtl material11
v 1.4871373007383855 2.1790585512160625 -0.06848428885948665
v 1.6060112683639542 2.1407975975615607 -0.06299983388170849
v 1.4356807245470167 1.9959327757425154 -0.2307099684662427
v 1.5545546921725855 1.9576718220880136 -0.22522551348846453
v 1.6348562854833926 2.21680639320227 -0.15795049460941613
v 1.5159823178578238 2.2550673468567717 -0.1634349495871943
v 1.5833997092920238 2.0336806177287228 -0.32017617421617217
v 1.464525741666455 2.0719415713832245 -0.32566062919395034
v 1.6348562854833926 2.21680639320227 -0.15795049460941613
v 1.6060112683639542 2.1407975975615607 -0.06299983388170849
v 1.5159823178578238 2.2550673468567717 -0.1634349495871943
v 1.4871373007383855 2.1790585512160625 -0.06848428885948665
v 1.464525741666455 2.0719415713832245 -0.32566062919395034
v 1.4356807245470167 1.9959327757425154 -0.2307099684662427
v 1.5833997092920238 2.0336806177287228 -0.32017617421617217
v 1.5545546921725855 1.9576718220880136 -0.22522551348846453
v 1.5159823178578238 2.2550673468567717 -0.1634349495871943
v 1.4871373007383855 2.1790585512160625 -0.06848428885948665
v 1.464525741666455 2.0719415713832245 -0.32566062919395034
v 1.4356807245470167 1.9959327757425154 -0.2307099684662427
v 1.6060112683639542 2.1407975975615607 -0.06299983388170849
v 1.6348562854833926 2.21680639320227 -0.15795049460941613
v 1.5545546921725855 1.9576718220880136 -0.22522551348846453
v 1.5833997092920238 2.0336806177287228 -0.32017617421617217
vt 0.00006103515625 0.27349853515625
vt 0.00775146484375 0.27349853515625
vt 0.00006103515625 0.28900146484375
vt 0.00775146484375 0.28900146484375
vt 0.01568603515625 0.27349853515625
vt 0.02337646484375 0.27349853515625
vt 0.01568603515625 0.28900146484375
vt 0.02337646484375 0.28900146484375
vt 0.01556396484375 0.27337646484375
vt 0.00787353515625 0.27337646484375
vt 0.01556396484375 0.26568603515625
vt 0.00787353515625 0.26568603515625
vt 0.02337646484375 0.26568603515625
vt 0.01568603515625 0.26568603515625
vt 0.02337646484375 0.27337646484375
vt 0.01568603515625 0.27337646484375
vt 0.02349853515625 0.27349853515625
vt 0.03118896484375 0.27349853515625
vt 0.02349853515625 0.28900146484375
vt 0.03118896484375 0.28900146484375
vt 0.00787353515625 0.27349853515625
vt 0.01556396484375 0.27349853515625
vt 0.00787353515625 0.28900146484375
vt 0.01556396484375 0.28900146484375
vn -0.2307601369555061 -0.6080703651256718 0.7596052858216618
vn -0.2307601369555061 -0.6080703651256718 0.7596052858216618
vn -0.2307601369555061 -0.6080703651256718 0.7596052858216618
vn -0.2307601369555061 -0.6080703651256718 0.7596052858216618
vn 0.2307601369555061 0.6080703651256718 -0.7596052858216618
vn 0.2307601369555061 0.6080703651256718 -0.7596052858216618
vn 0.2307601369555061 0.6080703651256718 -0.7596052858216618
vn 0.2307601369555061 0.6080703651256718 -0.7596052858216618
vn 0.20582630476547575 0.7325031018941883 0.6489027184270243
vn 0.20582630476547575 0.7325031018941883 0.6489027184270243
vn 0.20582630476547575 0.7325031018941883 0.6489027184270243
vn 0.20582630476547575 0.7325031018941883 0.6489027184270243
vn -0.20582630476547575 -0.7325031018941883 -0.6489027184270243
vn -0.20582630476547575 -0.7325031018941883 -0.6489027184270243
vn -0.20582630476547575 -0.7325031018941883 -0.6489027184270243
vn -0.20582630476547575 -0.7325031018941883 -0.6489027184270243
vn -0.9509917410045503 0.30608762923601607 -0.043875639822225226
vn -0.9509917410045503 0.30608762923601607 -0.043875639822225226
vn -0.9509917410045503 0.30608762923601607 -0.043875639822225226
vn -0.9509917410045503 0.30608762923601607 -0.043875639822225226
vn 0.9509917410045503 -0.30608762923601607 0.043875639822225226
vn 0.9509917410045503 -0.30608762923601607 0.043875639822225226
vn 0.9509917410045503 -0.30608762923601607 0.043875639822225226
vn 0.9509917410045503 -0.30608762923601607 0.043875639822225226
f 1825/1825/1825 1827/1827/1827 1826/1826/1826
f 1827/1827/1827 1828/1828/1828 1826/1826/1826
f 1829/1829/1829 1831/1831/1831 1830/1830/1830
f 1831/1831/1831 1832/1832/1832 1830/1830/1830
f 1833/1833/1833 1835/1835/1835 1834/1834/1834
f 1835/1835/1835 1836/1836/1836 1834/1834/1834
f 1837/1837/1837 1839/1839/1839 1838/1838/1838
f 1839/1839/1839 1840/1840/1840 1838/1838/1838
f 1841/1841/1841 1843/1843/1843 1842/1842/1842
f 1843/1843/1843 1844/1844/1844 1842/1842/1842
f 1845/1845/1845 1847/1847/1847 1846/1846/1846
f 1847/1847/1847 1848/1848/1848 1846/1846/1846
o finger17_1
usemtl material11
v 1.4658511978694382 2.031807867827137 -0.19282618403788715
v 1.5444978677317784 1.9457134580598063 -0.23785344163124977
v 1.2802961784607099 1.9331080078056777 -0.3282059181341352
v 1.3589428483230501 1.847013598038347 -0.3732331757274978
v 1.5733428848512165 2.0217222537005153 -0.3328041023589574
v 1.4946962149888765 2.107816663467846 -0.2877768447655948
v 1.3877878654424884 1.9230223936790563 -0.46818383645520545
v 1.3091411955801482 2.009116803446387 -0.4231565788618428
v 1.5733428848512165 2.0217222537005153 -0.3328041023589574
v 1.5444978677317784 1.9457134580598063 -0.23785344163124977
v 1.4946962149888765 2.107816663467846 -0.2877768447655948
v 1.4658511978694382 2.031807867827137 -0.19282618403788715
v 1.3091411955801482 2.009116803446387 -0.4231565788618428
v 1.2802961784607099 1.9331080078056777 -0.3282059181341352
v 1.3877878654424884 1.9230223936790563 -0.46818383645520545
v 1.3589428483230501 1.847013598038347 -0.3732331757274978
v 1.4946962149888765 2.107816663467846 -0.2877768447655948
v 1.4658511978694382 2.031807867827137 -0.19282618403788715
v 1.3091411955801482 2.009116803446387 -0.4231565788618428
v 1.2802961784607099 1.9331080078056777 -0.3282059181341352
v 1.5444978677317784 1.9457134580598063 -0.23785344163124977
v 1.5733428848512165 2.0217222537005153 -0.3328041023589574
v 1.3589428483230501 1.847013598038347 -0.3732331757274978
v 1.3877878654424884 1.9230223936790563 -0.46818383645520545
vt 0.2227173000574112 0.00787353515625
vt 0.23040771484375 0.00787353515625
vt 0.2227173000574112 0.02337646484375
vt 0.23040771484375 0.02337646484375
vt 0.23834228515625 0.00787353515625
vt 0.2460327297449112 0.00787353515625
vt 0.23834228515625 0.02337646484375
vt 0.2460327297449112 0.02337646484375
vt 0.23822021484375 0.00775146484375
vt 0.23052978515625 0.00775146484375
vt 0.23822021484375 0.00006103515625
vt 0.23052978515625 0.00006103515625
vt 0.2460327297449112 0.00006103515625
vt 0.23834228515625 0.00006103515625
vt 0.2460327297449112 0.00775146484375
vt 0.23834228515625 0.00775146484375
vt 0.24615478515625 0.00787353515625
vt 0.25384521484375 0.00787353515625
vt 0.24615478515625 0.02337646484375
vt 0.25384521484375 0.02337646484375
vt 0.23052978515625 0.00787353515625
vt 0.23822021484375 0.00787353515625
vt 0.23052978515625 0.02337646484375
vt 0.23822021484375 0.02337646484375
vn -0.23076013695550604 -0.6080703651256717 0.7596052858216618
vn -0.23076013695550604 -0.6080703651256717 0.7596052858216618
vn -0.23076013695550604 -0.6080703651256717 0.7596052858216618
vn -0.23076013695550604 -0.6080703651256717 0.7596052858216618
vn 0.23076013695550604 0.6080703651256717 -0.7596052858216618
vn 0.23076013695550604 0.6080703651256717 -0.7596052858216618
vn 0.23076013695550604 0.6080703651256717 -0.7596052858216618
vn 0.23076013695550604 0.6080703651256717 -0.7596052858216618
vn 0.7422200776349132 0.3947994400858366 0.5415189363849923
vn 0.7422200776349132 0.3947994400858366 0.5415189363849923
vn 0.7422200776349132 0.3947994400858366 0.5415189363849923
vn 0.7422200776349132 0.3947994400858366 0.5415189363849923
vn -0.7422200776349132 -0.3947994400858366 -0.5415189363849923
vn -0.7422200776349132 -0.3947994400858366 -0.5415189363849923
vn -0.7422200776349132 -0.3947994400858366 -0.5415189363849923
vn -0.7422200776349132 -0.3947994400858366 -0.5415189363849923
vn -0.6291733588987215 0.6887552781386451 0.3602180607469014
vn -0.6291733588987215 0.6887552781386451 0.3602180607469014
vn -0.6291733588987215 0.6887552781386451 0.3602180607469014
vn -0.6291733588987215 0.6887552781386451 0.3602180607469014
vn 0.6291733588987215 -0.6887552781386451 -0.3602180607469014
vn 0.6291733588987215 -0.6887552781386451 -0.3602180607469014
vn 0.6291733588987215 -0.6887552781386451 -0.3602180607469014
vn 0.6291733588987215 -0.6887552781386451 -0.3602180607469014
f 1849/1849/1849 1851/1851/1851 1850/1850/1850
f 1851/1851/1851 1852/1852/1852 1850/1850/1850
f 1853/1853/1853 1855/1855/1855 1854/1854/1854
f 1855/1855/1855 1856/1856/1856 1854/1854/1854
f 1857/1857/1857 1859/1859/1859 1858/1858/1858
f 1859/1859/1859 1860/1860/1860 1858/1858/1858
f 1861/1861/1861 1863/1863/1863 1862/1862/1862
f 1863/1863/1863 1864/1864/1864 1862/1862/1862
f 1865/1865/1865 1867/1867/1867 1866/1866/1866
f 1867/1867/1867 1868/1868/1868 1866/1866/1866
f 1869/1869/1869 1871/1871/1871 1870/1870/1870
f 1871/1871/1871 1872/1872/1872 1870/1870/1870
o finger18_1
usemtl material11
v 1.4572369100753249 2.136525339556881 0.017209130316425014
v 1.567437996254382 2.085927239327395 0.0475497443201478
v 1.3785529400466776 1.9146686820002605 -0.06698384063920315
v 1.4887540262257348 1.8640705817707746 -0.036643226635480364
v 1.6114030826308325 2.113490586867525 -0.06617067184288472
v 1.5012019964517753 2.164088687097011 -0.09651128584660751
v 1.5327191126021853 1.891633929310904 -0.150363642798513
v 1.422518026423128 1.9422320295403899 -0.18070425680223567
v 1.6114030826308325 2.113490586867525 -0.06617067184288472
v 1.567437996254382 2.085927239327395 0.0475497443201478
v 1.5012019964517753 2.164088687097011 -0.09651128584660751
v 1.4572369100753249 2.136525339556881 0.017209130316425014
v 1.422518026423128 1.9422320295403899 -0.18070425680223567
v 1.3785529400466776 1.9146686820002605 -0.06698384063920315
v 1.5327191126021853 1.891633929310904 -0.150363642798513
v 1.4887540262257348 1.8640705817707746 -0.036643226635480364
v 1.5012019964517753 2.164088687097011 -0.09651128584660751
v 1.4572369100753249 2.136525339556881 0.017209130316425014
v 1.422518026423128 1.9422320295403899 -0.18070425680223567
v 1.3785529400466776 1.9146686820002605 -0.06698384063920315
v 1.567437996254382 2.085927239327395 0.0475497443201478
v 1.6114030826308325 2.113490586867525 -0.06617067184288472
v 1.4887540262257348 1.8640705817707746 -0.036643226635480364
v 1.5327191126021853 1.891633929310904 -0.150363642798513
vt 0.16412353515625 0.19537353515625
vt 0.17181396484375 0.19537353515625
vt 0.16412353515625 0.21087646484375
vt 0.17181396484375 0.21087646484375
vt 0.17974853515625 0.19537353515625
vt 0.18743896484375 0.19537353515625
vt 0.17974853515625 0.21087646484375
vt 0.18743896484375 0.21087646484375
vt 0.17962646484375 0.19525146484375
vt 0.17193603515625 0.19525146484375
vt 0.17962646484375 0.18756103515625
vt 0.17193603515625 0.18756103515625
vt 0.18743896484375 0.18756103515625
vt 0.17974853515625 0.18756103515625
vt 0.18743896484375 0.19525146484375
vt 0.17974853515625 0.19525146484375
vt 0.18756103515625 0.19537353515625
vt 0.19525146484375 0.19537353515625
vt 0.18756103515625 0.21087646484375
vt 0.19525146484375 0.21087646484375
vt 0.17193603515625 0.19537353515625
vt 0.17962646484375 0.19537353515625
vt 0.17193603515625 0.21087646484375
vt 0.17962646484375 0.21087646484375
vn -0.35172069101160364 -0.2205067803210357 0.9097633293042597
vn -0.35172069101160364 -0.2205067803210357 0.9097633293042597
vn -0.35172069101160364 -0.2205067803210357 0.9097633293042597
vn -0.35172069101160364 -0.2205067803210357 0.9097633293042597
vn 0.35172069101160364 0.2205067803210357 -0.9097633293042597
vn 0.35172069101160364 0.2205067803210357 -0.9097633293042597
vn 0.35172069101160364 0.2205067803210357 -0.9097633293042597
vn 0.35172069101160364 0.2205067803210357 -0.9097633293042597
vn 0.31473588011458875 0.8874266302264833 0.3367718838225128
vn 0.31473588011458875 0.8874266302264833 0.3367718838225128
vn 0.31473588011458875 0.8874266302264833 0.3367718838225128
vn 0.31473588011458875 0.8874266302264833 0.3367718838225128
vn -0.31473588011458875 -0.8874266302264833 -0.3367718838225128
vn -0.31473588011458875 -0.8874266302264833 -0.3367718838225128
vn -0.31473588011458875 -0.8874266302264833 -0.3367718838225128
vn -0.31473588011458875 -0.8874266302264833 -0.3367718838225128
vn -0.8816086894324576 0.4047848018358882 -0.24272491202978186
vn -0.8816086894324576 0.4047848018358882 -0.24272491202978186
vn -0.8816086894324576 0.4047848018358882 -0.24272491202978186
vn -0.8816086894324576 0.4047848018358882 -0.24272491202978186
vn 0.8816086894324576 -0.4047848018358882 0.24272491202978186
vn 0.8816086894324576 -0.4047848018358882 0.24272491202978186
vn 0.8816086894324576 -0.4047848018358882 0.24272491202978186
vn 0.8816086894324576 -0.4047848018358882 0.24272491202978186
f 1873/1873/1873 1875/1875/1875 1874/1874/1874
f 1875/1875/1875 1876/1876/1876 1874/1874/1874
f 1877/1877/1877 1879/1879/1879 1878/1878/1878
f 1879/1879/1879 1880/1880/1880 1878/1878/1878
f 1881/1881/1881 1883/1883/1883 1882/1882/1882
f 1883/1883/1883 1884/1884/1884 1882/1882/1882
f 1885/1885/1885 1887/1887/1887 1886/1886/1886
f 1887/1887/1887 1888/1888/1888 1886/1886/1886
f 1889/1889/1889 1891/1891/1891 1890/1890/1890
f 1891/1891/1891 1892/1892/1892 1890/1890/1890
f 1893/1893/1893 1895/1895/1895 1894/1894/1894
f 1895/1895/1895 1896/1896/1896 1894/1894/1894
o finger19_1
usemtl material11
v 1.413594867076082 1.957473401658711 -0.04306146324437721
v 1.4770733838826 1.8498023418846241 -0.04461735243375564
v 1.2169983352251272 1.8430670249219738 -0.1467966290568843
v 1.2804768520316452 1.735395965147887 -0.14835251824626272
v 1.5210384702590505 1.8773656894247535 -0.15833776859678816
v 1.4575599534525325 1.9850367491988403 -0.15678187940740973
v 1.3244419384080957 1.7629593126880165 -0.26207293440929524
v 1.2609634216015777 1.8706303724621034 -0.2605170452199168
v 1.5210384702590505 1.8773656894247535 -0.15833776859678816
v 1.4770733838826 1.8498023418846241 -0.04461735243375564
v 1.4575599534525325 1.9850367491988403 -0.15678187940740973
v 1.413594867076082 1.957473401658711 -0.04306146324437721
v 1.2609634216015777 1.8706303724621034 -0.2605170452199168
v 1.2169983352251272 1.8430670249219738 -0.1467966290568843
v 1.3244419384080957 1.7629593126880165 -0.26207293440929524
v 1.2804768520316452 1.735395965147887 -0.14835251824626272
v 1.4575599534525325 1.9850367491988403 -0.15678187940740973
v 1.413594867076082 1.957473401658711 -0.04306146324437721
v 1.2609634216015777 1.8706303724621034 -0.2605170452199168
v 1.2169983352251272 1.8430670249219738 -0.1467966290568843
v 1.4770733838826 1.8498023418846241 -0.04461735243375564
v 1.5210384702590505 1.8773656894247535 -0.15833776859678816
v 1.2804768520316452 1.735395965147887 -0.14835251824626272
v 1.3244419384080957 1.7629593126880165 -0.26207293440929524
vt 0.17584228515625 0.00787353515625
vt 0.18353271484375 0.00787353515625
vt 0.17584228515625 0.02337646484375
vt 0.18353271484375 0.02337646484375
vt 0.19146728515625 0.00787353515625
vt 0.19915771484375 0.00787353515625
vt 0.19146728515625 0.02337646484375
vt 0.19915771484375 0.02337646484375
vt 0.19134521484375 0.00775146484375
vt 0.18365478515625 0.00775146484375
vt 0.19134521484375 0.00006103515625
vt 0.18365478515625 0.00006103515625
vt 0.19915771484375 0.00006103515625
vt 0.19146728515625 0.00006103515625
vt 0.19915771484375 0.00775146484375
vt 0.19146728515625 0.00775146484375
vt 0.19927978515625 0.00787353515625
vt 0.20697021484375 0.00787353515625
vt 0.19927978515625 0.02337646484375
vt 0.20697021484375 0.02337646484375
vt 0.18365478515625 0.00787353515625
vt 0.19134521484375 0.00787353515625
vt 0.18365478515625 0.02337646484375
vt 0.19134521484375 0.02337646484375
vn -0.35172069101160364 -0.22050678032103577 0.9097633293042597
vn -0.35172069101160364 -0.22050678032103577 0.9097633293042597
vn -0.35172069101160364 -0.22050678032103577 0.9097633293042597
vn -0.35172069101160364 -0.22050678032103577 0.9097633293042597
vn 0.35172069101160364 0.22050678032103577 -0.9097633293042597
vn 0.35172069101160364 0.22050678032103577 -0.9097633293042597
vn 0.35172069101160364 0.22050678032103577 -0.9097633293042597
vn 0.35172069101160364 0.22050678032103577 -0.9097633293042597
vn 0.7863861274038191 0.4576255069469482 0.4149406632500284
vn 0.7863861274038191 0.4576255069469482 0.4149406632500284
vn 0.7863861274038191 0.4576255069469482 0.4149406632500284
vn 0.7863861274038191 0.4576255069469482 0.4149406632500284
vn -0.7863861274038191 -0.4576255069469482 -0.4149406632500284
vn -0.7863861274038191 -0.4576255069469482 -0.4149406632500284
vn -0.7863861274038191 -0.4576255069469482 -0.4149406632500284
vn -0.7863861274038191 -0.4576255069469482 -0.4149406632500284
vn -0.507828134452144 0.8613684781926951 0.01244711351502803
vn -0.507828134452144 0.8613684781926951 0.01244711351502803
vn -0.507828134452144 0.8613684781926951 0.01244711351502803
vn -0.507828134452144 0.8613684781926951 0.01244711351502803
vn 0.507828134452144 -0.8613684781926951 -0.01244711351502803
vn 0.507828134452144 -0.8613684781926951 -0.01244711351502803
vn 0.507828134452144 -0.8613684781926951 -0.01244711351502803
vn 0.507828134452144 -0.8613684781926951 -0.01244711351502803
f 1897/1897/1897 1899/1899/1899 1898/1898/1898
f 1899/1899/1899 1900/1900/1900 1898/1898/1898
f 1901/1901/1901 1903/1903/1903 1902/1902/1902
f 1903/1903/1903 1904/1904/1904 1902/1902/1902
f 1905/1905/1905 1907/1907/1907 1906/1906/1906
f 1907/1907/1907 1908/1908/1908 1906/1906/1906
f 1909/1909/1909 1911/1911/1911 1910/1910/1910
f 1911/1911/1911 1912/1912/1912 1910/1910/1910
f 1913/1913/1913 1915/1915/1915 1914/1914/1914
f 1915/1915/1915 1916/1916/1916 1914/1914/1914
f 1917/1917/1917 1919/1919/1919 1918/1918/1918
f 1919/1919/1919 1920/1920/1920 1918/1918/1918
o weapon0_1
usemtl material11
v 1.5271500790888637 3.0621344852059487 -1.1595698245221913
v 1.6982717089025958 3.087526099254782 -1.0872586653150047
v 0.8925597024612222 1.3899409811103507 0.9293447114873785
v 1.0636813322749543 1.4153325951591842 1.001655870694565
v 1.761529586131408 2.9408546717277915 -1.1854532849013109
v 1.5904079563176756 2.9154630576789584 -1.2577644441084972
v 1.1269392095037665 1.2686611676321937 0.9034612511082589
v 0.9558175796900341 1.2432695535833602 0.8311500919010724
v 1.761529586131408 2.9408546717277915 -1.1854532849013109
v 1.6982717089025958 3.087526099254782 -1.0872586653150047
v 1.5904079563176756 2.9154630576789584 -1.2577644441084972
v 1.5271500790888637 3.0621344852059487 -1.1595698245221913
v 0.9558175796900341 1.2432695535833602 0.8311500919010724
v 0.8925597024612222 1.3899409811103507 0.9293447114873785
v 1.1269392095037665 1.2686611676321937 0.9034612511082589
v 1.0636813322749543 1.4153325951591842 1.001655870694565
v 1.5904079563176756 2.9154630576789584 -1.2577644441084972
v 1.5271500790888637 3.0621344852059487 -1.1595698245221913
v 0.9558175796900341 1.2432695535833602 0.8311500919010724
v 0.8925597024612222 1.3899409811103507 0.9293447114873785
v 1.6982717089025958 3.087526099254782 -1.0872586653150047
v 1.761529586131408 2.9408546717277915 -1.1854532849013109
v 1.0636813322749543 1.4153325951591842 1.001655870694565
v 1.1269392095037665 1.2686611676321937 0.9034612511082589
vt 0.38287353515625 0.43756103515625
vt 0.39447021484375 0.43756103515625
vt 0.38287353515625 0.60931396484375
vt 0.39447021484375 0.60931396484375
vt 0.40631103515625 0.43756103515625
vt 0.41790771484375 0.43756103515625
vt 0.40631103515625 0.60931396484375
vt 0.41790771484375 0.60931396484375
vt 0.40618896484375 0.43743896484375
vt 0.39459228515625 0.43743896484375
vt 0.40618896484375 0.42584228515625
vt 0.39459228515625 0.42584228515625
vt 0.41790771484375 0.42584228515625
vt 0.40631103515625 0.42584228515625
vt 0.41790771484375 0.43743896484375
vt 0.40631103515625 0.43743896484375
vt 0.4180297553539276 0.43756103515625
vt 0.42962646484375 0.43756103515625
vt 0.4180297553539276 0.60931396484375
vt 0.42962646484375 0.60931396484375
vt 0.39459228515625 0.43756103515625
vt 0.40618896484375 0.43756103515625
vt 0.39459228515625 0.60931396484375
vt 0.40618896484375 0.60931396484375
vn -0.33737534522033075 0.782247613477282 0.5237046377936322
vn -0.33737534522033075 0.782247613477282 0.5237046377936322
vn -0.33737534522033075 0.782247613477282 0.5237046377936322
vn -0.33737534522033075 0.782247613477282 0.5237046377936322
vn 0.33737534522033075 -0.782247613477282 -0.5237046377936322
vn 0.33737534522033075 -0.782247613477282 -0.5237046377936322
vn 0.33737534522033075 -0.782247613477282 -0.5237046377936322
vn 0.33737534522033075 -0.782247613477282 -0.5237046377936322
vn 0.23076013695550596 0.6080703651256719 -0.7596052858216616
vn 0.23076013695550596 0.6080703651256719 -0.7596052858216616
vn 0.23076013695550596 0.6080703651256719 -0.7596052858216616
vn 0.23076013695550596 0.6080703651256719 -0.7596052858216616
vn -0.23076013695550596 -0.6080703651256719 0.7596052858216616
vn -0.23076013695550596 -0.6080703651256719 0.7596052858216616
vn -0.23076013695550596 -0.6080703651256719 0.7596052858216616
vn -0.23076013695550596 -0.6080703651256719 0.7596052858216616
vn -0.9126486923399053 -0.13542194159377885 -0.38565951577166147
vn -0.9126486923399053 -0.13542194159377885 -0.38565951577166147
vn -0.9126486923399053 -0.13542194159377885 -0.38565951577166147
vn -0.9126486923399053 -0.13542194159377885 -0.38565951577166147
vn 0.9126486923399053 0.13542194159377885 0.38565951577166147
vn 0.9126486923399053 0.13542194159377885 0.38565951577166147
vn 0.9126486923399053 0.13542194159377885 0.38565951577166147
vn 0.9126486923399053 0.13542194159377885 0.38565951577166147
f 1921/1921/1921 1923/1923/1923 1922/1922/1922
f 1923/1923/1923 1924/1924/1924 1922/1922/1922
f 1925/1925/1925 1927/1927/1927 1926/1926/1926
f 1927/1927/1927 1928/1928/1928 1926/1926/1926
f 1929/1929/1929 1931/1931/1931 1930/1930/1930
f 1931/1931/1931 1932/1932/1932 1930/1930/1930
f 1933/1933/1933 1935/1935/1935 1934/1934/1934
f 1935/1935/1935 1936/1936/1936 1934/1934/1934
f 1937/1937/1937 1939/1939/1939 1938/1938/1938
f 1939/1939/1939 1940/1940/1940 1938/1938/1938
f 1941/1941/1941 1943/1943/1943 1942/1942/1942
f 1943/1943/1943 1944/1944/1944 1942/1942/1942
o weapon0_2
usemtl material11
v 0.8534964512874648 1.41015428335671 0.9336586215505649
v 1.0816586243724409 1.4440097687551547 1.0300735004934805
v 0.7381163828097117 1.1061191007938738 1.3134612644613959
v 0.966278555894688 1.1399745861923187 1.4098761434043114
v 1.1660024606775237 1.2484478653858344 0.8991473410450725
v 0.9378402875925473 1.2145923799873897 0.802732462102157
v 1.0506223921997706 0.9444126828229982 1.2789499839559035
v 0.8224602191147945 0.9105571974245534 1.182535105012988
v 1.1660024606775237 1.2484478653858344 0.8991473410450725
v 1.0816586243724409 1.4440097687551547 1.0300735004934805
v 0.9378402875925473 1.2145923799873897 0.802732462102157
v 0.8534964512874648 1.41015428335671 0.9336586215505649
v 0.8224602191147945 0.9105571974245534 1.182535105012988
v 0.7381163828097117 1.1061191007938738 1.3134612644613959
v 1.0506223921997706 0.9444126828229982 1.2789499839559035
v 0.966278555894688 1.1399745861923187 1.4098761434043114
v 0.9378402875925473 1.2145923799873897 0.802732462102157
v 0.8534964512874648 1.41015428335671 0.9336586215505649
v 0.8224602191147945 0.9105571974245534 1.182535105012988
v 0.7381163828097117 1.1061191007938738 1.3134612644613959
v 1.0816586243724409 1.4440097687551547 1.0300735004934805
v 1.1660024606775237 1.2484478653858344 0.8991473410450725
v 0.966278555894688 1.1399745861923187 1.4098761434043114
v 1.0506223921997706 0.9444126828229982 1.2789499839559035
vt 0.46099853515625 0.65631103515625
vt 0.47650146484375 0.65631103515625
vt 0.46099853515625 0.68743896484375
vt 0.47650146484375 0.68743896484375
vt 0.4922485649585724 0.65631103515625
vt 0.50775146484375 0.65631103515625
vt 0.4922485649585724 0.68743896484375
vt 0.50775146484375 0.68743896484375
vt 0.49212646484375 0.65618896484375
vt 0.47662353515625 0.65618896484375
vt 0.49212646484375 0.64068603515625
vt 0.47662353515625 0.64068603515625
vt 0.50775146484375 0.64068603515625
vt 0.4922485649585724 0.64068603515625
vt 0.50775146484375 0.65618896484375
vt 0.4922485649585724 0.65618896484375
vt 0.50787353515625 0.65631103515625
vt 0.52337646484375 0.65631103515625
vt 0.50787353515625 0.68743896484375
vt 0.52337646484375 0.68743896484375
vt 0.47662353515625 0.65631103515625
vt 0.49212646484375 0.65631103515625
vt 0.47662353515625 0.68743896484375
vt 0.49212646484375 0.68743896484375
vn -0.33737534522033075 0.782247613477282 0.5237046377936322
vn -0.33737534522033075 0.782247613477282 0.5237046377936322
vn -0.33737534522033075 0.782247613477282 0.5237046377936322
vn -0.33737534522033075 0.782247613477282 0.5237046377936322
vn 0.33737534522033075 -0.782247613477282 -0.5237046377936322
vn 0.33737534522033075 -0.782247613477282 -0.5237046377936322
vn 0.33737534522033075 -0.782247613477282 -0.5237046377936322
vn 0.33737534522033075 -0.782247613477282 -0.5237046377936322
vn 0.23076013695550596 0.6080703651256719 -0.7596052858216616
vn 0.23076013695550596 0.6080703651256719 -0.7596052858216616
vn 0.23076013695550596 0.6080703651256719 -0.7596052858216616
vn 0.23076013695550596 0.6080703651256719 -0.7596052858216616
vn -0.23076013695550596 -0.6080703651256719 0.7596052858216616
vn -0.23076013695550596 -0.6080703651256719 0.7596052858216616
vn -0.23076013695550596 -0.6080703651256719 0.7596052858216616
vn -0.23076013695550596 -0.6080703651256719 0.7596052858216616
vn -0.9126486923399053 -0.13542194159377885 -0.38565951577166147
vn -0.9126486923399053 -0.13542194159377885 -0.38565951577166147
vn -0.9126486923399053 -0.13542194159377885 -0.38565951577166147
vn -0.9126486923399053 -0.13542194159377885 -0.38565951577166147
vn 0.9126486923399053 0.13542194159377885 0.38565951577166147
vn 0.9126486923399053 0.13542194159377885 0.38565951577166147
vn 0.9126486923399053 0.13542194159377885 0.38565951577166147
vn 0.9126486923399053 0.13542194159377885 0.38565951577166147
f 1945/1945/1945 1947/1947/1947 1946/1946/1946
f 1947/1947/1947 1948/1948/1948 1946/1946/1946
f 1949/1949/1949 1951/1951/1951 1950/1950/1950
f 1951/1951/1951 1952/1952/1952 1950/1950/1950
f 1953/1953/1953 1955/1955/1955 1954/1954/1954
f 1955/1955/1955 1956/1956/1956 1954/1954/1954
f 1957/1957/1957 1959/1959/1959 1958/1958/1958
f 1959/1959/1959 1960/1960/1960 1958/1958/1958
f 1961/1961/1961 1963/1963/1963 1962/1962/1962
f 1963/1963/1963 1964/1964/1964 1962/1962/1962
f 1965/1965/1965 1967/1967/1967 1966/1966/1966
f 1967/1967/1967 1968/1968/1968 1966/1966/1966
o weapon0_3
usemtl material11
v 1.8053820162289271 3.918444539500107 -2.1997131824637894
v 2.0335441893139032 3.952300024898552 -2.1032983035208743
v 1.4880868279151063 3.082347787452308 -1.1552559144590047
v 1.7162490010000826 3.1162032728507527 -1.0588410355160893
v 2.1178880256189863 3.7567381215292315 -2.2342244629692822
v 1.8897258525340097 3.7228826361307865 -2.330639341912198
v 1.8005928373051652 2.920641369481432 -1.1897671949644975
v 1.5724306642201888 2.8867858840829874 -1.2861820739074128
v 2.1178880256189863 3.7567381215292315 -2.2342244629692822
v 2.0335441893139032 3.952300024898552 -2.1032983035208743
v 1.8897258525340097 3.7228826361307865 -2.330639341912198
v 1.8053820162289271 3.918444539500107 -2.1997131824637894
v 1.5724306642201888 2.8867858840829874 -1.2861820739074128
v 1.4880868279151063 3.082347787452308 -1.1552559144590047
v 1.8005928373051652 2.920641369481432 -1.1897671949644975
v 1.7162490010000826 3.1162032728507527 -1.0588410355160893
v 1.8897258525340097 3.7228826361307865 -2.330639341912198
v 1.8053820162289271 3.918444539500107 -2.1997131824637894
v 1.5724306642201888 2.8867858840829874 -1.2861820739074128
v 1.4880868279151063 3.082347787452308 -1.1552559144590047
v 2.0335441893139032 3.952300024898552 -2.1032983035208743
v 2.1178880256189863 3.7567381215292315 -2.2342244629692822
v 1.7162490010000826 3.1162032728507527 -1.0588410355160893
v 1.8005928373051652 2.920641369481432 -1.1897671949644975
vt 0.4297485053539276 0.52740478515625
vt 0.4452514946460724 0.52740478515625
vt 0.4297485053539276 0.61322021484375
vt 0.4452514946460724 0.61322021484375
vt 0.46099853515625 0.52740478515625
vt 0.47650146484375 0.52740478515625
vt 0.46099853515625 0.61322021484375
vt 0.47650146484375 0.61322021484375
vt 0.4608764350414276 0.52728271484375
vt 0.44537353515625 0.52728271484375
vt 0.4608764350414276 0.51177978515625
vt 0.44537353515625 0.51177978515625
vt 0.47650146484375 0.51177978515625
vt 0.46099853515625 0.51177978515625
vt 0.47650146484375 0.52728271484375
vt 0.46099853515625 0.52728271484375
vt 0.47662353515625 0.52740478515625
vt 0.49212646484375 0.52740478515625
vt 0.47662353515625 0.61322021484375
vt 0.49212646484375 0.61322021484375
vt 0.44537353515625 0.52740478515625
vt 0.4608764350414276 0.52740478515625
vt 0.44537353515625 0.61322021484375
vt 0.4608764350414276 0.61322021484375
vn -0.33737534522033075 0.782247613477282 0.5237046377936322
vn -0.33737534522033075 0.782247613477282 0.5237046377936322
vn -0.33737534522033075 0.782247613477282 0.5237046377936322
vn -0.33737534522033075 0.782247613477282 0.5237046377936322
vn 0.33737534522033075 -0.782247613477282 -0.5237046377936322
vn 0.33737534522033075 -0.782247613477282 -0.5237046377936322
vn 0.33737534522033075 -0.782247613477282 -0.5237046377936322
vn 0.33737534522033075 -0.782247613477282 -0.5237046377936322
vn 0.23076013695550596 0.6080703651256719 -0.7596052858216616
vn 0.23076013695550596 0.6080703651256719 -0.7596052858216616
vn 0.23076013695550596 0.6080703651256719 -0.7596052858216616
vn 0.23076013695550596 0.6080703651256719 -0.7596052858216616
vn -0.23076013695550596 -0.6080703651256719 0.7596052858216616
vn -0.23076013695550596 -0.6080703651256719 0.7596052858216616
vn -0.23076013695550596 -0.6080703651256719 0.7596052858216616
vn -0.23076013695550596 -0.6080703651256719 0.7596052858216616
vn -0.9126486923399053 -0.13542194159377885 -0.38565951577166147
vn -0.9126486923399053 -0.13542194159377885 -0.38565951577166147
vn -0.9126486923399053 -0.13542194159377885 -0.38565951577166147
vn -0.9126486923399053 -0.13542194159377885 -0.38565951577166147
vn 0.9126486923399053 0.13542194159377885 0.38565951577166147
vn 0.9126486923399053 0.13542194159377885 0.38565951577166147
vn 0.9126486923399053 0.13542194159377885 0.38565951577166147
vn 0.9126486923399053 0.13542194159377885 0.38565951577166147
f 1969/1969/1969 1971/1971/1971 1970/1970/1970
f 1971/1971/1971 1972/1972/1972 1970/1970/1970
f 1973/1973/1973 1975/1975/1975 1974/1974/1974
f 1975/1975/1975 1976/1976/1976 1974/1974/1974
f 1977/1977/1977 1979/1979/1979 1978/1978/1978
f 1979/1979/1979 1980/1980/1980 1978/1978/1978
f 1981/1981/1981 1983/1983/1983 1982/1982/1982
f 1983/1983/1983 1984/1984/1984 1982/1982/1982
f 1985/1985/1985 1987/1987/1987 1986/1986/1986
f 1987/1987/1987 1988/1988/1988 1986/1986/1986
f 1989/1989/1989 1991/1991/1991 1990/1990/1990
f 1991/1991/1991 1992/1992/1992 1990/1990/1990
o weapon0_4
usemtl material11
v 1.8426355823591654 4.262906326555662 -2.5708880052482472
v 2.18487884198663 4.31368955465333 -2.426265686833874
v 1.7416780224411315 3.9968755418131803 -2.2385606927012702
v 2.083921282068596 4.047658769910847 -2.093938374286897
v 2.311394596444254 4.020346699599348 -2.6226549260064864
v 1.9691513368167894 3.969563471501681 -2.7672772444208595
v 2.21043703652622 3.7543159148568668 -2.2903276134595094
v 1.8681937768987555 3.7035326867591998 -2.4349499318738825
v 2.311394596444254 4.020346699599348 -2.6226549260064864
v 2.18487884198663 4.31368955465333 -2.426265686833874
v 1.9691513368167894 3.969563471501681 -2.7672772444208595
v 1.8426355823591654 4.262906326555662 -2.5708880052482472
v 1.8681937768987555 3.7035326867591998 -2.4349499318738825
v 1.7416780224411315 3.9968755418131803 -2.2385606927012702
v 2.21043703652622 3.7543159148568668 -2.2903276134595094
v 2.083921282068596 4.047658769910847 -2.093938374286897
v 1.9691513368167894 3.969563471501681 -2.7672772444208595
v 1.8426355823591654 4.262906326555662 -2.5708880052482472
v 1.8681937768987555 3.7035326867591998 -2.4349499318738825
v 1.7416780224411315 3.9968755418131803 -2.2385606927012702
v 2.18487884198663 4.31368955465333 -2.426265686833874
v 2.311394596444254 4.020346699599348 -2.6226549260064864
v 2.083921282068596 4.047658769910847 -2.093938374286897
v 2.21043703652622 3.7543159148568668 -2.2903276134595094
vt 0.4688110053539276 0.61334228515625
vt 0.49212646484375 0.61334228515625
vt 0.4688110053539276 0.64056396484375
vt 0.49212646484375 0.64056396484375
vt 0.51568603515625 0.61334228515625
vt 0.53900146484375 0.61334228515625
vt 0.51568603515625 0.64056396484375
vt 0.53900146484375 0.64056396484375
vt 0.51556396484375 0.61322021484375
vt 0.4922485649585724 0.61322021484375
vt 0.51556396484375 0.58990478515625
vt 0.4922485649585724 0.58990478515625
vt 0.53900146484375 0.58990478515625
vt 0.51568603515625 0.58990478515625
vt 0.53900146484375 0.61322021484375
vt 0.51568603515625 0.61322021484375
vt 0.53912353515625 0.61334228515625
vt 0.56243896484375 0.61334228515625
vt 0.53912353515625 0.64056396484375
vt 0.56243896484375 0.64056396484375
vt 0.4922485649585724 0.61334228515625
vt 0.51556396484375 0.61334228515625
vt 0.4922485649585724 0.64056396484375
vt 0.51556396484375 0.64056396484375
vn -0.33737534522033075 0.782247613477282 0.5237046377936322
vn -0.33737534522033075 0.782247613477282 0.5237046377936322
vn -0.33737534522033075 0.782247613477282 0.5237046377936322
vn -0.33737534522033075 0.782247613477282 0.5237046377936322
vn 0.33737534522033075 -0.782247613477282 -0.5237046377936322
vn 0.33737534522033075 -0.782247613477282 -0.5237046377936322
vn 0.33737534522033075 -0.782247613477282 -0.5237046377936322
vn 0.33737534522033075 -0.782247613477282 -0.5237046377936322
vn 0.23076013695550596 0.6080703651256719 -0.7596052858216616
vn 0.23076013695550596 0.6080703651256719 -0.7596052858216616
vn 0.23076013695550596 0.6080703651256719 -0.7596052858216616
vn 0.23076013695550596 0.6080703651256719 -0.7596052858216616
vn -0.23076013695550596 -0.6080703651256719 0.7596052858216616
vn -0.23076013695550596 -0.6080703651256719 0.7596052858216616
vn -0.23076013695550596 -0.6080703651256719 0.7596052858216616
vn -0.23076013695550596 -0.6080703651256719 0.7596052858216616
vn -0.9126486923399053 -0.13542194159377885 -0.38565951577166147
vn -0.9126486923399053 -0.13542194159377885 -0.38565951577166147
vn -0.9126486923399053 -0.13542194159377885 -0.38565951577166147
vn -0.9126486923399053 -0.13542194159377885 -0.38565951577166147
vn 0.9126486923399053 0.13542194159377885 0.38565951577166147
vn 0.9126486923399053 0.13542194159377885 0.38565951577166147
vn 0.9126486923399053 0.13542194159377885 0.38565951577166147
vn 0.9126486923399053 0.13542194159377885 0.38565951577166147
f 1993/1993/1993 1995/1995/1995 1994/1994/1994
f 1995/1995/1995 1996/1996/1996 1994/1994/1994
f 1997/1997/1997 1999/1999/1999 1998/1998/1998
f 1999/1999/1999 2000/2000/2000 1998/1998/1998
f 2001/2001/2001 2003/2003/2003 2002/2002/2002
f 2003/2003/2003 2004/2004/2004 2002/2002/2002
f 2005/2005/2005 2007/2007/2007 2006/2006/2006
f 2007/2007/2007 2008/2008/2008 2006/2006/2006
f 2009/2009/2009 2011/2011/2011 2010/2010/2010
f 2011/2011/2011 2012/2012/2012 2010/2010/2010
f 2013/2013/2013 2015/2015/2015 2014/2014/2014
f 2015/2015/2015 2016/2016/2016 2014/2014/2014
o b62_1
usemtl material11
v 1.4846285232517022 3.7923245904937914 -2.2776336138612896
v 1.5961613444386458 3.9063865953445784 -2.3761553822553885
v 1.758234961528186 3.741981710297524 -2.0261776309394257
v 1.8697677827151296 3.856043715148311 -2.124699399333524
v 1.6594192216674577 3.759715167817588 -2.4743500018416946
v 1.5478864004805142 3.645653162966801 -2.3758282334475957
v 1.9330256599439415 3.7093722876213207 -2.2228940189198303
v 1.821492838756998 3.5953102827705337 -2.1243722505257314
v 1.6594192216674577 3.759715167817588 -2.4743500018416946
v 1.5961613444386458 3.9063865953445784 -2.3761553822553885
v 1.5478864004805142 3.645653162966801 -2.3758282334475957
v 1.4846285232517022 3.7923245904937914 -2.2776336138612896
v 1.821492838756998 3.5953102827705337 -2.1243722505257314
v 1.758234961528186 3.741981710297524 -2.0261776309394257
v 1.9330256599439415 3.7093722876213207 -2.2228940189198303
v 1.8697677827151296 3.856043715148311 -2.124699399333524
v 1.5478864004805142 3.645653162966801 -2.3758282334475957
v 1.4846285232517022 3.7923245904937914 -2.2776336138612896
v 1.821492838756998 3.5953102827705337 -2.1243722505257314
v 1.758234961528186 3.741981710297524 -2.0261776309394257
v 1.5961613444386458 3.9063865953445784 -2.3761553822553885
v 1.6594192216674577 3.759715167817588 -2.4743500018416946
v 1.8697677827151296 3.856043715148311 -2.124699399333524
v 1.9330256599439415 3.7093722876213207 -2.2228940189198303
vt 0.47662353515625 0.70709228515625
vt 0.48822021484375 0.70709228515625
vt 0.47662353515625 0.73040771484375
vt 0.48822021484375 0.73040771484375
vt 0.50006103515625 0.70709228515625
vt 0.51165771484375 0.70709228515625
vt 0.50006103515625 0.73040771484375
vt 0.51165771484375 0.73040771484375
vt 0.49993896484375 0.70697021484375
vt 0.48834228515625 0.70697021484375
vt 0.49993896484375 0.69537353515625
vt 0.48834228515625 0.69537353515625
vt 0.51165771484375 0.69537353515625
vt 0.50006103515625 0.69537353515625
vt 0.51165771484375 0.70697021484375
vt 0.50006103515625 0.70697021484375
vt 0.51177978515625 0.70709228515625
vt 0.52337646484375 0.70709228515625
vt 0.51177978515625 0.73040771484375
vt 0.52337646484375 0.73040771484375
vt 0.48834228515625 0.70709228515625
vt 0.49993896484375 0.70709228515625
vt 0.48834228515625 0.73040771484375
vt 0.49993896484375 0.73040771484375
vn -0.33737534522033075 0.7822476134772822 0.5237046377936322
vn -0.33737534522033075 0.7822476134772822 0.5237046377936322
vn -0.33737534522033075 0.7822476134772822 0.5237046377936322
vn -0.33737534522033075 0.7822476134772822 0.5237046377936322
vn 0.33737534522033075 -0.7822476134772822 -0.5237046377936322
vn 0.33737534522033075 -0.7822476134772822 -0.5237046377936322
vn 0.33737534522033075 -0.7822476134772822 -0.5237046377936322
vn 0.33737534522033075 -0.7822476134772822 -0.5237046377936322
vn -0.7296171687372904 0.13424768052337963 -0.6705492877916381
vn -0.7296171687372904 0.13424768052337963 -0.6705492877916381
vn -0.7296171687372904 0.13424768052337963 -0.6705492877916381
vn -0.7296171687372904 0.13424768052337963 -0.6705492877916381
vn 0.7296171687372904 -0.13424768052337963 0.6705492877916381
vn 0.7296171687372904 -0.13424768052337963 0.6705492877916381
vn 0.7296171687372904 -0.13424768052337963 0.6705492877916381
vn 0.7296171687372904 -0.13424768052337963 0.6705492877916381
vn -0.5948417129970318 -0.6083306925375288 0.5254494314351927
vn -0.5948417129970318 -0.6083306925375288 0.5254494314351927
vn -0.5948417129970318 -0.6083306925375288 0.5254494314351927
vn -0.5948417129970318 -0.6083306925375288 0.5254494314351927
vn 0.5948417129970318 0.6083306925375288 -0.5254494314351927
vn 0.5948417129970318 0.6083306925375288 -0.5254494314351927
vn 0.5948417129970318 0.6083306925375288 -0.5254494314351927
vn 0.5948417129970318 0.6083306925375288 -0.5254494314351927
f 2017/2017/2017 2019/2019/2019 2018/2018/2018
f 2019/2019/2019 2020/2020/2020 2018/2018/2018
f 2021/2021/2021 2023/2023/2023 2022/2022/2022
f 2023/2023/2023 2024/2024/2024 2022/2022/2022
f 2025/2025/2025 2027/2027/2027 2026/2026/2026
f 2027/2027/2027 2028/2028/2028 2026/2026/2026
f 2029/2029/2029 2031/2031/2031 2030/2030/2030
f 2031/2031/2031 2032/2032/2032 2030/2030/2030
f 2033/2033/2033 2035/2035/2035 2034/2034/2034
f 2035/2035/2035 2036/2036/2036 2034/2034/2034
f 2037/2037/2037 2039/2039/2039 2038/2038/2038
f 2039/2039/2039 2040/2040/2040 2038/2038/2038
o b63_1
usemtl material11
v 1.4039693566976763 3.7846603126380494 -2.377818044766296
v 1.6270349990715633 4.012784322339623 -2.5748615815544933
v 1.4951715027898373 3.767879352572627 -2.293999383792341
v 1.7182371451637246 3.9960033622742004 -2.4910429205805382
v 1.6692069172241046 3.9150033706549623 -2.6403246612786972
v 1.4461412748502176 3.686879360953389 -2.4432811244904995
v 1.760409063316266 3.89822241058954 -2.556506000304742
v 1.5373434209423789 3.6700984008879667 -2.359462463516545
v 1.6692069172241046 3.9150033706549623 -2.6403246612786972
v 1.6270349990715633 4.012784322339623 -2.5748615815544933
v 1.4461412748502176 3.686879360953389 -2.4432811244904995
v 1.4039693566976763 3.7846603126380494 -2.377818044766296
v 1.5373434209423789 3.6700984008879667 -2.359462463516545
v 1.4951715027898373 3.767879352572627 -2.293999383792341
v 1.760409063316266 3.89822241058954 -2.556506000304742
v 1.7182371451637246 3.9960033622742004 -2.4910429205805382
v 1.4461412748502176 3.686879360953389 -2.4432811244904995
v 1.4039693566976763 3.7846603126380494 -2.377818044766296
v 1.5373434209423789 3.6700984008879667 -2.359462463516545
v 1.4951715027898373 3.767879352572627 -2.293999383792341
v 1.6270349990715633 4.012784322339623 -2.5748615815544933
v 1.6692069172241046 3.9150033706549623 -2.6403246612786972
v 1.7182371451637246 3.9960033622742004 -2.4910429205805382
v 1.760409063316266 3.89822241058954 -2.556506000304742
vt 0.67193603515625 0.42584228515625
vt 0.69525146484375 0.42584228515625
vt 0.67193603515625 0.43353271484375
vt 0.69525146484375 0.43353271484375
vt 0.70318603515625 0.42584228515625
vt 0.72650146484375 0.42584228515625
vt 0.70318603515625 0.43353271484375
vt 0.72650146484375 0.43353271484375
vt 0.70306396484375 0.42572021484375
vt 0.69537353515625 0.42572021484375
vt 0.70306396484375 0.40240478515625
vt 0.69537353515625 0.40240478515625
vt 0.71087646484375 0.40240478515625
vt 0.70318603515625 0.40240478515625
vt 0.71087646484375 0.42572021484375
vt 0.70318603515625 0.42572021484375
vt 0.72662353515625 0.42584228515625
vt 0.73431396484375 0.42584228515625
vt 0.72662353515625 0.43353271484375
vt 0.73431396484375 0.43353271484375
vt 0.69537353515625 0.42584228515625
vt 0.70306396484375 0.42584228515625
vt 0.69537353515625 0.43353271484375
vt 0.70306396484375 0.43353271484375
vn -0.33737534522033075 0.7822476134772822 0.5237046377936322
vn -0.33737534522033075 0.7822476134772822 0.5237046377936322
vn -0.33737534522033075 0.7822476134772822 0.5237046377936322
vn -0.33737534522033075 0.7822476134772822 0.5237046377936322
vn 0.33737534522033075 -0.7822476134772822 -0.5237046377936322
vn 0.33737534522033075 -0.7822476134772822 -0.5237046377936322
vn 0.33737534522033075 -0.7822476134772822 -0.5237046377936322
vn 0.33737534522033075 -0.7822476134772822 -0.5237046377936322
vn -0.7296171687372904 0.13424768052337963 -0.6705492877916381
vn -0.7296171687372904 0.13424768052337963 -0.6705492877916381
vn -0.7296171687372904 0.13424768052337963 -0.6705492877916381
vn -0.7296171687372904 0.13424768052337963 -0.6705492877916381
vn 0.7296171687372904 -0.13424768052337963 0.6705492877916381
vn 0.7296171687372904 -0.13424768052337963 0.6705492877916381
vn 0.7296171687372904 -0.13424768052337963 0.6705492877916381
vn 0.7296171687372904 -0.13424768052337963 0.6705492877916381
vn -0.5948417129970318 -0.6083306925375288 0.5254494314351927
vn -0.5948417129970318 -0.6083306925375288 0.5254494314351927
vn -0.5948417129970318 -0.6083306925375288 0.5254494314351927
vn -0.5948417129970318 -0.6083306925375288 0.5254494314351927
vn 0.5948417129970318 0.6083306925375288 -0.5254494314351927
vn 0.5948417129970318 0.6083306925375288 -0.5254494314351927
vn 0.5948417129970318 0.6083306925375288 -0.5254494314351927
vn 0.5948417129970318 0.6083306925375288 -0.5254494314351927
f 2041/2041/2041 2043/2043/2043 2042/2042/2042
f 2043/2043/2043 2044/2044/2044 2042/2042/2042
f 2045/2045/2045 2047/2047/2047 2046/2046/2046
f 2047/2047/2047 2048/2048/2048 2046/2046/2046
f 2049/2049/2049 2051/2051/2051 2050/2050/2050
f 2051/2051/2051 2052/2052/2052 2050/2050/2050
f 2053/2053/2053 2055/2055/2055 2054/2054/2054
f 2055/2055/2055 2056/2056/2056 2054/2054/2054
f 2057/2057/2057 2059/2059/2059 2058/2058/2058
f 2059/2059/2059 2060/2060/2060 2058/2058/2058
f 2061/2061/2061 2063/2063/2063 2062/2062/2062
f 2063/2063/2063 2064/2064/2064 2062/2062/2062
o b64_1
usemtl material11
v 1.4340877273491053 4.070791480391632 -2.7261331335713517
v 1.5456205485360486 4.184853485242419 -2.82465490196545
v 1.75329523867167 4.012058120162655 -2.43276782016251
v 1.8648280598586133 4.126120125013441 -2.5312895885566085
v 1.608878425764861 4.038182057715429 -2.9228495215517563
v 1.4973456045779177 3.9241200528646423 -2.8243277531576574
v 1.9280859370874253 3.9794486974864505 -2.6294842081429146
v 1.816553115900482 3.865386692635664 -2.5309624397488157
v 1.608878425764861 4.038182057715429 -2.9228495215517563
v 1.5456205485360486 4.184853485242419 -2.82465490196545
v 1.4973456045779177 3.9241200528646423 -2.8243277531576574
v 1.4340877273491053 4.070791480391632 -2.7261331335713517
v 1.816553115900482 3.865386692635664 -2.5309624397488157
v 1.75329523867167 4.012058120162655 -2.43276782016251
v 1.9280859370874253 3.9794486974864505 -2.6294842081429146
v 1.8648280598586133 4.126120125013441 -2.5312895885566085
v 1.4973456045779177 3.9241200528646423 -2.8243277531576574
v 1.4340877273491053 4.070791480391632 -2.7261331335713517
v 1.816553115900482 3.865386692635664 -2.5309624397488157
v 1.75329523867167 4.012058120162655 -2.43276782016251
v 1.5456205485360486 4.184853485242419 -2.82465490196545
v 1.608878425764861 4.038182057715429 -2.9228495215517563
v 1.8648280598586133 4.126120125013441 -2.5312895885566085
v 1.9280859370874253 3.9794486974864505 -2.6294842081429146
vt 0.25787353515625 0.07818603515625
vt 0.26947021484375 0.07818603515625
vt 0.25787353515625 0.10540771484375
vt 0.26947021484375 0.10540771484375
vt 0.28131103515625 0.07818603515625
vt 0.29290771484375 0.07818603515625
vt 0.28131103515625 0.10540771484375
vt 0.29290771484375 0.10540771484375
vt 0.28118896484375 0.07806396484375
vt 0.26959228515625 0.07806396484375
vt 0.28118896484375 0.06646728515625
vt 0.26959228515625 0.06646728515625
vt 0.29290771484375 0.06646728515625
vt 0.28131103515625 0.06646728515625
vt 0.29290771484375 0.07806396484375
vt 0.28131103515625 0.07806396484375
vt 0.29302978515625 0.07818603515625
vt 0.30462646484375 0.07818603515625
vt 0.29302978515625 0.10540771484375
vt 0.30462646484375 0.10540771484375
vt 0.26959228515625 0.07818603515625
vt 0.28118896484375 0.07818603515625
vt 0.26959228515625 0.10540771484375
vt 0.28118896484375 0.10540771484375
vn -0.33737534522033075 0.7822476134772822 0.5237046377936322
vn -0.33737534522033075 0.7822476134772822 0.5237046377936322
vn -0.33737534522033075 0.7822476134772822 0.5237046377936322
vn -0.33737534522033075 0.7822476134772822 0.5237046377936322
vn 0.33737534522033075 -0.7822476134772822 -0.5237046377936322
vn 0.33737534522033075 -0.7822476134772822 -0.5237046377936322
vn 0.33737534522033075 -0.7822476134772822 -0.5237046377936322
vn 0.33737534522033075 -0.7822476134772822 -0.5237046377936322
vn -0.7296171687372904 0.13424768052337963 -0.6705492877916381
vn -0.7296171687372904 0.13424768052337963 -0.6705492877916381
vn -0.7296171687372904 0.13424768052337963 -0.6705492877916381
vn -0.7296171687372904 0.13424768052337963 -0.6705492877916381
vn 0.7296171687372904 -0.13424768052337963 0.6705492877916381
vn 0.7296171687372904 -0.13424768052337963 0.6705492877916381
vn 0.7296171687372904 -0.13424768052337963 0.6705492877916381
vn 0.7296171687372904 -0.13424768052337963 0.6705492877916381
vn -0.5948417129970318 -0.6083306925375288 0.5254494314351927
vn -0.5948417129970318 -0.6083306925375288 0.5254494314351927
vn -0.5948417129970318 -0.6083306925375288 0.5254494314351927
vn -0.5948417129970318 -0.6083306925375288 0.5254494314351927
vn 0.5948417129970318 0.6083306925375288 -0.5254494314351927
vn 0.5948417129970318 0.6083306925375288 -0.5254494314351927
vn 0.5948417129970318 0.6083306925375288 -0.5254494314351927
vn 0.5948417129970318 0.6083306925375288 -0.5254494314351927
f 2065/2065/2065 2067/2067/2067 2066/2066/2066
f 2067/2067/2067 2068/2068/2068 2066/2066/2066
f 2069/2069/2069 2071/2071/2071 2070/2070/2070
f 2071/2071/2071 2072/2072/2072 2070/2070/2070
f 2073/2073/2073 2075/2075/2075 2074/2074/2074
f 2075/2075/2075 2076/2076/2076 2074/2074/2074
f 2077/2077/2077 2079/2079/2079 2078/2078/2078
f 2079/2079/2079 2080/2080/2080 2078/2078/2078
f 2081/2081/2081 2083/2083/2083 2082/2082/2082
f 2083/2083/2083 2084/2084/2084 2082/2082/2082
f 2085/2085/2085 2087/2087/2087 2086/2086/2086
f 2087/2087/2087 2088/2088/2088 2086/2086/2086
o b64_2
usemtl material11
v 1.4362072409034745 4.092757390786774 -2.8172488234540793
v 1.6592728832773616 4.320881400488348 -3.014292360242277
v 1.4818083139495553 4.084366910754063 -2.7753394929671025
v 1.7048739563234423 4.3124909204556365 -2.9723830297552993
v 1.7014448014299028 4.223100448803687 -3.079755439966481
v 1.4783791590560158 3.994976439102114 -2.8827119031782837
v 1.7470458744759836 4.214709968770976 -3.0378461094795037
v 1.5239802321020965 3.9865859590694033 -2.840802572691306
v 1.7014448014299028 4.223100448803687 -3.079755439966481
v 1.6592728832773616 4.320881400488348 -3.014292360242277
v 1.4783791590560158 3.994976439102114 -2.8827119031782837
v 1.4362072409034745 4.092757390786774 -2.8172488234540793
v 1.5239802321020965 3.9865859590694033 -2.840802572691306
v 1.4818083139495553 4.084366910754063 -2.7753394929671025
v 1.7470458744759836 4.214709968770976 -3.0378461094795037
v 1.7048739563234423 4.3124909204556365 -2.9723830297552993
v 1.4783791590560158 3.994976439102114 -2.8827119031782837
v 1.4362072409034745 4.092757390786774 -2.8172488234540793
v 1.5239802321020965 3.9865859590694033 -2.840802572691306
v 1.4818083139495553 4.084366910754063 -2.7753394929671025
v 1.6592728832773616 4.320881400488348 -3.014292360242277
v 1.7014448014299028 4.223100448803687 -3.079755439966481
v 1.7048739563234423 4.3124909204556365 -2.9723830297552993
v 1.7470458744759836 4.214709968770976 -3.0378461094795037
vt 0.13287353515625 0.71099853515625
vt 0.15618896484375 0.71099853515625
vt 0.13287353515625 0.71478271484375
vt 0.15618896484375 0.71478271484375
vt 0.16412353515625 0.71099853515625
vt 0.18743896484375 0.71099853515625
vt 0.16412353515625 0.71478271484375
vt 0.18743896484375 0.71478271484375
vt 0.16400146484375 0.71087646484375
vt 0.15631103515625 0.71087646484375
vt 0.16400146484375 0.68756103515625
vt 0.15631103515625 0.68756103515625
vt 0.17181396484375 0.68756103515625
vt 0.16412353515625 0.68756103515625
vt 0.17181396484375 0.71087646484375
vt 0.16412353515625 0.71087646484375
vt 0.18756103515625 0.71099853515625
vt 0.19525146484375 0.71099853515625
vt 0.18756103515625 0.71478271484375
vt 0.19525146484375 0.71478271484375
vt 0.15631103515625 0.71099853515625
vt 0.16400146484375 0.71099853515625
vt 0.15631103515625 0.71478271484375
vt 0.16400146484375 0.71478271484375
vn -0.33737534522033075 0.7822476134772822 0.5237046377936322
vn -0.33737534522033075 0.7822476134772822 0.5237046377936322
vn -0.33737534522033075 0.7822476134772822 0.5237046377936322
vn -0.33737534522033075 0.7822476134772822 0.5237046377936322
vn 0.33737534522033075 -0.7822476134772822 -0.5237046377936322
vn 0.33737534522033075 -0.7822476134772822 -0.5237046377936322
vn 0.33737534522033075 -0.7822476134772822 -0.5237046377936322
vn 0.33737534522033075 -0.7822476134772822 -0.5237046377936322
vn -0.7296171687372904 0.13424768052337963 -0.6705492877916381
vn -0.7296171687372904 0.13424768052337963 -0.6705492877916381
vn -0.7296171687372904 0.13424768052337963 -0.6705492877916381
vn -0.7296171687372904 0.13424768052337963 -0.6705492877916381
vn 0.7296171687372904 -0.13424768052337963 0.6705492877916381
vn 0.7296171687372904 -0.13424768052337963 0.6705492877916381
vn 0.7296171687372904 -0.13424768052337963 0.6705492877916381
vn 0.7296171687372904 -0.13424768052337963 0.6705492877916381
vn -0.5948417129970318 -0.6083306925375288 0.5254494314351927
vn -0.5948417129970318 -0.6083306925375288 0.5254494314351927
vn -0.5948417129970318 -0.6083306925375288 0.5254494314351927
vn -0.5948417129970318 -0.6083306925375288 0.5254494314351927
vn 0.5948417129970318 0.6083306925375288 -0.5254494314351927
vn 0.5948417129970318 0.6083306925375288 -0.5254494314351927
vn 0.5948417129970318 0.6083306925375288 -0.5254494314351927
vn 0.5948417129970318 0.6083306925375288 -0.5254494314351927
f 2089/2089/2089 2091/2091/2091 2090/2090/2090
f 2091/2091/2091 2092/2092/2092 2090/2090/2090
f 2093/2093/2093 2095/2095/2095 2094/2094/2094
f 2095/2095/2095 2096/2096/2096 2094/2094/2094
f 2097/2097/2097 2099/2099/2099 2098/2098/2098
f 2099/2099/2099 2100/2100/2100 2098/2098/2098
f 2101/2101/2101 2103/2103/2103 2102/2102/2102
f 2103/2103/2103 2104/2104/2104 2102/2102/2102
f 2105/2105/2105 2107/2107/2107 2106/2106/2106
f 2107/2107/2107 2108/2108/2108 2106/2106/2106
f 2109/2109/2109 2111/2111/2111 2110/2110/2110
f 2111/2111/2111 2112/2112/2112 2110/2110/2110
o b65_1
usemtl material11
v 2.300040728569746 4.010830631310354 -2.078715869413185
v 2.3331461588590328 3.9182305460437843 -1.9190740682018936
v 1.953291704323876 3.868437280962538 -2.0894045532078005
v 1.9863971346131624 3.775837195695969 -1.9297627519965097
v 2.3964040360878442 3.771559118516794 -2.0172686877882
v 2.3632986057985583 3.8641592037833634 -2.1769104889994906
v 2.049655011841974 3.6291657681689786 -2.027957371582816
v 2.016549581552688 3.7217658534355476 -2.1875991727941067
v 2.3964040360878442 3.771559118516794 -2.0172686877882
v 2.3331461588590328 3.9182305460437843 -1.9190740682018936
v 2.3632986057985583 3.8641592037833634 -2.1769104889994906
v 2.300040728569746 4.010830631310354 -2.078715869413185
v 2.016549581552688 3.7217658534355476 -2.1875991727941067
v 1.953291704323876 3.868437280962538 -2.0894045532078005
v 2.049655011841974 3.6291657681689786 -2.027957371582816
v 1.9863971346131624 3.775837195695969 -1.9297627519965097
v 2.3632986057985583 3.8641592037833634 -2.1769104889994906
v 2.300040728569746 4.010830631310354 -2.078715869413185
v 2.016549581552688 3.7217658534355476 -2.1875991727941067
v 1.953291704323876 3.868437280962538 -2.0894045532078005
v 2.3331461588590328 3.9182305460437843 -1.9190740682018936
v 2.3964040360878442 3.771559118516794 -2.0172686877882
v 1.9863971346131624 3.775837195695969 -1.9297627519965097
v 2.049655011841974 3.6291657681689786 -2.027957371582816
vt 0.19537353515625 0.70709228515625
vt 0.20697021484375 0.70709228515625
vt 0.19537353515625 0.73040771484375
vt 0.20697021484375 0.73040771484375
vt 0.21881103515625 0.70709228515625
vt 0.23040771484375 0.70709228515625
vt 0.21881103515625 0.73040771484375
vt 0.23040771484375 0.73040771484375
vt 0.21868896484375 0.70697021484375
vt 0.20709228515625 0.70697021484375
vt 0.21868896484375 0.69537353515625
vt 0.20709228515625 0.69537353515625
vt 0.23040771484375 0.69537353515625
vt 0.21881103515625 0.69537353515625
vt 0.23040771484375 0.70697021484375
vt 0.21881103515625 0.70697021484375
vt 0.23052978515625 0.70709228515625
vt 0.24212646484375 0.70709228515625
vt 0.23052978515625 0.73040771484375
vt 0.24212646484375 0.73040771484375
vt 0.20709228515625 0.70709228515625
vt 0.21868896484375 0.70709228515625
vt 0.20709228515625 0.73040771484375
vt 0.21868896484375 0.73040771484375
vn -0.33737534522033064 0.7822476134772821 0.5237046377936322
vn -0.33737534522033064 0.7822476134772821 0.5237046377936322
vn -0.33737534522033064 0.7822476134772821 0.5237046377936322
vn -0.33737534522033064 0.7822476134772821 0.5237046377936322
vn 0.33737534522033064 -0.7822476134772821 -0.5237046377936322
vn 0.33737534522033064 -0.7822476134772821 -0.5237046377936322
vn 0.33737534522033064 -0.7822476134772821 -0.5237046377936322
vn 0.33737534522033064 -0.7822476134772821 -0.5237046377936322
vn 0.9246640646556537 0.37971560092750795 0.02850315678564288
vn 0.9246640646556537 0.37971560092750795 0.02850315678564288
vn 0.9246640646556537 0.37971560092750795 0.02850315678564288
vn 0.9246640646556537 0.37971560092750795 0.02850315678564288
vn -0.9246640646556537 -0.37971560092750795 -0.02850315678564288
vn -0.9246640646556537 -0.37971560092750795 -0.02850315678564288
vn -0.9246640646556537 -0.37971560092750795 -0.02850315678564288
vn -0.9246640646556537 -0.37971560092750795 -0.02850315678564288
vn -0.17656229487619413 0.49386712142170225 -0.8514229397935515
vn -0.17656229487619413 0.49386712142170225 -0.8514229397935515
vn -0.17656229487619413 0.49386712142170225 -0.8514229397935515
vn -0.17656229487619413 0.49386712142170225 -0.8514229397935515
vn 0.17656229487619413 -0.49386712142170225 0.8514229397935515
vn 0.17656229487619413 -0.49386712142170225 0.8514229397935515
vn 0.17656229487619413 -0.49386712142170225 0.8514229397935515
vn 0.17656229487619413 -0.49386712142170225 0.8514229397935515
f 2113/2113/2113 2115/2115/2115 2114/2114/2114
f 2115/2115/2115 2116/2116/2116 2114/2114/2114
f 2117/2117/2117 2119/2119/2119 2118/2118/2118
f 2119/2119/2119 2120/2120/2120 2118/2118/2118
f 2121/2121/2121 2123/2123/2123 2122/2122/2122
f 2123/2123/2123 2124/2124/2124 2122/2122/2122
f 2125/2125/2125 2127/2127/2127 2126/2126/2126
f 2127/2127/2127 2128/2128/2128 2126/2126/2126
f 2129/2129/2129 2131/2131/2131 2130/2130/2130
f 2131/2131/2131 2132/2132/2132 2130/2130/2130
f 2133/2133/2133 2135/2135/2135 2134/2134/2134
f 2135/2135/2135 2136/2136/2136 2134/2134/2134
o b66_1
usemtl material11
v 2.3930612859005516 4.126449928771696 -2.2511605459573216
v 2.4592721464791243 3.9412497582385577 -1.9318769435347396
v 2.277478277818595 4.078985478655758 -2.2547234405555265
v 2.343689138397168 3.8937853081226192 -1.935439838132945
v 2.5014440646316656 3.8434688065538976 -1.9973400232589436
v 2.435233204053093 4.028668977087036 -2.316623625681525
v 2.385861056549709 3.796004356437959 -2.000902917857149
v 2.3196501959711364 3.9812045269710974 -2.320186520279731
v 2.5014440646316656 3.8434688065538976 -1.9973400232589436
v 2.4592721464791243 3.9412497582385577 -1.9318769435347396
v 2.435233204053093 4.028668977087036 -2.316623625681525
v 2.3930612859005516 4.126449928771696 -2.2511605459573216
v 2.3196501959711364 3.9812045269710974 -2.320186520279731
v 2.277478277818595 4.078985478655758 -2.2547234405555265
v 2.385861056549709 3.796004356437959 -2.000902917857149
v 2.343689138397168 3.8937853081226192 -1.935439838132945
v 2.435233204053093 4.028668977087036 -2.316623625681525
v 2.3930612859005516 4.126449928771696 -2.2511605459573216
v 2.3196501959711364 3.9812045269710974 -2.320186520279731
v 2.277478277818595 4.078985478655758 -2.2547234405555265
v 2.4592721464791243 3.9412497582385577 -1.9318769435347396
v 2.5014440646316656 3.8434688065538976 -1.9973400232589436
v 2.343689138397168 3.8937853081226192 -1.935439838132945
v 2.385861056549709 3.796004356437959 -2.000902917857149
vt 0.67193603515625 0.08990478515625
vt 0.69525146484375 0.08990478515625
vt 0.67193603515625 0.09759521484375
vt 0.69525146484375 0.09759521484375
vt 0.70318603515625 0.08990478515625
vt 0.72650146484375 0.08990478515625
vt 0.70318603515625 0.09759521484375
vt 0.72650146484375 0.09759521484375
vt 0.70306396484375 0.08978271484375
vt 0.69537353515625 0.08978271484375
vt 0.70306396484375 0.06646728515625
vt 0.69537353515625 0.06646728515625
vt 0.71087646484375 0.06646728515625
vt 0.70318603515625 0.06646728515625
vt 0.71087646484375 0.08978271484375
vt 0.70318603515625 0.08978271484375
vt 0.72662353515625 0.08990478515625
vt 0.73431396484375 0.08990478515625
vt 0.72662353515625 0.09759521484375
vt 0.73431396484375 0.09759521484375
vt 0.69537353515625 0.08990478515625
vt 0.70306396484375 0.08990478515625
vt 0.69537353515625 0.09759521484375
vt 0.70306396484375 0.09759521484375
vn -0.33737534522033064 0.7822476134772821 0.5237046377936322
vn -0.33737534522033064 0.7822476134772821 0.5237046377936322
vn -0.33737534522033064 0.7822476134772821 0.5237046377936322
vn -0.33737534522033064 0.7822476134772821 0.5237046377936322
vn 0.33737534522033064 -0.7822476134772821 -0.5237046377936322
vn 0.33737534522033064 -0.7822476134772821 -0.5237046377936322
vn 0.33737534522033064 -0.7822476134772821 -0.5237046377936322
vn 0.33737534522033064 -0.7822476134772821 -0.5237046377936322
vn 0.9246640646556537 0.37971560092750795 0.02850315678564288
vn 0.9246640646556537 0.37971560092750795 0.02850315678564288
vn 0.9246640646556537 0.37971560092750795 0.02850315678564288
vn 0.9246640646556537 0.37971560092750795 0.02850315678564288
vn -0.9246640646556537 -0.37971560092750795 -0.02850315678564288
vn -0.9246640646556537 -0.37971560092750795 -0.02850315678564288
vn -0.9246640646556537 -0.37971560092750795 -0.02850315678564288
vn -0.9246640646556537 -0.37971560092750795 -0.02850315678564288
vn -0.17656229487619413 0.49386712142170225 -0.8514229397935515
vn -0.17656229487619413 0.49386712142170225 -0.8514229397935515
vn -0.17656229487619413 0.49386712142170225 -0.8514229397935515
vn -0.17656229487619413 0.49386712142170225 -0.8514229397935515
vn 0.17656229487619413 -0.49386712142170225 0.8514229397935515
vn 0.17656229487619413 -0.49386712142170225 0.8514229397935515
vn 0.17656229487619413 -0.49386712142170225 0.8514229397935515
vn 0.17656229487619413 -0.49386712142170225 0.8514229397935515
f 2137/2137/2137 2139/2139/2139 2138/2138/2138
f 2139/2139/2139 2140/2140/2140 2138/2138/2138
f 2141/2141/2141 2143/2143/2143 2142/2142/2142
f 2143/2143/2143 2144/2144/2144 2142/2142/2142
f 2145/2145/2145 2147/2147/2147 2146/2146/2146
f 2147/2147/2147 2148/2148/2148 2146/2146/2146
f 2149/2149/2149 2151/2151/2151 2150/2150/2150
f 2151/2151/2151 2152/2152/2152 2150/2150/2150
f 2153/2153/2153 2155/2155/2155 2154/2154/2154
f 2155/2155/2155 2156/2156/2156 2154/2154/2154
f 2157/2157/2157 2159/2159/2159 2158/2158/2158
f 2159/2159/2159 2160/2160/2160 2158/2158/2158
o b67_1
usemtl material11
v 2.580578892237044 4.338424152191308 -2.3873107880411504
v 2.61368432252633 4.2458240669247385 -2.2276689868298596
v 2.1760383639501955 4.172298576785523 -2.3997809191348694
v 2.2091437942394814 4.079698491518954 -2.2401391179235786
v 2.676942199755142 4.099152639397748 -2.3258636064161657
v 2.6438367694658558 4.191752724664317 -2.4855054076274565
v 2.2724016714682937 3.9330270639919633 -2.3383337375098843
v 2.239296241179007 4.025627149258533 -2.4979755387211755
v 2.676942199755142 4.099152639397748 -2.3258636064161657
v 2.61368432252633 4.2458240669247385 -2.2276689868298596
v 2.6438367694658558 4.191752724664317 -2.4855054076274565
v 2.580578892237044 4.338424152191308 -2.3873107880411504
v 2.239296241179007 4.025627149258533 -2.4979755387211755
v 2.1760383639501955 4.172298576785523 -2.3997809191348694
v 2.2724016714682937 3.9330270639919633 -2.3383337375098843
v 2.2091437942394814 4.079698491518954 -2.2401391179235786
v 2.6438367694658558 4.191752724664317 -2.4855054076274565
v 2.580578892237044 4.338424152191308 -2.3873107880411504
v 2.239296241179007 4.025627149258533 -2.4979755387211755
v 2.1760383639501955 4.172298576785523 -2.3997809191348694
v 2.61368432252633 4.2458240669247385 -2.2276689868298596
v 2.676942199755142 4.099152639397748 -2.3258636064161657
v 2.2091437942394814 4.079698491518954 -2.2401391179235786
v 2.2724016714682937 3.9330270639919633 -2.3383337375098843
vt 0.00006103515625 0.01177978515625
vt 0.01165771484375 0.01177978515625
vt 0.00006103515625 0.03900146484375
vt 0.01165771484375 0.03900146484375
vt 0.02349853515625 0.01177978515625
vt 0.03509521484375 0.01177978515625
vt 0.02349853515625 0.03900146484375
vt 0.03509521484375 0.03900146484375
vt 0.02337646484375 0.01165771484375
vt 0.01177978515625 0.01165771484375
vt 0.02337646484375 0.00006103515625
vt 0.01177978515625 0.00006103515625
vt 0.03509521484375 0.00006103515625
vt 0.02349853515625 0.00006103515625
vt 0.03509521484375 0.01165771484375
vt 0.02349853515625 0.01165771484375
vt 0.03521728515625 0.01177978515625
vt 0.04681396484375 0.01177978515625
vt 0.03521728515625 0.03900146484375
vt 0.04681396484375 0.03900146484375
vt 0.01177978515625 0.01177978515625
vt 0.02337646484375 0.01177978515625
vt 0.01177978515625 0.03900146484375
vt 0.02337646484375 0.03900146484375
vn -0.33737534522033064 0.7822476134772821 0.5237046377936322
vn -0.33737534522033064 0.7822476134772821 0.5237046377936322
vn -0.33737534522033064 0.7822476134772821 0.5237046377936322
vn -0.33737534522033064 0.7822476134772821 0.5237046377936322
vn 0.33737534522033064 -0.7822476134772821 -0.5237046377936322
vn 0.33737534522033064 -0.7822476134772821 -0.5237046377936322
vn 0.33737534522033064 -0.7822476134772821 -0.5237046377936322
vn 0.33737534522033064 -0.7822476134772821 -0.5237046377936322
vn 0.9246640646556537 0.37971560092750795 0.02850315678564288
vn 0.9246640646556537 0.37971560092750795 0.02850315678564288
vn 0.9246640646556537 0.37971560092750795 0.02850315678564288
vn 0.9246640646556537 0.37971560092750795 0.02850315678564288
vn -0.9246640646556537 -0.37971560092750795 -0.02850315678564288
vn -0.9246640646556537 -0.37971560092750795 -0.02850315678564288
vn -0.9246640646556537 -0.37971560092750795 -0.02850315678564288
vn -0.9246640646556537 -0.37971560092750795 -0.02850315678564288
vn -0.17656229487619413 0.49386712142170225 -0.8514229397935515
vn -0.17656229487619413 0.49386712142170225 -0.8514229397935515
vn -0.17656229487619413 0.49386712142170225 -0.8514229397935515
vn -0.17656229487619413 0.49386712142170225 -0.8514229397935515
vn 0.17656229487619413 -0.49386712142170225 0.8514229397935515
vn 0.17656229487619413 -0.49386712142170225 0.8514229397935515
vn 0.17656229487619413 -0.49386712142170225 0.8514229397935515
vn 0.17656229487619413 -0.49386712142170225 0.8514229397935515
f 2161/2161/2161 2163/2163/2163 2162/2162/2162
f 2163/2163/2163 2164/2164/2164 2162/2162/2162
f 2165/2165/2165 2167/2167/2167 2166/2166/2166
f 2167/2167/2167 2168/2168/2168 2166/2166/2166
f 2169/2169/2169 2171/2171/2171 2170/2170/2170
f 2171/2171/2171 2172/2172/2172 2170/2170/2170
f 2173/2173/2173 2175/2175/2175 2174/2174/2174
f 2175/2175/2175 2176/2176/2176 2174/2174/2174
f 2177/2177/2177 2179/2179/2179 2178/2178/2178
f 2179/2179/2179 2180/2180/2180 2178/2178/2178
f 2181/2181/2181 2183/2183/2183 2182/2182/2182
f 2183/2183/2183 2184/2184/2184 2182/2182/2182
o b67_2
usemtl material11
v 2.604772802097109 4.4611779196835375 -2.614750845621487
v 2.6709836626756815 4.2759777491504 -2.295467243198905
v 2.5469812980561306 4.437445694625568 -2.6165322929205894
v 2.6131921586347033 4.25224552409243 -2.297248690498008
v 2.713155580828223 4.1781967974657395 -2.360930322923109
v 2.64694472024965 4.363396967998877 -2.680213925345691
v 2.6553640767872446 4.15446457240777 -2.3627117702222113
v 2.589153216208672 4.339664742940908 -2.6819953726447934
v 2.713155580828223 4.1781967974657395 -2.360930322923109
v 2.6709836626756815 4.2759777491504 -2.295467243198905
v 2.64694472024965 4.363396967998877 -2.680213925345691
v 2.604772802097109 4.4611779196835375 -2.614750845621487
v 2.589153216208672 4.339664742940908 -2.6819953726447934
v 2.5469812980561306 4.437445694625568 -2.6165322929205894
v 2.6553640767872446 4.15446457240777 -2.3627117702222113
v 2.6131921586347033 4.25224552409243 -2.297248690498008
v 2.64694472024965 4.363396967998877 -2.680213925345691
v 2.604772802097109 4.4611779196835375 -2.614750845621487
v 2.589153216208672 4.339664742940908 -2.6819953726447934
v 2.5469812980561306 4.437445694625568 -2.6165322929205894
v 2.6709836626756815 4.2759777491504 -2.295467243198905
v 2.713155580828223 4.1781967974657395 -2.360930322923109
v 2.6131921586347033 4.25224552409243 -2.297248690498008
v 2.6553640767872446 4.15446457240777 -2.3627117702222113
vt 0.67584228515625 0.12115478515625
vt 0.69915771484375 0.12115478515625
vt 0.67584228515625 0.12493896484375
vt 0.69915771484375 0.12493896484375
vt 0.70709228515625 0.12115478515625
vt 0.73040771484375 0.12115478515625
vt 0.70709228515625 0.12493896484375
vt 0.73040771484375 0.12493896484375
vt 0.70697021484375 0.12103271484375
vt 0.69927978515625 0.12103271484375
vt 0.70697021484375 0.09771728515625
vt 0.69927978515625 0.09771728515625
vt 0.71478271484375 0.09771728515625
vt 0.70709228515625 0.09771728515625
vt 0.71478271484375 0.12103271484375
vt 0.70709228515625 0.12103271484375
vt 0.73052978515625 0.12115478515625
vt 0.73822021484375 0.12115478515625
vt 0.73052978515625 0.12493896484375
vt 0.73822021484375 0.12493896484375
vt 0.69927978515625 0.12115478515625
vt 0.70697021484375 0.12115478515625
vt 0.69927978515625 0.12493896484375
vt 0.70697021484375 0.12493896484375
vn -0.33737534522033064 0.7822476134772821 0.5237046377936322
vn -0.33737534522033064 0.7822476134772821 0.5237046377936322
vn -0.33737534522033064 0.7822476134772821 0.5237046377936322
vn -0.33737534522033064 0.7822476134772821 0.5237046377936322
vn 0.33737534522033064 -0.7822476134772821 -0.5237046377936322
vn 0.33737534522033064 -0.7822476134772821 -0.5237046377936322
vn 0.33737534522033064 -0.7822476134772821 -0.5237046377936322
vn 0.33737534522033064 -0.7822476134772821 -0.5237046377936322
vn 0.9246640646556537 0.37971560092750795 0.02850315678564288
vn 0.9246640646556537 0.37971560092750795 0.02850315678564288
vn 0.9246640646556537 0.37971560092750795 0.02850315678564288
vn 0.9246640646556537 0.37971560092750795 0.02850315678564288
vn -0.9246640646556537 -0.37971560092750795 -0.02850315678564288
vn -0.9246640646556537 -0.37971560092750795 -0.02850315678564288
vn -0.9246640646556537 -0.37971560092750795 -0.02850315678564288
vn -0.9246640646556537 -0.37971560092750795 -0.02850315678564288
vn -0.17656229487619413 0.49386712142170225 -0.8514229397935515
vn -0.17656229487619413 0.49386712142170225 -0.8514229397935515
vn -0.17656229487619413 0.49386712142170225 -0.8514229397935515
vn -0.17656229487619413 0.49386712142170225 -0.8514229397935515
vn 0.17656229487619413 -0.49386712142170225 0.8514229397935515
vn 0.17656229487619413 -0.49386712142170225 0.8514229397935515
vn 0.17656229487619413 -0.49386712142170225 0.8514229397935515
vn 0.17656229487619413 -0.49386712142170225 0.8514229397935515
f 2185/2185/2185 2187/2187/2187 2186/2186/2186
f 2187/2187/2187 2188/2188/2188 2186/2186/2186
f 2189/2189/2189 2191/2191/2191 2190/2190/2190
f 2191/2191/2191 2192/2192/2192 2190/2190/2190
f 2193/2193/2193 2195/2195/2195 2194/2194/2194
f 2195/2195/2195 2196/2196/2196 2194/2194/2194
f 2197/2197/2197 2199/2199/2199 2198/2198/2198
f 2199/2199/2199 2200/2200/2200 2198/2198/2198
f 2201/2201/2201 2203/2203/2203 2202/2202/2202
f 2203/2203/2203 2204/2204/2204 2202/2202/2202
f 2205/2205/2205 2207/2207/2207 2206/2206/2206
f 2207/2207/2207 2208/2208/2208 2206/2206/2206
o b5_1
usemtl material11
v -0.125 4.3125 0
v -0.125 4.3125 -0.125
v -0.10329397779163368 4.189399030873474 0
v -0.10329397779163368 4.189399030873474 -0.125
v -0.49430290737957805 4.247381933374901 -0.125
v -0.49430290737957805 4.247381933374901 0
v -0.4725968851712117 4.124280964248375 -0.125
v -0.4725968851712117 4.124280964248375 0
v -0.49430290737957805 4.247381933374901 -0.125
v -0.125 4.3125 -0.125
v -0.49430290737957805 4.247381933374901 0
v -0.125 4.3125 0
v -0.4725968851712117 4.124280964248375 0
v -0.10329397779163368 4.189399030873474 0
v -0.4725968851712117 4.124280964248375 -0.125
v -0.10329397779163368 4.189399030873474 -0.125
v -0.49430290737957805 4.247381933374901 0
v -0.125 4.3125 0
v -0.4725968851712117 4.124280964248375 0
v -0.10329397779163368 4.189399030873474 0
v -0.125 4.3125 -0.125
v -0.49430290737957805 4.247381933374901 -0.125
v -0.10329397779163368 4.189399030873474 -0.125
v -0.4725968851712117 4.124280964248375 -0.125
vt 0.69927978515625 0.13287353515625
vt 0.70697021484375 0.13287353515625
vt 0.69927978515625 0.14056396484375
vt 0.70697021484375 0.14056396484375
vt 0.73052978515625 0.13287353515625
vt 0.73822021484375 0.13287353515625
vt 0.73052978515625 0.14056396484375
vt 0.73822021484375 0.14056396484375
vt 0.73040771484375 0.13275146484375
vt 0.70709228515625 0.13275146484375
vt 0.73040771484375 0.12506103515625
vt 0.70709228515625 0.12506103515625
vt 0.75384521484375 0.12506103515625
vt 0.73052978515625 0.12506103515625
vt 0.75384521484375 0.13275146484375
vt 0.73052978515625 0.13275146484375
vt 0.73834228515625 0.13287353515625
vt 0.76165771484375 0.13287353515625
vt 0.73834228515625 0.14056396484375
vt 0.76165771484375 0.14056396484375
vt 0.70709228515625 0.13287353515625
vt 0.73040771484375 0.13287353515625
vt 0.70709228515625 0.14056396484375
vt 0.73040771484375 0.14056396484375
vn 0.984807753012208 0.17364817766693033 0
vn 0.984807753012208 0.17364817766693033 0
vn 0.984807753012208 0.17364817766693033 0
vn 0.984807753012208 0.17364817766693033 0
vn -0.984807753012208 -0.17364817766693033 0
vn -0.984807753012208 -0.17364817766693033 0
vn -0.984807753012208 -0.17364817766693033 0
vn -0.984807753012208 -0.17364817766693033 0
vn -0.17364817766693033 0.984807753012208 0
vn -0.17364817766693033 0.984807753012208 0
vn -0.17364817766693033 0.984807753012208 0
vn -0.17364817766693033 0.984807753012208 0
vn 0.17364817766693033 -0.984807753012208 0
vn 0.17364817766693033 -0.984807753012208 0
vn 0.17364817766693033 -0.984807753012208 0
vn 0.17364817766693033 -0.984807753012208 0
vn 0 0 1
vn 0 0 1
vn 0 0 1
vn 0 0 1
vn 0 0 -1
vn 0 0 -1
vn 0 0 -1
vn 0 0 -1
f 2209/2209/2209 2211/2211/2211 2210/2210/2210
f 2211/2211/2211 2212/2212/2212 2210/2210/2210
f 2213/2213/2213 2215/2215/2215 2214/2214/2214
f 2215/2215/2215 2216/2216/2216 2214/2214/2214
f 2217/2217/2217 2219/2219/2219 2218/2218/2218
f 2219/2219/2219 2220/2220/2220 2218/2218/2218
f 2221/2221/2221 2223/2223/2223 2222/2222/2222
f 2223/2223/2223 2224/2224/2224 2222/2222/2222
f 2225/2225/2225 2227/2227/2227 2226/2226/2226
f 2227/2227/2227 2228/2228/2228 2226/2226/2226
f 2229/2229/2229 2231/2231/2231 2230/2230/2230
f 2231/2231/2231 2232/2232/2232 2230/2230/2230
o b6_1
usemtl material11
v -0.432752422816315 4.258234944479084 0
v -0.36960090226551373 4.247381888978018 -0.10732705455015756
v -0.4300780024462495 4.134064923483287 0.01412987479022687
v -0.36692648189544824 4.123211867982221 -0.0931971797599308
v -0.7470452403679979 4.214359788282005 -0.32607705455015756
v -0.810196760918799 4.225212843783071 -0.21875
v -0.7443708199979324 4.0901897672862075 -0.3119471797599308
v -0.8075223405487335 4.1010428227872735 -0.20462012520977313
v -0.7470452403679979 4.214359788282005 -0.32607705455015756
v -0.36960090226551373 4.247381888978018 -0.10732705455015756
v -0.810196760918799 4.225212843783071 -0.21875
v -0.432752422816315 4.258234944479084 0
v -0.8075223405487335 4.1010428227872735 -0.20462012520977313
v -0.4300780024462495 4.134064923483287 0.01412987479022687
v -0.7443708199979324 4.0901897672862075 -0.3119471797599308
v -0.36692648189544824 4.123211867982221 -0.0931971797599308
v -0.810196760918799 4.225212843783071 -0.21875
v -0.432752422816315 4.258234944479084 0
v -0.8075223405487335 4.1010428227872735 -0.20462012520977313
v -0.4300780024462495 4.134064923483287 0.01412987479022687
v -0.36960090226551373 4.247381888978018 -0.10732705455015756
v -0.7470452403679979 4.214359788282005 -0.32607705455015756
v -0.36692648189544824 4.123211867982221 -0.0931971797599308
v -0.7443708199979324 4.0901897672862075 -0.3119471797599308
vt 0.68756103515625 0.23443603515625
vt 0.69525146484375 0.23443603515625
vt 0.68756103515625 0.24212646484375
vt 0.69525146484375 0.24212646484375
vt 0.72271728515625 0.23443603515625
vt 0.73040771484375 0.23443603515625
vt 0.72271728515625 0.24212646484375
vt 0.73040771484375 0.24212646484375
vt 0.72259521484375 0.23431396484375
vt 0.69537353515625 0.23431396484375
vt 0.72259521484375 0.22662353515625
vt 0.69537353515625 0.22662353515625
vt 0.74993896484375 0.22662353515625
vt 0.72271728515625 0.22662353515625
vt 0.74993896484375 0.23431396484375
vt 0.72271728515625 0.23431396484375
vt 0.73052978515625 0.23443603515625
vt 0.75775146484375 0.23443603515625
vt 0.73052978515625 0.24212646484375
vt 0.75775146484375 0.24212646484375
vt 0.69537353515625 0.23443603515625
vt 0.72259521484375 0.23443603515625
vt 0.69537353515625 0.24212646484375
vt 0.72259521484375 0.24212646484375
vn 0.862729915662821 0.07547908730517335 0.5
vn 0.862729915662821 0.07547908730517335 0.5
vn 0.862729915662821 0.07547908730517335 0.5
vn 0.862729915662821 0.07547908730517335 0.5
vn -0.862729915662821 -0.07547908730517335 -0.5
vn -0.862729915662821 -0.07547908730517335 -0.5
vn -0.862729915662821 -0.07547908730517335 -0.5
vn -0.862729915662821 -0.07547908730517335 -0.5
vn -0.021395362960523724 0.9933601679663767 -0.11303899832181544
vn -0.021395362960523724 0.9933601679663767 -0.11303899832181544
vn -0.021395362960523724 0.9933601679663767 -0.11303899832181544
vn -0.021395362960523724 0.9933601679663767 -0.11303899832181544
vn 0.021395362960523724 -0.9933601679663767 0.11303899832181544
vn 0.021395362960523724 -0.9933601679663767 0.11303899832181544
vn 0.021395362960523724 -0.9933601679663767 0.11303899832181544
vn 0.021395362960523724 -0.9933601679663767 0.11303899832181544
vn -0.50521216440641 0.08682444400852775 0.8586164364012611
vn -0.50521216440641 0.08682444400852775 0.8586164364012611
vn -0.50521216440641 0.08682444400852775 0.8586164364012611
vn -0.50521216440641 0.08682444400852775 0.8586164364012611
vn 0.50521216440641 -0.08682444400852775 -0.8586164364012611
vn 0.50521216440641 -0.08682444400852775 -0.8586164364012611
vn 0.50521216440641 -0.08682444400852775 -0.8586164364012611
vn 0.50521216440641 -0.08682444400852775 -0.8586164364012611
f 2233/2233/2233 2235/2235/2235 2234/2234/2234
f 2235/2235/2235 2236/2236/2236 2234/2234/2234
f 2237/2237/2237 2239/2239/2239 2238/2238/2238
f 2239/2239/2239 2240/2240/2240 2238/2238/2238
f 2241/2241/2241 2243/2243/2243 2242/2242/2242
f 2243/2243/2243 2244/2244/2244 2242/2242/2242
f 2245/2245/2245 2247/2247/2247 2246/2246/2246
f 2247/2247/2247 2248/2248/2248 2246/2246/2246
f 2249/2249/2249 2251/2251/2251 2250/2250/2250
f 2251/2251/2251 2252/2252/2252 2250/2250/2250
f 2253/2253/2253 2255/2255/2255 2254/2254/2254
f 2255/2255/2255 2256/2256/2256 2254/2254/2254
o b7_1
usemtl material11
v -0.6483695251737297 4.225130565446749 -0.25010275896166856
v -0.3799637760630741 4.1917800931361295 -0.5939811529340236
v -0.6456951048036642 4.1009605444509525 -0.23597288417144158
v -0.3772893556930086 4.067610072140332 -0.5798512781437967
v -0.4786394912573422 4.181009315971385 -0.6699554485225127
v -0.7470452403679978 4.214359788282005 -0.32607705455015756
v -0.4759650708872767 4.056839294975587 -0.6558255737322857
v -0.7443708199979323 4.090189767286208 -0.3119471797599306
v -0.4786394912573422 4.181009315971385 -0.6699554485225127
v -0.3799637760630741 4.1917800931361295 -0.5939811529340236
v -0.7470452403679978 4.214359788282005 -0.32607705455015756
v -0.6483695251737297 4.225130565446749 -0.25010275896166856
v -0.7443708199979323 4.090189767286208 -0.3119471797599306
v -0.6456951048036642 4.1009605444509525 -0.23597288417144158
v -0.4759650708872767 4.056839294975587 -0.6558255737322857
v -0.3772893556930086 4.067610072140332 -0.5798512781437967
v -0.7470452403679978 4.214359788282005 -0.32607705455015756
v -0.6483695251737297 4.225130565446749 -0.25010275896166856
v -0.7443708199979323 4.090189767286208 -0.3119471797599306
v -0.6456951048036642 4.1009605444509525 -0.23597288417144158
v -0.3799637760630741 4.1917800931361295 -0.5939811529340236
v -0.4786394912573422 4.181009315971385 -0.6699554485225127
v -0.3772893556930086 4.067610072140332 -0.5798512781437967
v -0.4759650708872767 4.056839294975587 -0.6558255737322857
vt 0.65631103515625 0.35943603515625
vt 0.68353271484375 0.35943603515625
vt 0.65631103515625 0.36712646484375
vt 0.68353271484375 0.36712646484375
vt 0.69146728515625 0.35943603515625
vt 0.71868896484375 0.35943603515625
vt 0.69146728515625 0.36712646484375
vt 0.71868896484375 0.36712646484375
vt 0.69134521484375 0.35931396484375
vt 0.68365478515625 0.35931396484375
vt 0.69134521484375 0.33209228515625
vt 0.68365478515625 0.33209228515625
vt 0.69915771484375 0.33209228515625
vt 0.69146728515625 0.33209228515625
vt 0.69915771484375 0.35931396484375
vt 0.69146728515625 0.35931396484375
vt 0.71881103515625 0.35943603515625
vt 0.72650146484375 0.35943603515625
vt 0.71881103515625 0.36712646484375
vt 0.72650146484375 0.36712646484375
vt 0.68365478515625 0.35943603515625
vt 0.69134521484375 0.35943603515625
vt 0.68365478515625 0.36712646484375
vt 0.69134521484375 0.36712646484375
vn 0.7894057215541453 0.08616621731795553 0.6077943647079118
vn 0.7894057215541453 0.08616621731795553 0.6077943647079118
vn 0.7894057215541453 0.08616621731795553 0.6077943647079118
vn 0.7894057215541453 0.08616621731795553 0.6077943647079118
vn -0.7894057215541453 -0.08616621731795553 -0.6077943647079118
vn -0.7894057215541453 -0.08616621731795553 -0.6077943647079118
vn -0.7894057215541453 -0.08616621731795553 -0.6077943647079118
vn -0.7894057215541453 -0.08616621731795553 -0.6077943647079118
vn -0.021395362960523714 0.9933601679663767 -0.11303899832181545
vn -0.021395362960523714 0.9933601679663767 -0.11303899832181545
vn -0.021395362960523714 0.9933601679663767 -0.11303899832181545
vn -0.021395362960523714 0.9933601679663767 -0.11303899832181545
vn 0.021395362960523714 -0.9933601679663767 0.11303899832181545
vn 0.021395362960523714 -0.9933601679663767 0.11303899832181545
vn 0.021395362960523714 -0.9933601679663767 0.11303899832181545
vn 0.021395362960523714 -0.9933601679663767 0.11303899832181545
vn -0.6134988551100701 0.07622965099570382 0.7860077576510974
vn -0.6134988551100701 0.07622965099570382 0.7860077576510974
vn -0.6134988551100701 0.07622965099570382 0.7860077576510974
vn -0.6134988551100701 0.07622965099570382 0.7860077576510974
vn 0.6134988551100701 -0.07622965099570382 -0.7860077576510974
vn 0.6134988551100701 -0.07622965099570382 -0.7860077576510974
vn 0.6134988551100701 -0.07622965099570382 -0.7860077576510974
vn 0.6134988551100701 -0.07622965099570382 -0.7860077576510974
f 2257/2257/2257 2259/2259/2259 2258/2258/2258
f 2259/2259/2259 2260/2260/2260 2258/2258/2258
f 2261/2261/2261 2263/2263/2263 2262/2262/2262
f 2263/2263/2263 2264/2264/2264 2262/2262/2262
f 2265/2265/2265 2267/2267/2267 2266/2266/2266
f 2267/2267/2267 2268/2268/2268 2266/2266/2266
f 2269/2269/2269 2271/2271/2271 2270/2270/2270
f 2271/2271/2271 2272/2272/2272 2270/2270/2270
f 2273/2273/2273 2275/2275/2275 2274/2274/2274
f 2275/2275/2275 2276/2276/2276 2274/2274/2274
f 2277/2277/2277 2279/2279/2279 2278/2278/2278
f 2279/2279/2279 2280/2280/2280 2278/2278/2278
o b8_1
usemtl material11
v -0.46851499459657436 4.195311246811306 -0.5461897451082947
v -0.09483320699186326 4.199821894368004 -0.5772795452229098
v -0.46584057422650893 4.071141225815509 -0.5320598703180678
v -0.09215878662179777 4.075651873372207 -0.563149670432683
v -0.10495770365263102 4.185519963528082 -0.7010452486371279
v -0.4786394912573422 4.181009315971385 -0.6699554485225128
v -0.10228328328256553 4.061349942532285 -0.6869153738469014
v -0.4759650708872767 4.056839294975587 -0.655825573732286
v -0.10495770365263102 4.185519963528082 -0.7010452486371279
v -0.09483320699186326 4.199821894368004 -0.5772795452229098
v -0.4786394912573422 4.181009315971385 -0.6699554485225128
v -0.46851499459657436 4.195311246811306 -0.5461897451082947
v -0.4759650708872767 4.056839294975587 -0.655825573732286
v -0.46584057422650893 4.071141225815509 -0.5320598703180678
v -0.10228328328256553 4.061349942532285 -0.6869153738469014
v -0.09215878662179777 4.075651873372207 -0.563149670432683
v -0.4786394912573422 4.181009315971385 -0.6699554485225128
v -0.46851499459657436 4.195311246811306 -0.5461897451082947
v -0.4759650708872767 4.056839294975587 -0.655825573732286
v -0.46584057422650893 4.071141225815509 -0.5320598703180678
v -0.09483320699186326 4.199821894368004 -0.5772795452229098
v -0.10495770365263102 4.185519963528082 -0.7010452486371279
v -0.09215878662179777 4.075651873372207 -0.563149670432683
v -0.10228328328256553 4.061349942532285 -0.6869153738469014
vt 0.67974853515625 0.28131103515625
vt 0.70306396484375 0.28131103515625
vt 0.67974853515625 0.28900146484375
vt 0.70306396484375 0.28900146484375
vt 0.71099853515625 0.28131103515625
vt 0.73431396484375 0.28131103515625
vt 0.71099853515625 0.28900146484375
vt 0.73431396484375 0.28900146484375
vt 0.71087646484375 0.28118896484375
vt 0.70318603515625 0.28118896484375
vt 0.71087646484375 0.25787353515625
vt 0.70318603515625 0.25787353515625
vt 0.71868896484375 0.25787353515625
vt 0.71099853515625 0.25787353515625
vt 0.71868896484375 0.28118896484375
vt 0.71099853515625 0.28118896484375
vt 0.73443603515625 0.28131103515625
vt 0.74212646484375 0.28131103515625
vt 0.73443603515625 0.28900146484375
vt 0.74212646484375 0.28900146484375
vt 0.70318603515625 0.28131103515625
vt 0.71087646484375 0.28131103515625
vt 0.70318603515625 0.28900146484375
vt 0.71087646484375 0.28900146484375
vn 0.08099597328614253 0.1144154467193714 0.9901256273137451
vn 0.08099597328614253 0.1144154467193714 0.9901256273137451
vn 0.08099597328614253 0.1144154467193714 0.9901256273137451
vn 0.08099597328614253 0.1144154467193714 0.9901256273137451
vn -0.08099597328614253 -0.1144154467193714 -0.9901256273137451
vn -0.08099597328614253 -0.1144154467193714 -0.9901256273137451
vn -0.08099597328614253 -0.1144154467193714 -0.9901256273137451
vn -0.08099597328614253 -0.1144154467193714 -0.9901256273137451
vn -0.021395362960523714 0.9933601679663766 -0.11303899832181541
vn -0.021395362960523714 0.9933601679663766 -0.11303899832181541
vn -0.021395362960523714 0.9933601679663766 -0.11303899832181541
vn -0.021395362960523714 0.9933601679663766 -0.11303899832181541
vn 0.021395362960523714 -0.9933601679663766 0.11303899832181541
vn 0.021395362960523714 -0.9933601679663766 0.11303899832181541
vn 0.021395362960523714 -0.9933601679663766 0.11303899832181541
vn 0.021395362960523714 -0.9933601679663766 0.11303899832181541
vn -0.9964847669458966 -0.01202839348452775 0.08290613363897403
vn -0.9964847669458966 -0.01202839348452775 0.08290613363897403
vn -0.9964847669458966 -0.01202839348452775 0.08290613363897403
vn -0.9964847669458966 -0.01202839348452775 0.08290613363897403
vn 0.9964847669458966 0.01202839348452775 -0.08290613363897403
vn 0.9964847669458966 0.01202839348452775 -0.08290613363897403
vn 0.9964847669458966 0.01202839348452775 -0.08290613363897403
vn 0.9964847669458966 0.01202839348452775 -0.08290613363897403
f 2281/2281/2281 2283/2283/2283 2282/2282/2282
f 2283/2283/2283 2284/2284/2284 2282/2282/2282
f 2285/2285/2285 2287/2287/2287 2286/2286/2286
f 2287/2287/2287 2288/2288/2288 2286/2286/2286
f 2289/2289/2289 2291/2291/2291 2290/2290/2290
f 2291/2291/2291 2292/2292/2292 2290/2290/2290
f 2293/2293/2293 2295/2295/2295 2294/2294/2294
f 2295/2295/2295 2296/2296/2296 2294/2294/2294
f 2297/2297/2297 2299/2299/2299 2298/2298/2298
f 2299/2299/2299 2300/2300/2300 2298/2298/2298
f 2301/2301/2301 2303/2303/2303 2302/2302/2302
f 2303/2303/2303 2304/2304/2304 2302/2302/2302
o b73_1
usemtl material11
v 0.49430290737957805 4.247381933374901 0
v 0.49430290737957805 4.247381933374901 -0.125
v 0.4725968851712117 4.124280964248375 0
v 0.4725968851712117 4.124280964248375 -0.125
v 0.125 4.3125 -0.125
v 0.125 4.3125 0
v 0.10329397779163368 4.189399030873474 -0.125
v 0.10329397779163368 4.189399030873474 0
v 0.125 4.3125 -0.125
v 0.49430290737957805 4.247381933374901 -0.125
v 0.125 4.3125 0
v 0.49430290737957805 4.247381933374901 0
v 0.10329397779163368 4.189399030873474 0
v 0.4725968851712117 4.124280964248375 0
v 0.10329397779163368 4.189399030873474 -0.125
v 0.4725968851712117 4.124280964248375 -0.125
v 0.125 4.3125 0
v 0.49430290737957805 4.247381933374901 0
v 0.10329397779163368 4.189399030873474 0
v 0.4725968851712117 4.124280964248375 0
v 0.49430290737957805 4.247381933374901 -0.125
v 0.125 4.3125 -0.125
v 0.4725968851712117 4.124280964248375 -0.125
v 0.10329397779163368 4.189399030873474 -0.125
vt 0.69537353515625 0.56256103515625
vt 0.70306396484375 0.56256103515625
vt 0.69537353515625 0.57025146484375
vt 0.70306396484375 0.57025146484375
vt 0.72662353515625 0.56256103515625
vt 0.73431396484375 0.56256103515625
vt 0.72662353515625 0.57025146484375
vt 0.73431396484375 0.57025146484375
vt 0.72650146484375 0.56243896484375
vt 0.70318603515625 0.56243896484375
vt 0.72650146484375 0.55474853515625
vt 0.70318603515625 0.55474853515625
vt 0.74993896484375 0.55474853515625
vt 0.72662353515625 0.55474853515625
vt 0.74993896484375 0.56243896484375
vt 0.72662353515625 0.56243896484375
vt 0.73443603515625 0.56256103515625
vt 0.75775146484375 0.56256103515625
vt 0.73443603515625 0.57025146484375
vt 0.75775146484375 0.57025146484375
vt 0.70318603515625 0.56256103515625
vt 0.72650146484375 0.56256103515625
vt 0.70318603515625 0.57025146484375
vt 0.72650146484375 0.57025146484375
vn 0.984807753012208 -0.17364817766693033 0
vn 0.984807753012208 -0.17364817766693033 0
vn 0.984807753012208 -0.17364817766693033 0
vn 0.984807753012208 -0.17364817766693033 0
vn -0.984807753012208 0.17364817766693033 0
vn -0.984807753012208 0.17364817766693033 0
vn -0.984807753012208 0.17364817766693033 0
vn -0.984807753012208 0.17364817766693033 0
vn 0.17364817766693033 0.984807753012208 0
vn 0.17364817766693033 0.984807753012208 0
vn 0.17364817766693033 0.984807753012208 0
vn 0.17364817766693033 0.984807753012208 0
vn -0.17364817766693033 -0.984807753012208 0
vn -0.17364817766693033 -0.984807753012208 0
vn -0.17364817766693033 -0.984807753012208 0
vn -0.17364817766693033 -0.984807753012208 0
vn 0 0 1
vn 0 0 1
vn 0 0 1
vn 0 0 1
vn 0 0 -1
vn 0 0 -1
vn 0 0 -1
vn 0 0 -1
f 2305/2305/2305 2307/2307/2307 2306/2306/2306
f 2307/2307/2307 2308/2308/2308 2306/2306/2306
f 2309/2309/2309 2311/2311/2311 2310/2310/2310
f 2311/2311/2311 2312/2312/2312 2310/2310/2310
f 2313/2313/2313 2315/2315/2315 2314/2314/2314
f 2315/2315/2315 2316/2316/2316 2314/2314/2314
f 2317/2317/2317 2319/2319/2319 2318/2318/2318
f 2319/2319/2319 2320/2320/2320 2318/2318/2318
f 2321/2321/2321 2323/2323/2323 2322/2322/2322
f 2323/2323/2323 2324/2324/2324 2322/2322/2322
f 2325/2325/2325 2327/2327/2327 2326/2326/2326
f 2327/2327/2327 2328/2328/2328 2326/2326/2326
o b74_1
usemtl material11
v 0.810196760918799 4.225212843783071 -0.21875
v 0.7470452403679979 4.214359788282005 -0.32607705455015756
v 0.8075223405487335 4.1010428227872735 -0.20462012520977313
v 0.7443708199979324 4.0901897672862075 -0.3119471797599308
v 0.36960090226551373 4.247381888978018 -0.10732705455015756
v 0.432752422816315 4.258234944479084 0
v 0.36692648189544824 4.123211867982221 -0.0931971797599308
v 0.4300780024462495 4.134064923483287 0.01412987479022687
v 0.36960090226551373 4.247381888978018 -0.10732705455015756
v 0.7470452403679979 4.214359788282005 -0.32607705455015756
v 0.432752422816315 4.258234944479084 0
v 0.810196760918799 4.225212843783071 -0.21875
v 0.4300780024462495 4.134064923483287 0.01412987479022687
v 0.8075223405487335 4.1010428227872735 -0.20462012520977313
v 0.36692648189544824 4.123211867982221 -0.0931971797599308
v 0.7443708199979324 4.0901897672862075 -0.3119471797599308
v 0.432752422816315 4.258234944479084 0
v 0.810196760918799 4.225212843783071 -0.21875
v 0.4300780024462495 4.134064923483287 0.01412987479022687
v 0.8075223405487335 4.1010428227872735 -0.20462012520977313
v 0.7470452403679979 4.214359788282005 -0.32607705455015756
v 0.36960090226551373 4.247381888978018 -0.10732705455015756
v 0.7443708199979324 4.0901897672862075 -0.3119471797599308
v 0.36692648189544824 4.123211867982221 -0.0931971797599308
vt 0.60943603515625 0.57037353515625
vt 0.61712646484375 0.57037353515625
vt 0.60943603515625 0.57806396484375
vt 0.61712646484375 0.57806396484375
vt 0.64459228515625 0.57037353515625
vt 0.65228271484375 0.57037353515625
vt 0.64459228515625 0.57806396484375
vt 0.65228271484375 0.57806396484375
vt 0.64447021484375 0.57025146484375
vt 0.61724853515625 0.57025146484375
vt 0.64447021484375 0.56256103515625
vt 0.61724853515625 0.56256103515625
vt 0.67181396484375 0.56256103515625
vt 0.64459228515625 0.56256103515625
vt 0.67181396484375 0.57025146484375
vt 0.64459228515625 0.57025146484375
vt 0.65240478515625 0.57037353515625
vt 0.67962646484375 0.57037353515625
vt 0.65240478515625 0.57806396484375
vt 0.67962646484375 0.57806396484375
vt 0.61724853515625 0.57037353515625
vt 0.64447021484375 0.57037353515625
vt 0.61724853515625 0.57806396484375
vt 0.64447021484375 0.57806396484375
vn 0.862729915662821 -0.07547908730517335 -0.5
vn 0.862729915662821 -0.07547908730517335 -0.5
vn 0.862729915662821 -0.07547908730517335 -0.5
vn 0.862729915662821 -0.07547908730517335 -0.5
vn -0.862729915662821 0.07547908730517335 0.5
vn -0.862729915662821 0.07547908730517335 0.5
vn -0.862729915662821 0.07547908730517335 0.5
vn -0.862729915662821 0.07547908730517335 0.5
vn 0.021395362960523724 0.9933601679663767 -0.11303899832181544
vn 0.021395362960523724 0.9933601679663767 -0.11303899832181544
vn 0.021395362960523724 0.9933601679663767 -0.11303899832181544
vn 0.021395362960523724 0.9933601679663767 -0.11303899832181544
vn -0.021395362960523724 -0.9933601679663767 0.11303899832181544
vn -0.021395362960523724 -0.9933601679663767 0.11303899832181544
vn -0.021395362960523724 -0.9933601679663767 0.11303899832181544
vn -0.021395362960523724 -0.9933601679663767 0.11303899832181544
vn 0.50521216440641 0.08682444400852775 0.8586164364012611
vn 0.50521216440641 0.08682444400852775 0.8586164364012611
vn 0.50521216440641 0.08682444400852775 0.8586164364012611
vn 0.50521216440641 0.08682444400852775 0.8586164364012611
vn -0.50521216440641 -0.08682444400852775 -0.8586164364012611
vn -0.50521216440641 -0.08682444400852775 -0.8586164364012611
vn -0.50521216440641 -0.08682444400852775 -0.8586164364012611
vn -0.50521216440641 -0.08682444400852775 -0.8586164364012611
f 2329/2329/2329 2331/2331/2331 2330/2330/2330
f 2331/2331/2331 2332/2332/2332 2330/2330/2330
f 2333/2333/2333 2335/2335/2335 2334/2334/2334
f 2335/2335/2335 2336/2336/2336 2334/2334/2334
f 2337/2337/2337 2339/2339/2339 2338/2338/2338
f 2339/2339/2339 2340/2340/2340 2338/2338/2338
f 2341/2341/2341 2343/2343/2343 2342/2342/2342
f 2343/2343/2343 2344/2344/2344 2342/2342/2342
f 2345/2345/2345 2347/2347/2347 2346/2346/2346
f 2347/2347/2347 2348/2348/2348 2346/2346/2346
f 2349/2349/2349 2351/2351/2351 2350/2350/2350
f 2351/2351/2351 2352/2352/2352 2350/2350/2350
o b75_1
usemtl material11
v 0.7470452403679978 4.214359788282005 -0.32607705455015756
v 0.4786394912573422 4.181009315971385 -0.6699554485225127
v 0.7443708199979323 4.090189767286208 -0.3119471797599306
v 0.4759650708872767 4.056839294975587 -0.6558255737322857
v 0.3799637760630741 4.1917800931361295 -0.5939811529340236
v 0.6483695251737297 4.225130565446749 -0.25010275896166856
v 0.3772893556930086 4.067610072140332 -0.5798512781437967
v 0.6456951048036642 4.1009605444509525 -0.23597288417144158
v 0.3799637760630741 4.1917800931361295 -0.5939811529340236
v 0.4786394912573422 4.181009315971385 -0.6699554485225127
v 0.6483695251737297 4.225130565446749 -0.25010275896166856
v 0.7470452403679978 4.214359788282005 -0.32607705455015756
v 0.6456951048036642 4.1009605444509525 -0.23597288417144158
v 0.7443708199979323 4.090189767286208 -0.3119471797599306
v 0.3772893556930086 4.067610072140332 -0.5798512781437967
v 0.4759650708872767 4.056839294975587 -0.6558255737322857
v 0.6483695251737297 4.225130565446749 -0.25010275896166856
v 0.7470452403679978 4.214359788282005 -0.32607705455015756
v 0.6456951048036642 4.1009605444509525 -0.23597288417144158
v 0.7443708199979323 4.090189767286208 -0.3119471797599306
v 0.4786394912573422 4.181009315971385 -0.6699554485225127
v 0.3799637760630741 4.1917800931361295 -0.5939811529340236
v 0.4759650708872767 4.056839294975587 -0.6558255737322857
v 0.3772893556930086 4.067610072140332 -0.5798512781437967
vt 0.65240478515625 0.58990478515625
vt 0.67962646484375 0.58990478515625
vt 0.65240478515625 0.59759521484375
vt 0.67962646484375 0.59759521484375
vt 0.68756103515625 0.58990478515625
vt 0.71478271484375 0.58990478515625
vt 0.68756103515625 0.59759521484375
vt 0.71478271484375 0.59759521484375
vt 0.68743896484375 0.58978271484375
vt 0.67974853515625 0.58978271484375
vt 0.68743896484375 0.56256103515625
vt 0.67974853515625 0.56256103515625
vt 0.69525146484375 0.56256103515625
vt 0.68756103515625 0.56256103515625
vt 0.69525146484375 0.58978271484375
vt 0.68756103515625 0.58978271484375
vt 0.71490478515625 0.58990478515625
vt 0.72259521484375 0.58990478515625
vt 0.71490478515625 0.59759521484375
vt 0.72259521484375 0.59759521484375
vt 0.67974853515625 0.58990478515625
vt 0.68743896484375 0.58990478515625
vt 0.67974853515625 0.59759521484375
vt 0.68743896484375 0.59759521484375
vn 0.7894057215541453 -0.08616621731795553 -0.6077943647079118
vn 0.7894057215541453 -0.08616621731795553 -0.6077943647079118
vn 0.7894057215541453 -0.08616621731795553 -0.6077943647079118
vn 0.7894057215541453 -0.08616621731795553 -0.6077943647079118
vn -0.7894057215541453 0.08616621731795553 0.6077943647079118
vn -0.7894057215541453 0.08616621731795553 0.6077943647079118
vn -0.7894057215541453 0.08616621731795553 0.6077943647079118
vn -0.7894057215541453 0.08616621731795553 0.6077943647079118
vn 0.021395362960523714 0.9933601679663767 -0.11303899832181545
vn 0.021395362960523714 0.9933601679663767 -0.11303899832181545
vn 0.021395362960523714 0.9933601679663767 -0.11303899832181545
vn 0.021395362960523714 0.9933601679663767 -0.11303899832181545
vn -0.021395362960523714 -0.9933601679663767 0.11303899832181545
vn -0.021395362960523714 -0.9933601679663767 0.11303899832181545
vn -0.021395362960523714 -0.9933601679663767 0.11303899832181545
vn -0.021395362960523714 -0.9933601679663767 0.11303899832181545
vn 0.6134988551100701 0.07622965099570382 0.7860077576510974
vn 0.6134988551100701 0.07622965099570382 0.7860077576510974
vn 0.6134988551100701 0.07622965099570382 0.7860077576510974
vn 0.6134988551100701 0.07622965099570382 0.7860077576510974
vn -0.6134988551100701 -0.07622965099570382 -0.7860077576510974
vn -0.6134988551100701 -0.07622965099570382 -0.7860077576510974
vn -0.6134988551100701 -0.07622965099570382 -0.7860077576510974
vn -0.6134988551100701 -0.07622965099570382 -0.7860077576510974
f 2353/2353/2353 2355/2355/2355 2354/2354/2354
f 2355/2355/2355 2356/2356/2356 2354/2354/2354
f 2357/2357/2357 2359/2359/2359 2358/2358/2358
f 2359/2359/2359 2360/2360/2360 2358/2358/2358
f 2361/2361/2361 2363/2363/2363 2362/2362/2362
f 2363/2363/2363 2364/2364/2364 2362/2362/2362
f 2365/2365/2365 2367/2367/2367 2366/2366/2366
f 2367/2367/2367 2368/2368/2368 2366/2366/2366
f 2369/2369/2369 2371/2371/2371 2370/2370/2370
f 2371/2371/2371 2372/2372/2372 2370/2370/2370
f 2373/2373/2373 2375/2375/2375 2374/2374/2374
f 2375/2375/2375 2376/2376/2376 2374/2374/2374
o b76_1
usemtl material11
v 0.4786394912573422 4.181009315971385 -0.6699554485225128
v 0.10495770365263102 4.185519963528082 -0.7010452486371279
v 0.4759650708872767 4.056839294975587 -0.655825573732286
v 0.10228328328256553 4.061349942532285 -0.6869153738469014
v 0.09483320699186326 4.199821894368004 -0.5772795452229098
v 0.46851499459657436 4.195311246811306 -0.5461897451082947
v 0.09215878662179777 4.075651873372207 -0.563149670432683
v 0.46584057422650893 4.071141225815509 -0.5320598703180678
v 0.09483320699186326 4.199821894368004 -0.5772795452229098
v 0.10495770365263102 4.185519963528082 -0.7010452486371279
v 0.46851499459657436 4.195311246811306 -0.5461897451082947
v 0.4786394912573422 4.181009315971385 -0.6699554485225128
v 0.46584057422650893 4.071141225815509 -0.5320598703180678
v 0.4759650708872767 4.056839294975587 -0.655825573732286
v 0.09215878662179777 4.075651873372207 -0.563149670432683
v 0.10228328328256553 4.061349942532285 -0.6869153738469014
v 0.46851499459657436 4.195311246811306 -0.5461897451082947
v 0.4786394912573422 4.181009315971385 -0.6699554485225128
v 0.46584057422650893 4.071141225815509 -0.5320598703180678
v 0.4759650708872767 4.056839294975587 -0.655825573732286
v 0.10495770365263102 4.185519963528082 -0.7010452486371279
v 0.09483320699186326 4.199821894368004 -0.5772795452229098
v 0.10228328328256553 4.061349942532285 -0.6869153738469014
v 0.09215878662179777 4.075651873372207 -0.563149670432683
vt 0.50006103515625 0.68756103515625
vt 0.52337646484375 0.68756103515625
vt 0.50006103515625 0.69525146484375
vt 0.52337646484375 0.69525146484375
vt 0.53131103515625 0.68756103515625
vt 0.55462646484375 0.68756103515625
vt 0.53131103515625 0.69525146484375
vt 0.55462646484375 0.69525146484375
vt 0.53118896484375 0.68743896484375
vt 0.52349853515625 0.68743896484375
vt 0.53118896484375 0.66412353515625
vt 0.52349853515625 0.66412353515625
vt 0.53900146484375 0.66412353515625
vt 0.53131103515625 0.66412353515625
vt 0.53900146484375 0.68743896484375
vt 0.53131103515625 0.68743896484375
vt 0.55474853515625 0.68756103515625
vt 0.56243896484375 0.68756103515625
vt 0.55474853515625 0.69525146484375
vt 0.56243896484375 0.69525146484375
vt 0.52349853515625 0.68756103515625
vt 0.53118896484375 0.68756103515625
vt 0.52349853515625 0.69525146484375
vt 0.53118896484375 0.69525146484375
vn 0.08099597328614253 -0.1144154467193714 -0.9901256273137451
vn 0.08099597328614253 -0.1144154467193714 -0.9901256273137451
vn 0.08099597328614253 -0.1144154467193714 -0.9901256273137451
vn 0.08099597328614253 -0.1144154467193714 -0.9901256273137451
vn -0.08099597328614253 0.1144154467193714 0.9901256273137451
vn -0.08099597328614253 0.1144154467193714 0.9901256273137451
vn -0.08099597328614253 0.1144154467193714 0.9901256273137451
vn -0.08099597328614253 0.1144154467193714 0.9901256273137451
vn 0.021395362960523714 0.9933601679663766 -0.11303899832181541
vn 0.021395362960523714 0.9933601679663766 -0.11303899832181541
vn 0.021395362960523714 0.9933601679663766 -0.11303899832181541
vn 0.021395362960523714 0.9933601679663766 -0.11303899832181541
vn -0.021395362960523714 -0.9933601679663766 0.11303899832181541
vn -0.021395362960523714 -0.9933601679663766 0.11303899832181541
vn -0.021395362960523714 -0.9933601679663766 0.11303899832181541
vn -0.021395362960523714 -0.9933601679663766 0.11303899832181541
vn 0.9964847669458966 -0.01202839348452775 0.08290613363897403
vn 0.9964847669458966 -0.01202839348452775 0.08290613363897403
vn 0.9964847669458966 -0.01202839348452775 0.08290613363897403
vn 0.9964847669458966 -0.01202839348452775 0.08290613363897403
vn -0.9964847669458966 0.01202839348452775 -0.08290613363897403
vn -0.9964847669458966 0.01202839348452775 -0.08290613363897403
vn -0.9964847669458966 0.01202839348452775 -0.08290613363897403
vn -0.9964847669458966 0.01202839348452775 -0.08290613363897403
f 2377/2377/2377 2379/2379/2379 2378/2378/2378
f 2379/2379/2379 2380/2380/2380 2378/2378/2378
f 2381/2381/2381 2383/2383/2383 2382/2382/2382
f 2383/2383/2383 2384/2384/2384 2382/2382/2382
f 2385/2385/2385 2387/2387/2387 2386/2386/2386
f 2387/2387/2387 2388/2388/2388 2386/2386/2386
f 2389/2389/2389 2391/2391/2391 2390/2390/2390
f 2391/2391/2391 2392/2392/2392 2390/2390/2390
f 2393/2393/2393 2395/2395/2395 2394/2394/2394
f 2395/2395/2395 2396/2396/2396 2394/2394/2394
f 2397/2397/2397 2399/2399/2399 2398/2398/2398
f 2399/2399/2399 2400/2400/2400 2398/2398/2398
o b9_1
usemtl material11
v -0.125 4.0625 0
v -0.125 4.0625 -0.125
v -0.0979450482577372 3.940462999110008 0
v -0.0979450482577372 3.940462999110008 -0.125
v -0.4911110026699751 3.9813351447732117 -0.125
v -0.4911110026699751 3.9813351447732117 0
v -0.4640560509277122 3.85929814388322 -0.125
v -0.4640560509277122 3.85929814388322 0
v -0.4911110026699751 3.9813351447732117 -0.125
v -0.125 4.0625 -0.125
v -0.4911110026699751 3.9813351447732117 0
v -0.125 4.0625 0
v -0.4640560509277122 3.85929814388322 0
v -0.0979450482577372 3.940462999110008 0
v -0.4640560509277122 3.85929814388322 -0.125
v -0.0979450482577372 3.940462999110008 -0.125
v -0.4911110026699751 3.9813351447732117 0
v -0.125 4.0625 0
v -0.4640560509277122 3.85929814388322 0
v -0.0979450482577372 3.940462999110008 0
v -0.125 4.0625 -0.125
v -0.4911110026699751 3.9813351447732117 -0.125
v -0.0979450482577372 3.940462999110008 -0.125
v -0.4640560509277122 3.85929814388322 -0.125
vt 0.69537353515625 0.65631103515625
vt 0.70306396484375 0.65631103515625
vt 0.69537353515625 0.66400146484375
vt 0.70306396484375 0.66400146484375
vt 0.72662353515625 0.65631103515625
vt 0.73431396484375 0.65631103515625
vt 0.72662353515625 0.66400146484375
vt 0.73431396484375 0.66400146484375
vt 0.72650146484375 0.65618896484375
vt 0.70318603515625 0.65618896484375
vt 0.72650146484375 0.64849853515625
vt 0.70318603515625 0.64849853515625
vt 0.74993896484375 0.64849853515625
vt 0.72662353515625 0.64849853515625
vt 0.74993896484375 0.65618896484375
vt 0.72662353515625 0.65618896484375
vt 0.73443603515625 0.65631103515625
vt 0.75775146484375 0.65631103515625
vt 0.73443603515625 0.66400146484375
vt 0.75775146484375 0.66400146484375
vt 0.70318603515625 0.65631103515625
vt 0.72650146484375 0.65631103515625
vt 0.70318603515625 0.66400146484375
vt 0.72650146484375 0.66400146484375
vn 0.9762960071199334 0.21643961393810288 0
vn 0.9762960071199334 0.21643961393810288 0
vn 0.9762960071199334 0.21643961393810288 0
vn 0.9762960071199334 0.21643961393810288 0
vn -0.9762960071199334 -0.21643961393810288 0
vn -0.9762960071199334 -0.21643961393810288 0
vn -0.9762960071199334 -0.21643961393810288 0
vn -0.9762960071199334 -0.21643961393810288 0
vn -0.21643961393810288 0.9762960071199334 0
vn -0.21643961393810288 0.9762960071199334 0
vn -0.21643961393810288 0.9762960071199334 0
vn -0.21643961393810288 0.9762960071199334 0
vn 0.21643961393810288 -0.9762960071199334 0
vn 0.21643961393810288 -0.9762960071199334 0
vn 0.21643961393810288 -0.9762960071199334 0
vn 0.21643961393810288 -0.9762960071199334 0
vn 0 0 1
vn 0 0 1
vn 0 0 1
vn 0 0 1
vn 0 0 -1
vn 0 0 -1
vn 0 0 -1
vn 0 0 -1
f 2401/2401/2401 2403/2403/2403 2402/2402/2402
f 2403/2403/2403 2404/2404/2404 2402/2402/2402
f 2405/2405/2405 2407/2407/2407 2406/2406/2406
f 2407/2407/2407 2408/2408/2408 2406/2406/2406
f 2409/2409/2409 2411/2411/2411 2410/2410/2410
f 2411/2411/2411 2412/2412/2412 2410/2410/2410
f 2413/2413/2413 2415/2415/2415 2414/2414/2414
f 2415/2415/2415 2416/2416/2416 2414/2414/2414
f 2417/2417/2417 2419/2419/2419 2418/2418/2418
f 2419/2419/2419 2420/2420/2420 2418/2418/2418
f 2421/2421/2421 2423/2423/2423 2422/2422/2422
f 2423/2423/2423 2424/2424/2424 2422/2422/2422
o b10_1
usemtl material11
v -0.4300925022249792 3.994862620644343 0
v -0.36652768429651256 3.986774525484889 -0.10732705455015762
v -0.4220044070655254 3.870927438572809 0.014129874790226926
v -0.35843958913705876 3.8628393434133557 -0.09319717975993069
v -0.7421723752220641 3.937319963719095 -0.3260770545501577
v -0.8057371931505308 3.9454080588785487 -0.21875
v -0.7340842800626104 3.8133847816475615 -0.3119471797599307
v -0.7976490979910771 3.8214728768070154 -0.20462012520977302
v -0.7421723752220641 3.937319963719095 -0.3260770545501577
v -0.36652768429651256 3.986774525484889 -0.10732705455015762
v -0.8057371931505308 3.9454080588785487 -0.21875
v -0.4300925022249792 3.994862620644343 0
v -0.7976490979910771 3.8214728768070154 -0.20462012520977302
v -0.4220044070655254 3.870927438572809 0.014129874790226926
v -0.7340842800626104 3.8133847816475615 -0.3119471797599307
v -0.35843958913705876 3.8628393434133557 -0.09319717975993069
v -0.8057371931505308 3.9454080588785487 -0.21875
v -0.4300925022249792 3.994862620644343 0
v -0.7976490979910771 3.8214728768070154 -0.20462012520977302
v -0.4220044070655254 3.870927438572809 0.014129874790226926
v -0.36652768429651256 3.986774525484889 -0.10732705455015762
v -0.7421723752220641 3.937319963719095 -0.3260770545501577
v -0.35843958913705876 3.8628393434133557 -0.09319717975993069
v -0.7340842800626104 3.8133847816475615 -0.3119471797599307
vt 0.68756103515625 0.21099853515625
vt 0.69525146484375 0.21099853515625
vt 0.68756103515625 0.21868896484375
vt 0.69525146484375 0.21868896484375
vt 0.72271728515625 0.21099853515625
vt 0.73040771484375 0.21099853515625
vt 0.72271728515625 0.21868896484375
vt 0.73040771484375 0.21868896484375
vt 0.72259521484375 0.21087646484375
vt 0.69537353515625 0.21087646484375
vt 0.72259521484375 0.20318603515625
vt 0.69537353515625 0.20318603515625
vt 0.74993896484375 0.20318603515625
vt 0.72271728515625 0.20318603515625
vt 0.74993896484375 0.21087646484375
vt 0.72271728515625 0.21087646484375
vt 0.73052978515625 0.21099853515625
vt 0.75775146484375 0.21099853515625
vt 0.73052978515625 0.21868896484375
vt 0.75775146484375 0.21868896484375
vt 0.69537353515625 0.21099853515625
vt 0.72259521484375 0.21099853515625
vt 0.69537353515625 0.21868896484375
vt 0.72259521484375 0.21868896484375
vn 0.858616436401261 0.11303899832181546 0.5
vn 0.858616436401261 0.11303899832181546 0.5
vn 0.858616436401261 0.11303899832181546 0.5
vn 0.858616436401261 0.11303899832181546 0.5
vn -0.858616436401261 -0.11303899832181546 -0.5
vn -0.858616436401261 -0.11303899832181546 -0.5
vn -0.858616436401261 -0.11303899832181546 -0.5
vn -0.858616436401261 -0.11303899832181546 -0.5
vn -0.06470476127563021 0.991481456572267 -0.11303899832181542
vn -0.06470476127563021 0.991481456572267 -0.11303899832181542
vn -0.06470476127563021 0.991481456572267 -0.11303899832181542
vn -0.06470476127563021 0.991481456572267 -0.11303899832181542
vn 0.06470476127563021 -0.991481456572267 0.11303899832181542
vn 0.06470476127563021 -0.991481456572267 0.11303899832181542
vn 0.06470476127563021 -0.991481456572267 0.11303899832181542
vn 0.06470476127563021 -0.991481456572267 0.11303899832181542
vn -0.508518543427733 0.0647047612756302 0.8586164364012612
vn -0.508518543427733 0.0647047612756302 0.8586164364012612
vn -0.508518543427733 0.0647047612756302 0.8586164364012612
vn -0.508518543427733 0.0647047612756302 0.8586164364012612
vn 0.508518543427733 -0.0647047612756302 -0.8586164364012612
vn 0.508518543427733 -0.0647047612756302 -0.8586164364012612
vn 0.508518543427733 -0.0647047612756302 -0.8586164364012612
vn 0.508518543427733 -0.0647047612756302 -0.8586164364012612
f 2425/2425/2425 2427/2427/2427 2426/2426/2426
f 2427/2427/2427 2428/2428/2428 2426/2426/2426
f 2429/2429/2429 2431/2431/2431 2430/2430/2430
f 2431/2431/2431 2432/2432/2432 2430/2430/2430
f 2433/2433/2433 2435/2435/2435 2434/2434/2434
f 2435/2435/2435 2436/2436/2436 2434/2434/2434
f 2437/2437/2437 2439/2439/2439 2438/2438/2438
f 2439/2439/2439 2440/2440/2440 2438/2438/2438
f 2441/2441/2441 2443/2443/2443 2442/2442/2442
f 2443/2443/2443 2444/2444/2444 2442/2442/2442
f 2445/2445/2445 2447/2447/2447 2446/2446/2446
f 2447/2447/2447 2448/2448/2448 2446/2446/2446
o b11_1
usemtl material11
v -0.6440603921452873 3.952384663735198 -0.25010275896166867
v -0.3744553786634066 3.9307736280258982 -0.5939811529340239
v -0.6359722969858336 3.828449481663664 -0.2359728841714417
v -0.36636728350395287 3.806838445954365 -0.5798512781437969
v -0.47256736174018343 3.9157089280097956 -0.6699554485225127
v -0.7421723752220641 3.9373199637190948 -0.32607705455015756
v -0.4644792665807297 3.791773745938262 -0.6558255737322859
v -0.7340842800626104 3.813384781647561 -0.3119471797599307
v -0.47256736174018343 3.9157089280097956 -0.6699554485225127
v -0.3744553786634066 3.9307736280258982 -0.5939811529340239
v -0.7421723752220641 3.9373199637190948 -0.32607705455015756
v -0.6440603921452873 3.952384663735198 -0.25010275896166867
v -0.7340842800626104 3.813384781647561 -0.3119471797599307
v -0.6359722969858336 3.828449481663664 -0.2359728841714417
v -0.4644792665807297 3.791773745938262 -0.6558255737322859
v -0.36636728350395287 3.806838445954365 -0.5798512781437969
v -0.7421723752220641 3.9373199637190948 -0.32607705455015756
v -0.6440603921452873 3.952384663735198 -0.25010275896166867
v -0.7340842800626104 3.813384781647561 -0.3119471797599307
v -0.6359722969858336 3.828449481663664 -0.2359728841714417
v -0.3744553786634066 3.9307736280258982 -0.5939811529340239
v -0.47256736174018343 3.9157089280097956 -0.6699554485225127
v -0.36636728350395287 3.806838445954365 -0.5798512781437969
v -0.4644792665807297 3.791773745938262 -0.6558255737322859
vt 0.30084228515625 0.68365478515625
vt 0.32806396484375 0.68365478515625
vt 0.30084228515625 0.69134521484375
vt 0.32806396484375 0.69134521484375
vt 0.33599853515625 0.68365478515625
vt 0.36322021484375 0.68365478515625
vt 0.33599853515625 0.69134521484375
vt 0.36322021484375 0.69134521484375
vt 0.33587646484375 0.68353271484375
vt 0.32818603515625 0.68353271484375
vt 0.33587646484375 0.65631103515625
vt 0.32818603515625 0.65631103515625
vt 0.34368896484375 0.65631103515625
vt 0.33599853515625 0.65631103515625
vt 0.34368896484375 0.68353271484375
vt 0.33599853515625 0.68353271484375
vt 0.36334228515625 0.68365478515625
vt 0.37103271484375 0.68365478515625
vt 0.36334228515625 0.69134521484375
vt 0.37103271484375 0.69134521484375
vt 0.32818603515625 0.68365478515625
vt 0.33587646484375 0.68365478515625
vt 0.32818603515625 0.69134521484375
vt 0.33587646484375 0.69134521484375
vn 0.7848958646142143 0.12051760012882215 0.6077943647079118
vn 0.7848958646142143 0.12051760012882215 0.6077943647079118
vn 0.7848958646142143 0.12051760012882215 0.6077943647079118
vn 0.7848958646142143 0.12051760012882215 0.6077943647079118
vn -0.7848958646142143 -0.12051760012882215 -0.6077943647079118
vn -0.7848958646142143 -0.12051760012882215 -0.6077943647079118
vn -0.7848958646142143 -0.12051760012882215 -0.6077943647079118
vn -0.7848958646142143 -0.12051760012882215 -0.6077943647079118
vn -0.06470476127563021 0.9914814565722672 -0.11303899832181544
vn -0.06470476127563021 0.9914814565722672 -0.11303899832181544
vn -0.06470476127563021 0.9914814565722672 -0.11303899832181544
vn -0.06470476127563021 0.9914814565722672 -0.11303899832181544
vn 0.06470476127563021 -0.9914814565722672 0.11303899832181544
vn 0.06470476127563021 -0.9914814565722672 0.11303899832181544
vn 0.06470476127563021 -0.9914814565722672 0.11303899832181544
vn 0.06470476127563021 -0.9914814565722672 0.11303899832181544
vn -0.6162400308157273 0.0493966530498273 0.7860077576510974
vn -0.6162400308157273 0.0493966530498273 0.7860077576510974
vn -0.6162400308157273 0.0493966530498273 0.7860077576510974
vn -0.6162400308157273 0.0493966530498273 0.7860077576510974
vn 0.6162400308157273 -0.0493966530498273 -0.7860077576510974
vn 0.6162400308157273 -0.0493966530498273 -0.7860077576510974
vn 0.6162400308157273 -0.0493966530498273 -0.7860077576510974
vn 0.6162400308157273 -0.0493966530498273 -0.7860077576510974
f 2449/2449/2449 2451/2451/2451 2450/2450/2450
f 2451/2451/2451 2452/2452/2452 2450/2450/2450
f 2453/2453/2453 2455/2455/2455 2454/2454/2454
f 2455/2455/2455 2456/2456/2456 2454/2454/2454
f 2457/2457/2457 2459/2459/2459 2458/2458/2458
f 2459/2459/2459 2460/2460/2460 2458/2458/2458
f 2461/2461/2461 2463/2463/2463 2462/2462/2462
f 2463/2463/2463 2464/2464/2464 2462/2462/2462
f 2465/2465/2465 2467/2467/2467 2466/2466/2466
f 2467/2467/2467 2468/2468/2468 2466/2466/2466
f 2469/2469/2469 2471/2471/2471 2470/2470/2470
f 2471/2471/2471 2472/2472/2472 2470/2470/2470
o b12_1
usemtl material11
v -0.4630763428182107 3.9304388709223304 -0.5461897451082947
v -0.08994696915723854 3.9512449959869334 -0.5772795452229099
v -0.4549882476587569 3.806503688850797 -0.5320598703180677
v -0.0818588739977848 3.8273098139153996 -0.5631496704326829
v -0.09943798807921134 3.936515053074398 -0.7010452486371281
v -0.47256736174018343 3.915708928009795 -0.6699554485225128
v -0.09134989291975759 3.8125798710028644 -0.6869153738469012
v -0.4644792665807297 3.7917737459382614 -0.6558255737322858
v -0.09943798807921134 3.936515053074398 -0.7010452486371281
v -0.08994696915723854 3.9512449959869334 -0.5772795452229099
v -0.47256736174018343 3.915708928009795 -0.6699554485225128
v -0.4630763428182107 3.9304388709223304 -0.5461897451082947
v -0.4644792665807297 3.7917737459382614 -0.6558255737322858
v -0.4549882476587569 3.806503688850797 -0.5320598703180677
v -0.09134989291975759 3.8125798710028644 -0.6869153738469012
v -0.0818588739977848 3.8273098139153996 -0.5631496704326829
v -0.47256736174018343 3.915708928009795 -0.6699554485225128
v -0.4630763428182107 3.9304388709223304 -0.5461897451082947
v -0.4644792665807297 3.7917737459382614 -0.6558255737322858
v -0.4549882476587569 3.806503688850797 -0.5320598703180677
v -0.08994696915723854 3.9512449959869334 -0.5772795452229099
v -0.09943798807921134 3.936515053074398 -0.7010452486371281
v -0.0818588739977848 3.8273098139153996 -0.5631496704326829
v -0.09134989291975759 3.8125798710028644 -0.6869153738469012
vt 0.00006103515625 0.70318603515625
vt 0.02337646484375 0.70318603515625
vt 0.00006103515625 0.71087646484375
vt 0.02337646484375 0.71087646484375
vt 0.03131103515625 0.70318603515625
vt 0.05462646484375 0.70318603515625
vt 0.03131103515625 0.71087646484375
vt 0.05462646484375 0.71087646484375
vt 0.03118896484375 0.70306396484375
vt 0.02349853515625 0.70306396484375
vt 0.03118896484375 0.67974853515625
vt 0.02349853515625 0.67974853515625
vt 0.03900146484375 0.67974853515625
vt 0.03131103515625 0.67974853515625
vt 0.03900146484375 0.70306396484375
vt 0.03131103515625 0.70306396484375
vt 0.05474853515625 0.70318603515625
vt 0.06243896484375 0.70318603515625
vt 0.05474853515625 0.71087646484375
vt 0.06243896484375 0.71087646484375
vt 0.02349853515625 0.70318603515625
vt 0.03118896484375 0.70318603515625
vt 0.02349853515625 0.71087646484375
vt 0.03118896484375 0.71087646484375
vn 0.07592815137578211 0.11783954330028247 0.9901256273137452
vn 0.07592815137578211 0.11783954330028247 0.9901256273137452
vn 0.07592815137578211 0.11783954330028247 0.9901256273137452
vn 0.07592815137578211 0.11783954330028247 0.9901256273137452
vn -0.07592815137578211 -0.11783954330028247 -0.9901256273137452
vn -0.07592815137578211 -0.11783954330028247 -0.9901256273137452
vn -0.07592815137578211 -0.11783954330028247 -0.9901256273137452
vn -0.07592815137578211 -0.11783954330028247 -0.9901256273137452
vn -0.06470476127563023 0.9914814565722672 -0.11303899832181544
vn -0.06470476127563023 0.9914814565722672 -0.11303899832181544
vn -0.06470476127563023 0.9914814565722672 -0.11303899832181544
vn -0.06470476127563023 0.9914814565722672 -0.11303899832181544
vn 0.06470476127563023 -0.9914814565722672 0.11303899832181544
vn 0.06470476127563023 -0.9914814565722672 0.11303899832181544
vn 0.06470476127563023 -0.9914814565722672 0.11303899832181544
vn 0.06470476127563023 -0.9914814565722672 0.11303899832181544
vn -0.9950116630959258 -0.055483000172273915 0.08290613363897407
vn -0.9950116630959258 -0.055483000172273915 0.08290613363897407
vn -0.9950116630959258 -0.055483000172273915 0.08290613363897407
vn -0.9950116630959258 -0.055483000172273915 0.08290613363897407
vn 0.9950116630959258 0.055483000172273915 -0.08290613363897407
vn 0.9950116630959258 0.055483000172273915 -0.08290613363897407
vn 0.9950116630959258 0.055483000172273915 -0.08290613363897407
vn 0.9950116630959258 0.055483000172273915 -0.08290613363897407
f 2473/2473/2473 2475/2475/2475 2474/2474/2474
f 2475/2475/2475 2476/2476/2476 2474/2474/2474
f 2477/2477/2477 2479/2479/2479 2478/2478/2478
f 2479/2479/2479 2480/2480/2480 2478/2478/2478
f 2481/2481/2481 2483/2483/2483 2482/2482/2482
f 2483/2483/2483 2484/2484/2484 2482/2482/2482
f 2485/2485/2485 2487/2487/2487 2486/2486/2486
f 2487/2487/2487 2488/2488/2488 2486/2486/2486
f 2489/2489/2489 2491/2491/2491 2490/2490/2490
f 2491/2491/2491 2492/2492/2492 2490/2490/2490
f 2493/2493/2493 2495/2495/2495 2494/2494/2494
f 2495/2495/2495 2496/2496/2496 2494/2494/2494
o b69_1
usemtl material11
v 0.4911110026699751 3.9813351447732117 0
v 0.4911110026699751 3.9813351447732117 -0.125
v 0.4640560509277122 3.85929814388322 0
v 0.4640560509277122 3.85929814388322 -0.125
v 0.125 4.0625 -0.125
v 0.125 4.0625 0
v 0.0979450482577372 3.940462999110008 -0.125
v 0.0979450482577372 3.940462999110008 0
v 0.125 4.0625 -0.125
v 0.4911110026699751 3.9813351447732117 -0.125
v 0.125 4.0625 0
v 0.4911110026699751 3.9813351447732117 0
v 0.0979450482577372 3.940462999110008 0
v 0.4640560509277122 3.85929814388322 0
v 0.0979450482577372 3.940462999110008 -0.125
v 0.4640560509277122 3.85929814388322 -0.125
v 0.125 4.0625 0
v 0.4911110026699751 3.9813351447732117 0
v 0.0979450482577372 3.940462999110008 0
v 0.4640560509277122 3.85929814388322 0
v 0.4911110026699751 3.9813351447732117 -0.125
v 0.125 4.0625 -0.125
v 0.4640560509277122 3.85929814388322 -0.125
v 0.0979450482577372 3.940462999110008 -0.125
vt 0.69537353515625 0.57818603515625
vt 0.70306396484375 0.57818603515625
vt 0.69537353515625 0.58587646484375
vt 0.70306396484375 0.58587646484375
vt 0.72662353515625 0.57818603515625
vt 0.73431396484375 0.57818603515625
vt 0.72662353515625 0.58587646484375
vt 0.73431396484375 0.58587646484375
vt 0.72650146484375 0.57806396484375
vt 0.70318603515625 0.57806396484375
vt 0.72650146484375 0.57037353515625
vt 0.70318603515625 0.57037353515625
vt 0.74993896484375 0.57037353515625
vt 0.72662353515625 0.57037353515625
vt 0.74993896484375 0.57806396484375
vt 0.72662353515625 0.57806396484375
vt 0.73443603515625 0.57818603515625
vt 0.75775146484375 0.57818603515625
vt 0.73443603515625 0.58587646484375
vt 0.75775146484375 0.58587646484375
vt 0.70318603515625 0.57818603515625
vt 0.72650146484375 0.57818603515625
vt 0.70318603515625 0.58587646484375
vt 0.72650146484375 0.58587646484375
vn 0.9762960071199334 -0.21643961393810288 0
vn 0.9762960071199334 -0.21643961393810288 0
vn 0.9762960071199334 -0.21643961393810288 0
vn 0.9762960071199334 -0.21643961393810288 0
vn -0.9762960071199334 0.21643961393810288 0
vn -0.9762960071199334 0.21643961393810288 0
vn -0.9762960071199334 0.21643961393810288 0
vn -0.9762960071199334 0.21643961393810288 0
vn 0.21643961393810288 0.9762960071199334 0
vn 0.21643961393810288 0.9762960071199334 0
vn 0.21643961393810288 0.9762960071199334 0
vn 0.21643961393810288 0.9762960071199334 0
vn -0.21643961393810288 -0.9762960071199334 0
vn -0.21643961393810288 -0.9762960071199334 0
vn -0.21643961393810288 -0.9762960071199334 0
vn -0.21643961393810288 -0.9762960071199334 0
vn 0 0 1
vn 0 0 1
vn 0 0 1
vn 0 0 1
vn 0 0 -1
vn 0 0 -1
vn 0 0 -1
vn 0 0 -1
f 2497/2497/2497 2499/2499/2499 2498/2498/2498
f 2499/2499/2499 2500/2500/2500 2498/2498/2498
f 2501/2501/2501 2503/2503/2503 2502/2502/2502
f 2503/2503/2503 2504/2504/2504 2502/2502/2502
f 2505/2505/2505 2507/2507/2507 2506/2506/2506
f 2507/2507/2507 2508/2508/2508 2506/2506/2506
f 2509/2509/2509 2511/2511/2511 2510/2510/2510
f 2511/2511/2511 2512/2512/2512 2510/2510/2510
f 2513/2513/2513 2515/2515/2515 2514/2514/2514
f 2515/2515/2515 2516/2516/2516 2514/2514/2514
f 2517/2517/2517 2519/2519/2519 2518/2518/2518
f 2519/2519/2519 2520/2520/2520 2518/2518/2518
o b70_1
usemtl material11
v 0.8057371931505308 3.9454080588785487 -0.21875
v 0.7421723752220641 3.937319963719095 -0.3260770545501577
v 0.7976490979910771 3.8214728768070154 -0.20462012520977302
v 0.7340842800626104 3.8133847816475615 -0.3119471797599307
v 0.36652768429651256 3.986774525484889 -0.10732705455015762
v 0.4300925022249792 3.994862620644343 0
v 0.35843958913705876 3.8628393434133557 -0.09319717975993069
v 0.4220044070655254 3.870927438572809 0.014129874790226926
v 0.36652768429651256 3.986774525484889 -0.10732705455015762
v 0.7421723752220641 3.937319963719095 -0.3260770545501577
v 0.4300925022249792 3.994862620644343 0
v 0.8057371931505308 3.9454080588785487 -0.21875
v 0.4220044070655254 3.870927438572809 0.014129874790226926
v 0.7976490979910771 3.8214728768070154 -0.20462012520977302
v 0.35843958913705876 3.8628393434133557 -0.09319717975993069
v 0.7340842800626104 3.8133847816475615 -0.3119471797599307
v 0.4300925022249792 3.994862620644343 0
v 0.8057371931505308 3.9454080588785487 -0.21875
v 0.4220044070655254 3.870927438572809 0.014129874790226926
v 0.7976490979910771 3.8214728768070154 -0.20462012520977302
v 0.7421723752220641 3.937319963719095 -0.3260770545501577
v 0.36652768429651256 3.986774525484889 -0.10732705455015762
v 0.7340842800626104 3.8133847816475615 -0.3119471797599307
v 0.35843958913705876 3.8628393434133557 -0.09319717975993069
vt 0.68756103515625 0.19537353515625
vt 0.69525146484375 0.19537353515625
vt 0.68756103515625 0.20306396484375
vt 0.69525146484375 0.20306396484375
vt 0.72271728515625 0.19537353515625
vt 0.73040771484375 0.19537353515625
vt 0.72271728515625 0.20306396484375
vt 0.73040771484375 0.20306396484375
vt 0.72259521484375 0.19525146484375
vt 0.69537353515625 0.19525146484375
vt 0.72259521484375 0.18756103515625
vt 0.69537353515625 0.18756103515625
vt 0.74993896484375 0.18756103515625
vt 0.72271728515625 0.18756103515625
vt 0.74993896484375 0.19525146484375
vt 0.72271728515625 0.19525146484375
vt 0.73052978515625 0.19537353515625
vt 0.75775146484375 0.19537353515625
vt 0.73052978515625 0.20306396484375
vt 0.75775146484375 0.20306396484375
vt 0.69537353515625 0.19537353515625
vt 0.72259521484375 0.19537353515625
vt 0.69537353515625 0.20306396484375
vt 0.72259521484375 0.20306396484375
vn 0.858616436401261 -0.11303899832181546 -0.5
vn 0.858616436401261 -0.11303899832181546 -0.5
vn 0.858616436401261 -0.11303899832181546 -0.5
vn 0.858616436401261 -0.11303899832181546 -0.5
vn -0.858616436401261 0.11303899832181546 0.5
vn -0.858616436401261 0.11303899832181546 0.5
vn -0.858616436401261 0.11303899832181546 0.5
vn -0.858616436401261 0.11303899832181546 0.5
vn 0.06470476127563021 0.991481456572267 -0.11303899832181542
vn 0.06470476127563021 0.991481456572267 -0.11303899832181542
vn 0.06470476127563021 0.991481456572267 -0.11303899832181542
vn 0.06470476127563021 0.991481456572267 -0.11303899832181542
vn -0.06470476127563021 -0.991481456572267 0.11303899832181542
vn -0.06470476127563021 -0.991481456572267 0.11303899832181542
vn -0.06470476127563021 -0.991481456572267 0.11303899832181542
vn -0.06470476127563021 -0.991481456572267 0.11303899832181542
vn 0.508518543427733 0.0647047612756302 0.8586164364012612
vn 0.508518543427733 0.0647047612756302 0.8586164364012612
vn 0.508518543427733 0.0647047612756302 0.8586164364012612
vn 0.508518543427733 0.0647047612756302 0.8586164364012612
vn -0.508518543427733 -0.0647047612756302 -0.8586164364012612
vn -0.508518543427733 -0.0647047612756302 -0.8586164364012612
vn -0.508518543427733 -0.0647047612756302 -0.8586164364012612
vn -0.508518543427733 -0.0647047612756302 -0.8586164364012612
f 2521/2521/2521 2523/2523/2523 2522/2522/2522
f 2523/2523/2523 2524/2524/2524 2522/2522/2522
f 2525/2525/2525 2527/2527/2527 2526/2526/2526
f 2527/2527/2527 2528/2528/2528 2526/2526/2526
f 2529/2529/2529 2531/2531/2531 2530/2530/2530
f 2531/2531/2531 2532/2532/2532 2530/2530/2530
f 2533/2533/2533 2535/2535/2535 2534/2534/2534
f 2535/2535/2535 2536/2536/2536 2534/2534/2534
f 2537/2537/2537 2539/2539/2539 2538/2538/2538
f 2539/2539/2539 2540/2540/2540 2538/2538/2538
f 2541/2541/2541 2543/2543/2543 2542/2542/2542
f 2543/2543/2543 2544/2544/2544 2542/2542/2542
o b71_1
usemtl material11
v 0.7421723752220641 3.9373199637190948 -0.32607705455015756
v 0.47256736174018343 3.9157089280097956 -0.6699554485225127
v 0.7340842800626104 3.813384781647561 -0.3119471797599307
v 0.4644792665807297 3.791773745938262 -0.6558255737322859
v 0.3744553786634066 3.9307736280258982 -0.5939811529340239
v 0.6440603921452873 3.952384663735198 -0.25010275896166867
v 0.36636728350395287 3.806838445954365 -0.5798512781437969
v 0.6359722969858336 3.828449481663664 -0.2359728841714417
v 0.3744553786634066 3.9307736280258982 -0.5939811529340239
v 0.47256736174018343 3.9157089280097956 -0.6699554485225127
v 0.6440603921452873 3.952384663735198 -0.25010275896166867
v 0.7421723752220641 3.9373199637190948 -0.32607705455015756
v 0.6359722969858336 3.828449481663664 -0.2359728841714417
v 0.7340842800626104 3.813384781647561 -0.3119471797599307
v 0.36636728350395287 3.806838445954365 -0.5798512781437969
v 0.4644792665807297 3.791773745938262 -0.6558255737322859
v 0.6440603921452873 3.952384663735198 -0.25010275896166867
v 0.7421723752220641 3.9373199637190948 -0.32607705455015756
v 0.6359722969858336 3.828449481663664 -0.2359728841714417
v 0.7340842800626104 3.813384781647561 -0.3119471797599307
v 0.47256736174018343 3.9157089280097956 -0.6699554485225127
v 0.3744553786634066 3.9307736280258982 -0.5939811529340239
v 0.4644792665807297 3.791773745938262 -0.6558255737322859
v 0.36636728350395287 3.806838445954365 -0.5798512781437969
vt 0.65240478515625 0.62506103515625
vt 0.67962646484375 0.62506103515625
vt 0.65240478515625 0.63275146484375
vt 0.67962646484375 0.63275146484375
vt 0.68756103515625 0.62506103515625
vt 0.71478271484375 0.62506103515625
vt 0.68756103515625 0.63275146484375
vt 0.71478271484375 0.63275146484375
vt 0.68743896484375 0.62493896484375
vt 0.67974853515625 0.62493896484375
vt 0.68743896484375 0.59771728515625
vt 0.67974853515625 0.59771728515625
vt 0.69525146484375 0.59771728515625
vt 0.68756103515625 0.59771728515625
vt 0.69525146484375 0.62493896484375
vt 0.68756103515625 0.62493896484375
vt 0.71490478515625 0.62506103515625
vt 0.72259521484375 0.62506103515625
vt 0.71490478515625 0.63275146484375
vt 0.72259521484375 0.63275146484375
vt 0.67974853515625 0.62506103515625
vt 0.68743896484375 0.62506103515625
vt 0.67974853515625 0.63275146484375
vt 0.68743896484375 0.63275146484375
vn 0.7848958646142143 -0.12051760012882215 -0.6077943647079118
vn 0.7848958646142143 -0.12051760012882215 -0.6077943647079118
vn 0.7848958646142143 -0.12051760012882215 -0.6077943647079118
vn 0.7848958646142143 -0.12051760012882215 -0.6077943647079118
vn -0.7848958646142143 0.12051760012882215 0.6077943647079118
vn -0.7848958646142143 0.12051760012882215 0.6077943647079118
vn -0.7848958646142143 0.12051760012882215 0.6077943647079118
vn -0.7848958646142143 0.12051760012882215 0.6077943647079118
vn 0.06470476127563021 0.9914814565722672 -0.11303899832181544
vn 0.06470476127563021 0.9914814565722672 -0.11303899832181544
vn 0.06470476127563021 0.9914814565722672 -0.11303899832181544
vn 0.06470476127563021 0.9914814565722672 -0.11303899832181544
vn -0.06470476127563021 -0.9914814565722672 0.11303899832181544
vn -0.06470476127563021 -0.9914814565722672 0.11303899832181544
vn -0.06470476127563021 -0.9914814565722672 0.11303899832181544
vn -0.06470476127563021 -0.9914814565722672 0.11303899832181544
vn 0.6162400308157273 0.0493966530498273 0.7860077576510974
vn 0.6162400308157273 0.0493966530498273 0.7860077576510974
vn 0.6162400308157273 0.0493966530498273 0.7860077576510974
vn 0.6162400308157273 0.0493966530498273 0.7860077576510974
vn -0.6162400308157273 -0.0493966530498273 -0.7860077576510974
vn -0.6162400308157273 -0.0493966530498273 -0.7860077576510974
vn -0.6162400308157273 -0.0493966530498273 -0.7860077576510974
vn -0.6162400308157273 -0.0493966530498273 -0.7860077576510974
f 2545/2545/2545 2547/2547/2547 2546/2546/2546
f 2547/2547/2547 2548/2548/2548 2546/2546/2546
f 2549/2549/2549 2551/2551/2551 2550/2550/2550
f 2551/2551/2551 2552/2552/2552 2550/2550/2550
f 2553/2553/2553 2555/2555/2555 2554/2554/2554
f 2555/2555/2555 2556/2556/2556 2554/2554/2554
f 2557/2557/2557 2559/2559/2559 2558/2558/2558
f 2559/2559/2559 2560/2560/2560 2558/2558/2558
f 2561/2561/2561 2563/2563/2563 2562/2562/2562
f 2563/2563/2563 2564/2564/2564 2562/2562/2562
f 2565/2565/2565 2567/2567/2567 2566/2566/2566
f 2567/2567/2567 2568/2568/2568 2566/2566/2566
o b72_1
usemtl material11
v 0.47256736174018343 3.915708928009795 -0.6699554485225128
v 0.09943798807921134 3.936515053074398 -0.7010452486371281
v 0.4644792665807297 3.7917737459382614 -0.6558255737322858
v 0.09134989291975759 3.8125798710028644 -0.6869153738469012
v 0.08994696915723854 3.9512449959869334 -0.5772795452229099
v 0.4630763428182107 3.9304388709223304 -0.5461897451082947
v 0.0818588739977848 3.8273098139153996 -0.5631496704326829
v 0.4549882476587569 3.806503688850797 -0.5320598703180677
v 0.08994696915723854 3.9512449959869334 -0.5772795452229099
v 0.09943798807921134 3.936515053074398 -0.7010452486371281
v 0.4630763428182107 3.9304388709223304 -0.5461897451082947
v 0.47256736174018343 3.915708928009795 -0.6699554485225128
v 0.4549882476587569 3.806503688850797 -0.5320598703180677
v 0.4644792665807297 3.7917737459382614 -0.6558255737322858
v 0.0818588739977848 3.8273098139153996 -0.5631496704326829
v 0.09134989291975759 3.8125798710028644 -0.6869153738469012
v 0.4630763428182107 3.9304388709223304 -0.5461897451082947
v 0.47256736174018343 3.915708928009795 -0.6699554485225128
v 0.4549882476587569 3.806503688850797 -0.5320598703180677
v 0.4644792665807297 3.7917737459382614 -0.6558255737322858
v 0.09943798807921134 3.936515053074398 -0.7010452486371281
v 0.08994696915723854 3.9512449959869334 -0.5772795452229099
v 0.09134989291975759 3.8125798710028644 -0.6869153738469012
v 0.0818588739977848 3.8273098139153996 -0.5631496704326829
vt 0.60943603515625 0.68756103515625
vt 0.63275146484375 0.68756103515625
vt 0.60943603515625 0.69525146484375
vt 0.63275146484375 0.69525146484375
vt 0.64068603515625 0.68756103515625
vt 0.66400146484375 0.68756103515625
vt 0.64068603515625 0.69525146484375
vt 0.66400146484375 0.69525146484375
vt 0.64056396484375 0.68743896484375
vt 0.63287353515625 0.68743896484375
vt 0.64056396484375 0.66412353515625
vt 0.63287353515625 0.66412353515625
vt 0.64837646484375 0.66412353515625
vt 0.64068603515625 0.66412353515625
vt 0.64837646484375 0.68743896484375
vt 0.64068603515625 0.68743896484375
vt 0.66412353515625 0.68756103515625
vt 0.67181396484375 0.68756103515625
vt 0.66412353515625 0.69525146484375
vt 0.67181396484375 0.69525146484375
vt 0.63287353515625 0.68756103515625
vt 0.64056396484375 0.68756103515625
vt 0.63287353515625 0.69525146484375
vt 0.64056396484375 0.69525146484375
vn 0.07592815137578211 -0.11783954330028247 -0.9901256273137452
vn 0.07592815137578211 -0.11783954330028247 -0.9901256273137452
vn 0.07592815137578211 -0.11783954330028247 -0.9901256273137452
vn 0.07592815137578211 -0.11783954330028247 -0.9901256273137452
vn -0.07592815137578211 0.11783954330028247 0.9901256273137452
vn -0.07592815137578211 0.11783954330028247 0.9901256273137452
vn -0.07592815137578211 0.11783954330028247 0.9901256273137452
vn -0.07592815137578211 0.11783954330028247 0.9901256273137452
vn 0.06470476127563023 0.9914814565722672 -0.11303899832181544
vn 0.06470476127563023 0.9914814565722672 -0.11303899832181544
vn 0.06470476127563023 0.9914814565722672 -0.11303899832181544
vn 0.06470476127563023 0.9914814565722672 -0.11303899832181544
vn -0.06470476127563023 -0.9914814565722672 0.11303899832181544
vn -0.06470476127563023 -0.9914814565722672 0.11303899832181544
vn -0.06470476127563023 -0.9914814565722672 0.11303899832181544
vn -0.06470476127563023 -0.9914814565722672 0.11303899832181544
vn 0.9950116630959258 -0.055483000172273915 0.08290613363897407
vn 0.9950116630959258 -0.055483000172273915 0.08290613363897407
vn 0.9950116630959258 -0.055483000172273915 0.08290613363897407
vn 0.9950116630959258 -0.055483000172273915 0.08290613363897407
vn -0.9950116630959258 0.055483000172273915 -0.08290613363897407
vn -0.9950116630959258 0.055483000172273915 -0.08290613363897407
vn -0.9950116630959258 0.055483000172273915 -0.08290613363897407
vn -0.9950116630959258 0.055483000172273915 -0.08290613363897407
f 2569/2569/2569 2571/2571/2571 2570/2570/2570
f 2571/2571/2571 2572/2572/2572 2570/2570/2570
f 2573/2573/2573 2575/2575/2575 2574/2574/2574
f 2575/2575/2575 2576/2576/2576 2574/2574/2574
f 2577/2577/2577 2579/2579/2579 2578/2578/2578
f 2579/2579/2579 2580/2580/2580 2578/2578/2578
f 2581/2581/2581 2583/2583/2583 2582/2582/2582
f 2583/2583/2583 2584/2584/2584 2582/2582/2582
f 2585/2585/2585 2587/2587/2587 2586/2586/2586
f 2587/2587/2587 2588/2588/2588 2586/2586/2586
f 2589/2589/2589 2591/2591/2591 2590/2590/2590
f 2591/2591/2591 2592/2592/2592 2590/2590/2590
o b13_1
usemtl material11
v -0.125 3.8125 0
v -0.125 3.8125 -0.125
v -0.0771645709543638 3.6970150584360892 0
v -0.0771645709543638 3.6970150584360892 -0.125
v -0.4714548246917325 3.6689937128630916 -0.125
v -0.4714548246917325 3.6689937128630916 0
v -0.4236193956460963 3.553508771299181 -0.125
v -0.4236193956460963 3.553508771299181 0
v -0.4714548246917325 3.6689937128630916 -0.125
v -0.125 3.8125 -0.125
v -0.4714548246917325 3.6689937128630916 0
v -0.125 3.8125 0
v -0.4236193956460963 3.553508771299181 0
v -0.0771645709543638 3.6970150584360892 0
v -0.4236193956460963 3.553508771299181 -0.125
v -0.0771645709543638 3.6970150584360892 -0.125
v -0.4714548246917325 3.6689937128630916 0
v -0.125 3.8125 0
v -0.4236193956460963 3.553508771299181 0
v -0.0771645709543638 3.6970150584360892 0
v -0.125 3.8125 -0.125
v -0.4714548246917325 3.6689937128630916 -0.125
v -0.0771645709543638 3.6970150584360892 -0.125
v -0.4236193956460963 3.553508771299181 -0.125
vt 0.69537353515625 0.64068603515625
vt 0.70306396484375 0.64068603515625
vt 0.69537353515625 0.64837646484375
vt 0.70306396484375 0.64837646484375
vt 0.72662353515625 0.64068603515625
vt 0.73431396484375 0.64068603515625
vt 0.72662353515625 0.64837646484375
vt 0.73431396484375 0.64837646484375
vt 0.72650146484375 0.64056396484375
vt 0.70318603515625 0.64056396484375
vt 0.72650146484375 0.63287353515625
vt 0.70318603515625 0.63287353515625
vt 0.74993896484375 0.63287353515625
vt 0.72662353515625 0.63287353515625
vt 0.74993896484375 0.64056396484375
vt 0.72662353515625 0.64056396484375
vt 0.73443603515625 0.64068603515625
vt 0.75775146484375 0.64068603515625
vt 0.73443603515625 0.64837646484375
vt 0.75775146484375 0.64837646484375
vt 0.70318603515625 0.64068603515625
vt 0.72650146484375 0.64068603515625
vt 0.70318603515625 0.64837646484375
vt 0.72650146484375 0.64837646484375
vn 0.9238795325112867 0.3826834323650897 0
vn 0.9238795325112867 0.3826834323650897 0
vn 0.9238795325112867 0.3826834323650897 0
vn 0.9238795325112867 0.3826834323650897 0
vn -0.9238795325112867 -0.3826834323650897 0
vn -0.9238795325112867 -0.3826834323650897 0
vn -0.9238795325112867 -0.3826834323650897 0
vn -0.9238795325112867 -0.3826834323650897 0
vn -0.3826834323650897 0.9238795325112867 0
vn -0.3826834323650897 0.9238795325112867 0
vn -0.3826834323650897 0.9238795325112867 0
vn -0.3826834323650897 0.9238795325112867 0
vn 0.3826834323650897 -0.9238795325112867 0
vn 0.3826834323650897 -0.9238795325112867 0
vn 0.3826834323650897 -0.9238795325112867 0
vn 0.3826834323650897 -0.9238795325112867 0
vn 0 0 1
vn 0 0 1
vn 0 0 1
vn 0 0 1
vn 0 0 -1
vn 0 0 -1
vn 0 0 -1
vn 0 0 -1
f 2593/2593/2593 2595/2595/2595 2594/2594/2594
f 2595/2595/2595 2596/2596/2596 2594/2594/2594
f 2597/2597/2597 2599/2599/2599 2598/2598/2598
f 2599/2599/2599 2600/2600/2600 2598/2598/2598
f 2601/2601/2601 2603/2603/2603 2602/2602/2602
f 2603/2603/2603 2604/2604/2604 2602/2602/2602
f 2605/2605/2605 2607/2607/2607 2606/2606/2606
f 2607/2607/2607 2608/2608/2608 2606/2606/2606
f 2609/2609/2609 2611/2611/2611 2610/2610/2610
f 2611/2611/2611 2612/2612/2612 2610/2610/2610
f 2613/2613/2613 2615/2615/2615 2614/2614/2614
f 2615/2615/2615 2616/2616/2616 2614/2614/2614
o b14_1
usemtl material11
v -0.4137123539097771 3.6929114273859094 0
v -0.3497087454097779 3.6959841233627873 -0.10732705455015762
v -0.3842260165741056 3.5722635821961197 0.014129874790226926
v -0.3202224080741064 3.5753362781729976 -0.09319717975993069
v -0.6594374106727018 3.5983270503242832 -0.29482705455015756
v -0.723441019172701 3.5952543543474054 -0.1875
v -0.6299510733370302 3.4776792051344936 -0.2806971797599306
v -0.6939546818370294 3.4746065091576157 -0.17337012520977302
v -0.6594374106727018 3.5983270503242832 -0.29482705455015756
v -0.3497087454097779 3.6959841233627873 -0.10732705455015762
v -0.723441019172701 3.5952543543474054 -0.1875
v -0.4137123539097771 3.6929114273859094 0
v -0.6939546818370294 3.4746065091576157 -0.17337012520977302
v -0.3842260165741056 3.5722635821961197 0.014129874790226926
v -0.6299510733370302 3.4776792051344936 -0.2806971797599306
v -0.3202224080741064 3.5753362781729976 -0.09319717975993069
v -0.723441019172701 3.5952543543474054 -0.1875
v -0.4137123539097771 3.6929114273859094 0
v -0.6939546818370294 3.4746065091576157 -0.17337012520977302
v -0.3842260165741056 3.5722635821961197 0.014129874790226926
v -0.3497087454097779 3.6959841233627873 -0.10732705455015762
v -0.6594374106727018 3.5983270503242832 -0.29482705455015756
v -0.3202224080741064 3.5753362781729976 -0.09319717975993069
v -0.6299510733370302 3.4776792051344936 -0.2806971797599306
vt 0.69537353515625 0.60552978515625
vt 0.70306396484375 0.60552978515625
vt 0.69537353515625 0.61322021484375
vt 0.70306396484375 0.61322021484375
vt 0.72662353515625 0.60552978515625
vt 0.73431396484375 0.60552978515625
vt 0.72662353515625 0.61322021484375
vt 0.73431396484375 0.61322021484375
vt 0.72650146484375 0.60540771484375
vt 0.70318603515625 0.60540771484375
vt 0.72650146484375 0.59771728515625
vt 0.70318603515625 0.59771728515625
vt 0.74993896484375 0.59771728515625
vt 0.72662353515625 0.59771728515625
vt 0.74993896484375 0.60540771484375
vt 0.72662353515625 0.60540771484375
vt 0.73443603515625 0.60552978515625
vt 0.75775146484375 0.60552978515625
vt 0.73443603515625 0.61322021484375
vt 0.75775146484375 0.61322021484375
vt 0.70318603515625 0.60552978515625
vt 0.72650146484375 0.60552978515625
vt 0.70318603515625 0.61322021484375
vt 0.72650146484375 0.61322021484375
vn 0.8259431073677967 0.26041886143601056 0.4999999999999999
vn 0.8259431073677967 0.26041886143601056 0.4999999999999999
vn 0.8259431073677967 0.26041886143601056 0.4999999999999999
vn 0.8259431073677967 0.26041886143601056 0.4999999999999999
vn -0.8259431073677967 -0.26041886143601056 -0.4999999999999999
vn -0.8259431073677967 -0.26041886143601056 -0.4999999999999999
vn -0.8259431073677967 -0.26041886143601056 -0.4999999999999999
vn -0.8259431073677967 -0.26041886143601056 -0.4999999999999999
vn -0.23589069868537266 0.9651827615183186 -0.11303899832181542
vn -0.23589069868537266 0.9651827615183186 -0.11303899832181542
vn -0.23589069868537266 0.9651827615183186 -0.11303899832181542
vn -0.23589069868537266 0.9651827615183186 -0.11303899832181542
vn 0.23589069868537266 -0.9651827615183186 0.11303899832181542
vn 0.23589069868537266 -0.9651827615183186 0.11303899832181542
vn 0.23589069868537266 -0.9651827615183186 0.11303899832181542
vn 0.23589069868537266 -0.9651827615183186 0.11303899832181542
vn -0.5120288679999937 -0.024581567815022878 0.8586164364012611
vn -0.5120288679999937 -0.024581567815022878 0.8586164364012611
vn -0.5120288679999937 -0.024581567815022878 0.8586164364012611
vn -0.5120288679999937 -0.024581567815022878 0.8586164364012611
vn 0.5120288679999937 0.024581567815022878 -0.8586164364012611
vn 0.5120288679999937 0.024581567815022878 -0.8586164364012611
vn 0.5120288679999937 0.024581567815022878 -0.8586164364012611
vn 0.5120288679999937 0.024581567815022878 -0.8586164364012611
f 2617/2617/2617 2619/2619/2619 2618/2618/2618
f 2619/2619/2619 2620/2620/2620 2618/2618/2618
f 2621/2621/2621 2623/2623/2623 2622/2622/2622
f 2623/2623/2623 2624/2624/2624 2622/2622/2622
f 2625/2625/2625 2627/2627/2627 2626/2626/2626
f 2627/2627/2627 2628/2628/2628 2626/2626/2626
f 2629/2629/2629 2631/2631/2631 2630/2630/2630
f 2631/2631/2631 2632/2632/2632 2630/2630/2630
f 2633/2633/2633 2635/2635/2635 2634/2634/2634
f 2635/2635/2635 2636/2636/2636 2634/2634/2634
f 2637/2637/2637 2639/2639/2639 2638/2638/2638
f 2639/2639/2639 2640/2640/2640 2638/2638/2638
o b15_1
usemtl material11
v -0.5654319267801846 3.6301998507655155 -0.21885275896166856
v -0.2961701022838528 3.6557335545293705 -0.5627311529340238
v -0.535945589444513 3.509552005575726 -0.20472288417144158
v -0.2666837649481812 3.535085709339581 -0.5486012781437968
v -0.3901755861763698 3.6238607540881382 -0.6387054485225128
v -0.6594374106727017 3.5983270503242837 -0.29482705455015756
v -0.3606892488406983 3.5032129088983486 -0.6245755737322858
v -0.62995107333703 3.4776792051344936 -0.2806971797599306
v -0.3901755861763698 3.6238607540881382 -0.6387054485225128
v -0.2961701022838528 3.6557335545293705 -0.5627311529340238
v -0.6594374106727017 3.5983270503242837 -0.29482705455015756
v -0.5654319267801846 3.6301998507655155 -0.21885275896166856
v -0.62995107333703 3.4776792051344936 -0.2806971797599306
v -0.535945589444513 3.509552005575726 -0.20472288417144158
v -0.3606892488406983 3.5032129088983486 -0.6245755737322858
v -0.2666837649481812 3.535085709339581 -0.5486012781437968
v -0.6594374106727017 3.5983270503242837 -0.29482705455015756
v -0.5654319267801846 3.6301998507655155 -0.21885275896166856
v -0.62995107333703 3.4776792051344936 -0.2806971797599306
v -0.535945589444513 3.509552005575726 -0.20472288417144158
v -0.2961701022838528 3.6557335545293705 -0.5627311529340238
v -0.3901755861763698 3.6238607540881382 -0.6387054485225128
v -0.2666837649481812 3.535085709339581 -0.5486012781437968
v -0.3606892488406983 3.5032129088983486 -0.6245755737322858
vt 0.65240478515625 0.66412353515625
vt 0.67962646484375 0.66412353515625
vt 0.65240478515625 0.67181396484375
vt 0.67962646484375 0.67181396484375
vt 0.68756103515625 0.66412353515625
vt 0.71478271484375 0.66412353515625
vt 0.68756103515625 0.67181396484375
vt 0.71478271484375 0.67181396484375
vt 0.68743896484375 0.66400146484375
vt 0.67974853515625 0.66400146484375
vt 0.68743896484375 0.63677978515625
vt 0.67974853515625 0.63677978515625
vt 0.69525146484375 0.63677978515625
vt 0.68756103515625 0.63677978515625
vt 0.69525146484375 0.66400146484375
vt 0.68756103515625 0.66400146484375
vt 0.71490478515625 0.66412353515625
vt 0.72259521484375 0.66412353515625
vt 0.71490478515625 0.67181396484375
vt 0.72259521484375 0.67181396484375
vt 0.67974853515625 0.66412353515625
vt 0.68743896484375 0.66412353515625
vt 0.67974853515625 0.67181396484375
vt 0.68743896484375 0.67181396484375
vn 0.7520438711401369 0.2549824035298571 0.6077943647079118
vn 0.7520438711401369 0.2549824035298571 0.6077943647079118
vn 0.7520438711401369 0.2549824035298571 0.6077943647079118
vn 0.7520438711401369 0.2549824035298571 0.6077943647079118
vn -0.7520438711401369 -0.2549824035298571 -0.6077943647079118
vn -0.7520438711401369 -0.2549824035298571 -0.6077943647079118
vn -0.7520438711401369 -0.2549824035298571 -0.6077943647079118
vn -0.7520438711401369 -0.2549824035298571 -0.6077943647079118
vn -0.23589069868537263 0.9651827615183185 -0.11303899832181544
vn -0.23589069868537263 0.9651827615183185 -0.11303899832181544
vn -0.23589069868537263 0.9651827615183185 -0.11303899832181544
vn -0.23589069868537263 0.9651827615183185 -0.11303899832181544
vn 0.23589069868537263 -0.9651827615183185 0.11303899832181544
vn 0.23589069868537263 -0.9651827615183185 0.11303899832181544
vn 0.23589069868537263 -0.9651827615183185 0.11303899832181544
vn 0.23589069868537263 -0.9651827615183185 0.11303899832181544
vn -0.6154555988487584 -0.05836275146023999 0.7860077576510974
vn -0.6154555988487584 -0.05836275146023999 0.7860077576510974
vn -0.6154555988487584 -0.05836275146023999 0.7860077576510974
vn -0.6154555988487584 -0.05836275146023999 0.7860077576510974
vn 0.6154555988487584 0.05836275146023999 -0.7860077576510974
vn 0.6154555988487584 0.05836275146023999 -0.7860077576510974
vn 0.6154555988487584 0.05836275146023999 -0.7860077576510974
vn 0.6154555988487584 0.05836275146023999 -0.7860077576510974
f 2641/2641/2641 2643/2643/2643 2642/2642/2642
f 2643/2643/2643 2644/2644/2644 2642/2642/2642
f 2645/2645/2645 2647/2647/2647 2646/2646/2646
f 2647/2647/2647 2648/2648/2648 2646/2646/2646
f 2649/2649/2649 2651/2651/2651 2650/2650/2650
f 2651/2651/2651 2652/2652/2652 2650/2650/2650
f 2653/2653/2653 2655/2655/2655 2654/2654/2654
f 2655/2655/2655 2656/2656/2656 2654/2654/2654
f 2657/2657/2657 2659/2659/2659 2658/2658/2658
f 2659/2659/2659 2660/2660/2660 2658/2658/2658
f 2661/2661/2661 2663/2663/2663 2662/2662/2662
f 2663/2663/2663 2664/2664/2664 2662/2662/2662
o b16_1
usemtl material11
v -0.3833865849019252 3.6400150142098333 -0.5149397451082947
v -0.08018012293847843 3.7110844050798275 -0.5408479118704741
v -0.3539002475662536 3.519367169020043 -0.5008098703180678
v -0.05069378560280691 3.590436559890038 -0.5267180370802471
v -0.08696912421292313 3.694930144958133 -0.6646136152846922
v -0.3901755861763698 3.6238607540881382 -0.6387054485225128
v -0.05748278687725161 3.5742822997683428 -0.6504837404944652
v -0.36068924884069825 3.5032129088983486 -0.6245755737322859
v -0.08696912421292313 3.694930144958133 -0.6646136152846922
v -0.08018012293847843 3.7110844050798275 -0.5408479118704741
v -0.3901755861763698 3.6238607540881382 -0.6387054485225128
v -0.3833865849019252 3.6400150142098333 -0.5149397451082947
v -0.36068924884069825 3.5032129088983486 -0.6245755737322859
v -0.3539002475662536 3.519367169020043 -0.5008098703180678
v -0.05748278687725161 3.5742822997683428 -0.6504837404944652
v -0.05069378560280691 3.590436559890038 -0.5267180370802471
v -0.3901755861763698 3.6238607540881382 -0.6387054485225128
v -0.3833865849019252 3.6400150142098333 -0.5149397451082947
v -0.36068924884069825 3.5032129088983486 -0.6245755737322859
v -0.3539002475662536 3.519367169020043 -0.5008098703180678
v -0.08018012293847843 3.7110844050798275 -0.5408479118704741
v -0.08696912421292313 3.694930144958133 -0.6646136152846922
v -0.05069378560280691 3.590436559890038 -0.5267180370802471
v -0.05748278687725161 3.5742822997683428 -0.6504837404944652
vt 0.69146728515625 0.70318603515625
vt 0.71087646484375 0.70318603515625
vt 0.69146728515625 0.71087646484375
vt 0.71087646484375 0.71087646484375
vt 0.71881103515625 0.70318603515625
vt 0.73822021484375 0.70318603515625
vt 0.71881103515625 0.71087646484375
vt 0.73822021484375 0.71087646484375
vt 0.71868896484375 0.70306396484375
vt 0.71099853515625 0.70306396484375
vt 0.71868896484375 0.68365478515625
vt 0.71099853515625 0.68365478515625
vt 0.72650146484375 0.68365478515625
vt 0.71881103515625 0.68365478515625
vt 0.72650146484375 0.70306396484375
vt 0.71881103515625 0.70306396484375
vt 0.73834228515625 0.70318603515625
vt 0.74603271484375 0.70318603515625
vt 0.73834228515625 0.71087646484375
vt 0.74603271484375 0.71087646484375
vt 0.71099853515625 0.70318603515625
vt 0.71868896484375 0.70318603515625
vt 0.71099853515625 0.71087646484375
vt 0.71868896484375 0.71087646484375
vn 0.05431201019555739 0.12923408097355937 0.9901256273137452
vn 0.05431201019555739 0.12923408097355937 0.9901256273137452
vn 0.05431201019555739 0.12923408097355937 0.9901256273137452
vn 0.05431201019555739 0.12923408097355937 0.9901256273137452
vn -0.05431201019555739 -0.12923408097355937 -0.9901256273137452
vn -0.05431201019555739 -0.12923408097355937 -0.9901256273137452
vn -0.05431201019555739 -0.12923408097355937 -0.9901256273137452
vn -0.05431201019555739 -0.12923408097355937 -0.9901256273137452
vn -0.23589069868537266 0.9651827615183185 -0.11303899832181544
vn -0.23589069868537266 0.9651827615183185 -0.11303899832181544
vn -0.23589069868537266 0.9651827615183185 -0.11303899832181544
vn -0.23589069868537266 0.9651827615183185 -0.11303899832181544
vn 0.23589069868537266 -0.9651827615183185 0.11303899832181544
vn 0.23589069868537266 -0.9651827615183185 0.11303899832181544
vn 0.23589069868537266 -0.9651827615183185 0.11303899832181544
vn 0.23589069868537266 -0.9651827615183185 0.11303899832181544
vn -0.9702606782830295 -0.22742205078398217 0.08290613363897402
vn -0.9702606782830295 -0.22742205078398217 0.08290613363897402
vn -0.9702606782830295 -0.22742205078398217 0.08290613363897402
vn -0.9702606782830295 -0.22742205078398217 0.08290613363897402
vn 0.9702606782830295 0.22742205078398217 -0.08290613363897402
vn 0.9702606782830295 0.22742205078398217 -0.08290613363897402
vn 0.9702606782830295 0.22742205078398217 -0.08290613363897402
vn 0.9702606782830295 0.22742205078398217 -0.08290613363897402
f 2665/2665/2665 2667/2667/2667 2666/2666/2666
f 2667/2667/2667 2668/2668/2668 2666/2666/2666
f 2669/2669/2669 2671/2671/2671 2670/2670/2670
f 2671/2671/2671 2672/2672/2672 2670/2670/2670
f 2673/2673/2673 2675/2675/2675 2674/2674/2674
f 2675/2675/2675 2676/2676/2676 2674/2674/2674
f 2677/2677/2677 2679/2679/2679 2678/2678/2678
f 2679/2679/2679 2680/2680/2680 2678/2678/2678
f 2681/2681/2681 2683/2683/2683 2682/2682/2682
f 2683/2683/2683 2684/2684/2684 2682/2682/2682
f 2685/2685/2685 2687/2687/2687 2686/2686/2686
f 2687/2687/2687 2688/2688/2688 2686/2686/2686
o b25_1
usemtl material11
v 0.4714548246917325 3.6689937128630916 0
v 0.4714548246917325 3.6689937128630916 -0.125
v 0.4236193956460963 3.553508771299181 0
v 0.4236193956460963 3.553508771299181 -0.125
v 0.125 3.8125 -0.125
v 0.125 3.8125 0
v 0.0771645709543638 3.6970150584360892 -0.125
v 0.0771645709543638 3.6970150584360892 0
v 0.125 3.8125 -0.125
v 0.4714548246917325 3.6689937128630916 -0.125
v 0.125 3.8125 0
v 0.4714548246917325 3.6689937128630916 0
v 0.0771645709543638 3.6970150584360892 0
v 0.4236193956460963 3.553508771299181 0
v 0.0771645709543638 3.6970150584360892 -0.125
v 0.4236193956460963 3.553508771299181 -0.125
v 0.125 3.8125 0
v 0.4714548246917325 3.6689937128630916 0
v 0.0771645709543638 3.6970150584360892 0
v 0.4236193956460963 3.553508771299181 0
v 0.4714548246917325 3.6689937128630916 -0.125
v 0.125 3.8125 -0.125
v 0.4236193956460963 3.553508771299181 -0.125
v 0.0771645709543638 3.6970150584360892 -0.125
vt 0.69537353515625 0.52349853515625
vt 0.70306396484375 0.52349853515625
vt 0.69537353515625 0.53118896484375
vt 0.70306396484375 0.53118896484375
vt 0.72662353515625 0.52349853515625
vt 0.73431396484375 0.52349853515625
vt 0.72662353515625 0.53118896484375
vt 0.73431396484375 0.53118896484375
vt 0.72650146484375 0.52337646484375
vt 0.70318603515625 0.52337646484375
vt 0.72650146484375 0.51568603515625
vt 0.70318603515625 0.51568603515625
vt 0.74993896484375 0.51568603515625
vt 0.72662353515625 0.51568603515625
vt 0.74993896484375 0.52337646484375
vt 0.72662353515625 0.52337646484375
vt 0.73443603515625 0.52349853515625
vt 0.75775146484375 0.52349853515625
vt 0.73443603515625 0.53118896484375
vt 0.75775146484375 0.53118896484375
vt 0.70318603515625 0.52349853515625
vt 0.72650146484375 0.52349853515625
vt 0.70318603515625 0.53118896484375
vt 0.72650146484375 0.53118896484375
vn 0.9238795325112867 -0.3826834323650897 0
vn 0.9238795325112867 -0.3826834323650897 0
vn 0.9238795325112867 -0.3826834323650897 0
vn 0.9238795325112867 -0.3826834323650897 0
vn -0.9238795325112867 0.3826834323650897 0
vn -0.9238795325112867 0.3826834323650897 0
vn -0.9238795325112867 0.3826834323650897 0
vn -0.9238795325112867 0.3826834323650897 0
vn 0.3826834323650897 0.9238795325112867 0
vn 0.3826834323650897 0.9238795325112867 0
vn 0.3826834323650897 0.9238795325112867 0
vn 0.3826834323650897 0.9238795325112867 0
vn -0.3826834323650897 -0.9238795325112867 0
vn -0.3826834323650897 -0.9238795325112867 0
vn -0.3826834323650897 -0.9238795325112867 0
vn -0.3826834323650897 -0.9238795325112867 0
vn 0 0 1
vn 0 0 1
vn 0 0 1
vn 0 0 1
vn 0 0 -1
vn 0 0 -1
vn 0 0 -1
vn 0 0 -1
f 2689/2689/2689 2691/2691/2691 2690/2690/2690
f 2691/2691/2691 2692/2692/2692 2690/2690/2690
f 2693/2693/2693 2695/2695/2695 2694/2694/2694
f 2695/2695/2695 2696/2696/2696 2694/2694/2694
f 2697/2697/2697 2699/2699/2699 2698/2698/2698
f 2699/2699/2699 2700/2700/2700 2698/2698/2698
f 2701/2701/2701 2703/2703/2703 2702/2702/2702
f 2703/2703/2703 2704/2704/2704 2702/2702/2702
f 2705/2705/2705 2707/2707/2707 2706/2706/2706
f 2707/2707/2707 2708/2708/2708 2706/2706/2706
f 2709/2709/2709 2711/2711/2711 2710/2710/2710
f 2711/2711/2711 2712/2712/2712 2710/2710/2710
o b26_1
usemtl material11
v 0.723441019172701 3.5952543543474054 -0.1875
v 0.6594374106727018 3.5983270503242832 -0.29482705455015756
v 0.6939546818370294 3.4746065091576157 -0.17337012520977302
v 0.6299510733370302 3.4776792051344936 -0.2806971797599306
v 0.3497087454097779 3.6959841233627873 -0.10732705455015762
v 0.4137123539097771 3.6929114273859094 0
v 0.3202224080741064 3.5753362781729976 -0.09319717975993069
v 0.3842260165741056 3.5722635821961197 0.014129874790226926
v 0.3497087454097779 3.6959841233627873 -0.10732705455015762
v 0.6594374106727018 3.5983270503242832 -0.29482705455015756
v 0.4137123539097771 3.6929114273859094 0
v 0.723441019172701 3.5952543543474054 -0.1875
v 0.3842260165741056 3.5722635821961197 0.014129874790226926
v 0.6939546818370294 3.4746065091576157 -0.17337012520977302
v 0.3202224080741064 3.5753362781729976 -0.09319717975993069
v 0.6299510733370302 3.4776792051344936 -0.2806971797599306
v 0.4137123539097771 3.6929114273859094 0
v 0.723441019172701 3.5952543543474054 -0.1875
v 0.3842260165741056 3.5722635821961197 0.014129874790226926
v 0.6939546818370294 3.4746065091576157 -0.17337012520977302
v 0.6594374106727018 3.5983270503242832 -0.29482705455015756
v 0.3497087454097779 3.6959841233627873 -0.10732705455015762
v 0.6299510733370302 3.4776792051344936 -0.2806971797599306
v 0.3202224080741064 3.5753362781729976 -0.09319717975993069
vt 0.07037353515625 0.17193603515625
vt 0.07806396484375 0.17193603515625
vt 0.07037353515625 0.17962646484375
vt 0.07806396484375 0.17962646484375
vt 0.10162353515625 0.17193603515625
vt 0.10931396484375 0.17193603515625
vt 0.10162353515625 0.17962646484375
vt 0.10931396484375 0.17962646484375
vt 0.10150146484375 0.17181396484375
vt 0.07818603515625 0.17181396484375
vt 0.10150146484375 0.16412353515625
vt 0.07818603515625 0.16412353515625
vt 0.1249389573931694 0.16412353515625
vt 0.10162353515625 0.16412353515625
vt 0.1249389573931694 0.17181396484375
vt 0.10162353515625 0.17181396484375
vt 0.10943603515625 0.17193603515625
vt 0.13275146484375 0.17193603515625
vt 0.10943603515625 0.17962646484375
vt 0.13275146484375 0.17962646484375
vt 0.07818603515625 0.17193603515625
vt 0.10150146484375 0.17193603515625
vt 0.07818603515625 0.17962646484375
vt 0.10150146484375 0.17962646484375
vn 0.8259431073677967 -0.26041886143601056 -0.4999999999999999
vn 0.8259431073677967 -0.26041886143601056 -0.4999999999999999
vn 0.8259431073677967 -0.26041886143601056 -0.4999999999999999
vn 0.8259431073677967 -0.26041886143601056 -0.4999999999999999
vn -0.8259431073677967 0.26041886143601056 0.4999999999999999
vn -0.8259431073677967 0.26041886143601056 0.4999999999999999
vn -0.8259431073677967 0.26041886143601056 0.4999999999999999
vn -0.8259431073677967 0.26041886143601056 0.4999999999999999
vn 0.23589069868537266 0.9651827615183186 -0.11303899832181542
vn 0.23589069868537266 0.9651827615183186 -0.11303899832181542
vn 0.23589069868537266 0.9651827615183186 -0.11303899832181542
vn 0.23589069868537266 0.9651827615183186 -0.11303899832181542
vn -0.23589069868537266 -0.9651827615183186 0.11303899832181542
vn -0.23589069868537266 -0.9651827615183186 0.11303899832181542
vn -0.23589069868537266 -0.9651827615183186 0.11303899832181542
vn -0.23589069868537266 -0.9651827615183186 0.11303899832181542
vn 0.5120288679999937 -0.024581567815022878 0.8586164364012611
vn 0.5120288679999937 -0.024581567815022878 0.8586164364012611
vn 0.5120288679999937 -0.024581567815022878 0.8586164364012611
vn 0.5120288679999937 -0.024581567815022878 0.8586164364012611
vn -0.5120288679999937 0.024581567815022878 -0.8586164364012611
vn -0.5120288679999937 0.024581567815022878 -0.8586164364012611
vn -0.5120288679999937 0.024581567815022878 -0.8586164364012611
vn -0.5120288679999937 0.024581567815022878 -0.8586164364012611
f 2713/2713/2713 2715/2715/2715 2714/2714/2714
f 2715/2715/2715 2716/2716/2716 2714/2714/2714
f 2717/2717/2717 2719/2719/2719 2718/2718/2718
f 2719/2719/2719 2720/2720/2720 2718/2718/2718
f 2721/2721/2721 2723/2723/2723 2722/2722/2722
f 2723/2723/2723 2724/2724/2724 2722/2722/2722
f 2725/2725/2725 2727/2727/2727 2726/2726/2726
f 2727/2727/2727 2728/2728/2728 2726/2726/2726
f 2729/2729/2729 2731/2731/2731 2730/2730/2730
f 2731/2731/2731 2732/2732/2732 2730/2730/2730
f 2733/2733/2733 2735/2735/2735 2734/2734/2734
f 2735/2735/2735 2736/2736/2736 2734/2734/2734
o b27_1
usemtl material11
v 0.6594374106727017 3.5983270503242837 -0.29482705455015756
v 0.3901755861763698 3.6238607540881382 -0.6387054485225128
v 0.62995107333703 3.4776792051344936 -0.2806971797599306
v 0.3606892488406983 3.5032129088983486 -0.6245755737322858
v 0.2961701022838528 3.6557335545293705 -0.5627311529340238
v 0.5654319267801846 3.6301998507655155 -0.21885275896166856
v 0.2666837649481812 3.535085709339581 -0.5486012781437968
v 0.535945589444513 3.509552005575726 -0.20472288417144158
v 0.2961701022838528 3.6557335545293705 -0.5627311529340238
v 0.3901755861763698 3.6238607540881382 -0.6387054485225128
v 0.5654319267801846 3.6301998507655155 -0.21885275896166856
v 0.6594374106727017 3.5983270503242837 -0.29482705455015756
v 0.535945589444513 3.509552005575726 -0.20472288417144158
v 0.62995107333703 3.4776792051344936 -0.2806971797599306
v 0.2666837649481812 3.535085709339581 -0.5486012781437968
v 0.3606892488406983 3.5032129088983486 -0.6245755737322858
v 0.5654319267801846 3.6301998507655155 -0.21885275896166856
v 0.6594374106727017 3.5983270503242837 -0.29482705455015756
v 0.535945589444513 3.509552005575726 -0.20472288417144158
v 0.62995107333703 3.4776792051344936 -0.2806971797599306
v 0.3901755861763698 3.6238607540881382 -0.6387054485225128
v 0.2961701022838528 3.6557335545293705 -0.5627311529340238
v 0.3606892488406983 3.5032129088983486 -0.6245755737322858
v 0.2666837649481812 3.535085709339581 -0.5486012781437968
vt 0.64459228515625 0.21881103515625
vt 0.67181396484375 0.21881103515625
vt 0.64459228515625 0.22650146484375
vt 0.67181396484375 0.22650146484375
vt 0.67974853515625 0.21881103515625
vt 0.70697021484375 0.21881103515625
vt 0.67974853515625 0.22650146484375
vt 0.70697021484375 0.22650146484375
vt 0.67962646484375 0.21868896484375
vt 0.67193603515625 0.21868896484375
vt 0.67962646484375 0.19146728515625
vt 0.67193603515625 0.19146728515625
vt 0.68743896484375 0.19146728515625
vt 0.67974853515625 0.19146728515625
vt 0.68743896484375 0.21868896484375
vt 0.67974853515625 0.21868896484375
vt 0.70709228515625 0.21881103515625
vt 0.71478271484375 0.21881103515625
vt 0.70709228515625 0.22650146484375
vt 0.71478271484375 0.22650146484375
vt 0.67193603515625 0.21881103515625
vt 0.67962646484375 0.21881103515625
vt 0.67193603515625 0.22650146484375
vt 0.67962646484375 0.22650146484375
vn 0.7520438711401369 -0.2549824035298571 -0.6077943647079118
vn 0.7520438711401369 -0.2549824035298571 -0.6077943647079118
vn 0.7520438711401369 -0.2549824035298571 -0.6077943647079118
vn 0.7520438711401369 -0.2549824035298571 -0.6077943647079118
vn -0.7520438711401369 0.2549824035298571 0.6077943647079118
vn -0.7520438711401369 0.2549824035298571 0.6077943647079118
vn -0.7520438711401369 0.2549824035298571 0.6077943647079118
vn -0.7520438711401369 0.2549824035298571 0.6077943647079118
vn 0.23589069868537263 0.9651827615183185 -0.11303899832181544
vn 0.23589069868537263 0.9651827615183185 -0.11303899832181544
vn 0.23589069868537263 0.9651827615183185 -0.11303899832181544
vn 0.23589069868537263 0.9651827615183185 -0.11303899832181544
vn -0.23589069868537263 -0.9651827615183185 0.11303899832181544
vn -0.23589069868537263 -0.9651827615183185 0.11303899832181544
vn -0.23589069868537263 -0.9651827615183185 0.11303899832181544
vn -0.23589069868537263 -0.9651827615183185 0.11303899832181544
vn 0.6154555988487584 -0.05836275146023999 0.7860077576510974
vn 0.6154555988487584 -0.05836275146023999 0.7860077576510974
vn 0.6154555988487584 -0.05836275146023999 0.7860077576510974
vn 0.6154555988487584 -0.05836275146023999 0.7860077576510974
vn -0.6154555988487584 0.05836275146023999 -0.7860077576510974
vn -0.6154555988487584 0.05836275146023999 -0.7860077576510974
vn -0.6154555988487584 0.05836275146023999 -0.7860077576510974
vn -0.6154555988487584 0.05836275146023999 -0.7860077576510974
f 2737/2737/2737 2739/2739/2739 2738/2738/2738
f 2739/2739/2739 2740/2740/2740 2738/2738/2738
f 2741/2741/2741 2743/2743/2743 2742/2742/2742
f 2743/2743/2743 2744/2744/2744 2742/2742/2742
f 2745/2745/2745 2747/2747/2747 2746/2746/2746
f 2747/2747/2747 2748/2748/2748 2746/2746/2746
f 2749/2749/2749 2751/2751/2751 2750/2750/2750
f 2751/2751/2751 2752/2752/2752 2750/2750/2750
f 2753/2753/2753 2755/2755/2755 2754/2754/2754
f 2755/2755/2755 2756/2756/2756 2754/2754/2754
f 2757/2757/2757 2759/2759/2759 2758/2758/2758
f 2759/2759/2759 2760/2760/2760 2758/2758/2758
o b39_1
usemtl material11
v 0.3901755861763698 3.6238607540881382 -0.6387054485225128
v 0.08696912421292313 3.694930144958133 -0.6646136152846922
v 0.36068924884069825 3.5032129088983486 -0.6245755737322859
v 0.05748278687725161 3.5742822997683428 -0.6504837404944652
v 0.08018012293847843 3.7110844050798275 -0.5408479118704741
v 0.3833865849019252 3.6400150142098333 -0.5149397451082947
v 0.05069378560280691 3.590436559890038 -0.5267180370802471
v 0.3539002475662536 3.519367169020043 -0.5008098703180678
v 0.08018012293847843 3.7110844050798275 -0.5408479118704741
v 0.08696912421292313 3.694930144958133 -0.6646136152846922
v 0.3833865849019252 3.6400150142098333 -0.5149397451082947
v 0.3901755861763698 3.6238607540881382 -0.6387054485225128
v 0.3539002475662536 3.519367169020043 -0.5008098703180678
v 0.36068924884069825 3.5032129088983486 -0.6245755737322859
v 0.05069378560280691 3.590436559890038 -0.5267180370802471
v 0.05748278687725161 3.5742822997683428 -0.6504837404944652
v 0.3833865849019252 3.6400150142098333 -0.5149397451082947
v 0.3901755861763698 3.6238607540881382 -0.6387054485225128
v 0.3539002475662536 3.519367169020043 -0.5008098703180678
v 0.36068924884069825 3.5032129088983486 -0.6245755737322859
v 0.08696912421292313 3.694930144958133 -0.6646136152846922
v 0.08018012293847843 3.7110844050798275 -0.5408479118704741
v 0.05748278687725161 3.5742822997683428 -0.6504837404944652
v 0.05069378560280691 3.590436559890038 -0.5267180370802471
vt 0.30474853515625 0.71099853515625
vt 0.32415771484375 0.71099853515625
vt 0.30474853515625 0.71868896484375
vt 0.32415771484375 0.71868896484375
vt 0.33209228515625 0.71099853515625
vt 0.35150146484375 0.71099853515625
vt 0.33209228515625 0.71868896484375
vt 0.35150146484375 0.71868896484375
vt 0.33197021484375 0.71087646484375
vt 0.32427978515625 0.71087646484375
vt 0.33197021484375 0.69146728515625
vt 0.32427978515625 0.69146728515625
vt 0.33978271484375 0.69146728515625
vt 0.33209228515625 0.69146728515625
vt 0.33978271484375 0.71087646484375
vt 0.33209228515625 0.71087646484375
vt 0.35162353515625 0.71099853515625
vt 0.35931396484375 0.71099853515625
vt 0.35162353515625 0.71868896484375
vt 0.35931396484375 0.71868896484375
vt 0.32427978515625 0.71099853515625
vt 0.33197021484375 0.71099853515625
vt 0.32427978515625 0.71868896484375
vt 0.33197021484375 0.71868896484375
vn 0.05431201019555739 -0.12923408097355937 -0.9901256273137452
vn 0.05431201019555739 -0.12923408097355937 -0.9901256273137452
vn 0.05431201019555739 -0.12923408097355937 -0.9901256273137452
vn 0.05431201019555739 -0.12923408097355937 -0.9901256273137452
vn -0.05431201019555739 0.12923408097355937 0.9901256273137452
vn -0.05431201019555739 0.12923408097355937 0.9901256273137452
vn -0.05431201019555739 0.12923408097355937 0.9901256273137452
vn -0.05431201019555739 0.12923408097355937 0.9901256273137452
vn 0.23589069868537266 0.9651827615183185 -0.11303899832181544
vn 0.23589069868537266 0.9651827615183185 -0.11303899832181544
vn 0.23589069868537266 0.9651827615183185 -0.11303899832181544
vn 0.23589069868537266 0.9651827615183185 -0.11303899832181544
vn -0.23589069868537266 -0.9651827615183185 0.11303899832181544
vn -0.23589069868537266 -0.9651827615183185 0.11303899832181544
vn -0.23589069868537266 -0.9651827615183185 0.11303899832181544
vn -0.23589069868537266 -0.9651827615183185 0.11303899832181544
vn 0.9702606782830295 -0.22742205078398217 0.08290613363897402
vn 0.9702606782830295 -0.22742205078398217 0.08290613363897402
vn 0.9702606782830295 -0.22742205078398217 0.08290613363897402
vn 0.9702606782830295 -0.22742205078398217 0.08290613363897402
vn -0.9702606782830295 0.22742205078398217 -0.08290613363897402
vn -0.9702606782830295 0.22742205078398217 -0.08290613363897402
vn -0.9702606782830295 0.22742205078398217 -0.08290613363897402
vn -0.9702606782830295 0.22742205078398217 -0.08290613363897402
f 2761/2761/2761 2763/2763/2763 2762/2762/2762
f 2763/2763/2763 2764/2764/2764 2762/2762/2762
f 2765/2765/2765 2767/2767/2767 2766/2766/2766
f 2767/2767/2767 2768/2768/2768 2766/2766/2766
f 2769/2769/2769 2771/2771/2771 2770/2770/2770
f 2771/2771/2771 2772/2772/2772 2770/2770/2770
f 2773/2773/2773 2775/2775/2775 2774/2774/2774
f 2775/2775/2775 2776/2776/2776 2774/2774/2774
f 2777/2777/2777 2779/2779/2779 2778/2778/2778
f 2779/2779/2779 2780/2780/2780 2778/2778/2778
f 2781/2781/2781 2783/2783/2783 2782/2782/2782
f 2783/2783/2783 2784/2784/2784 2782/2782/2782
o body3_1
usemtl material11
v 0.125 5.125 0
v 0.125 5.125 -0.25
v 0.125 4.5625 0
v 0.125 4.5625 -0.25
v -0.125 5.125 -0.25
v -0.125 5.125 0
v -0.125 4.5625 -0.25
v -0.125 4.5625 0
v -0.125 5.125 -0.25
v 0.125 5.125 -0.25
v -0.125 5.125 0
v 0.125 5.125 0
v -0.125 4.5625 0
v 0.125 4.5625 0
v -0.125 4.5625 -0.25
v 0.125 4.5625 -0.25
v -0.125 5.125 0
v 0.125 5.125 0
v -0.125 4.5625 0
v 0.125 4.5625 0
v 0.125 5.125 -0.25
v -0.125 5.125 -0.25
v 0.125 4.5625 -0.25
v -0.125 4.5625 -0.25
vt 0.64068603515625 0.24615478515625
vt 0.65618896484375 0.24615478515625
vt 0.64068603515625 0.28118896484375
vt 0.65618896484375 0.28118896484375
vt 0.67193603515625 0.24615478515625
vt 0.68743896484375 0.24615478515625
vt 0.67193603515625 0.28118896484375
vt 0.68743896484375 0.28118896484375
vt 0.67181396484375 0.24603271484375
vt 0.65631103515625 0.24603271484375
vt 0.67181396484375 0.23052978515625
vt 0.65631103515625 0.23052978515625
vt 0.68743896484375 0.23052978515625
vt 0.67193603515625 0.23052978515625
vt 0.68743896484375 0.24603271484375
vt 0.67193603515625 0.24603271484375
vt 0.68756103515625 0.24615478515625
vt 0.70306396484375 0.24615478515625
vt 0.68756103515625 0.28118896484375
vt 0.70306396484375 0.28118896484375
vt 0.65631103515625 0.24615478515625
vt 0.67181396484375 0.24615478515625
vt 0.65631103515625 0.28118896484375
vt 0.67181396484375 0.28118896484375
vn 1 0 0
vn 1 0 0
vn 1 0 0
vn 1 0 0
vn -1 0 0
vn -1 0 0
vn -1 0 0
vn -1 0 0
vn 0 1 0
vn 0 1 0
vn 0 1 0
vn 0 1 0
vn 0 -1 0
vn 0 -1 0
vn 0 -1 0
vn 0 -1 0
vn 0 0 1
vn 0 0 1
vn 0 0 1
vn 0 0 1
vn 0 0 -1
vn 0 0 -1
vn 0 0 -1
vn 0 0 -1
f 2785/2785/2785 2787/2787/2787 2786/2786/2786
f 2787/2787/2787 2788/2788/2788 2786/2786/2786
f 2789/2789/2789 2791/2791/2791 2790/2790/2790
f 2791/2791/2791 2792/2792/2792 2790/2790/2790
f 2793/2793/2793 2795/2795/2795 2794/2794/2794
f 2795/2795/2795 2796/2796/2796 2794/2794/2794
f 2797/2797/2797 2799/2799/2799 2798/2798/2798
f 2799/2799/2799 2800/2800/2800 2798/2798/2798
f 2801/2801/2801 2803/2803/2803 2802/2802/2802
f 2803/2803/2803 2804/2804/2804 2802/2802/2802
f 2805/2805/2805 2807/2807/2807 2806/2806/2806
f 2807/2807/2807 2808/2808/2808 2806/2806/2806
o head0_1
usemtl material11
v 0.4375 5.875 0.125
v 0.4375 5.875 -0.625
v 0.4375 5.4375 0.125
v 0.4375 5.4375 -0.625
v -0.4375 5.875 -0.625
v -0.4375 5.875 0.125
v -0.4375 5.4375 -0.625
v -0.4375 5.4375 0.125
v -0.4375 5.875 -0.625
v 0.4375 5.875 -0.625
v -0.4375 5.875 0.125
v 0.4375 5.875 0.125
v -0.4375 5.4375 0.125
v 0.4375 5.4375 0.125
v -0.4375 5.4375 -0.625
v 0.4375 5.4375 -0.625
v -0.4375 5.875 0.125
v 0.4375 5.875 0.125
v -0.4375 5.4375 0.125
v 0.4375 5.4375 0.125
v 0.4375 5.875 -0.625
v -0.4375 5.875 -0.625
v 0.4375 5.4375 -0.625
v -0.4375 5.4375 -0.625
vt 0.25787353515625 0.11334228515625
vt 0.30462646484375 0.11334228515625
vt 0.25787353515625 0.14056396484375
vt 0.30462646484375 0.14056396484375
vt 0.35943603515625 0.11334228515625
vt 0.40618896484375 0.11334228515625
vt 0.35943603515625 0.14056396484375
vt 0.40618896484375 0.14056396484375
vt 0.35931396484375 0.11322021484375
vt 0.30474853515625 0.11322021484375
vt 0.35931396484375 0.06646728515625
vt 0.30474853515625 0.06646728515625
vt 0.41400146484375 0.06646728515625
vt 0.35943603515625 0.06646728515625
vt 0.41400146484375 0.11322021484375
vt 0.35943603515625 0.11322021484375
vt 0.40631103515625 0.11334228515625
vt 0.4608764350414276 0.11334228515625
vt 0.40631103515625 0.14056396484375
vt 0.4608764350414276 0.14056396484375
vt 0.30474853515625 0.11334228515625
vt 0.35931396484375 0.11334228515625
vt 0.30474853515625 0.14056396484375
vt 0.35931396484375 0.14056396484375
vn 1 0 0
vn 1 0 0
vn 1 0 0
vn 1 0 0
vn -1 0 0
vn -1 0 0
vn -1 0 0
vn -1 0 0
vn 0 1 0
vn 0 1 0
vn 0 1 0
vn 0 1 0
vn 0 -1 0
vn 0 -1 0
vn 0 -1 0
vn 0 -1 0
vn 0 0 1
vn 0 0 1
vn 0 0 1
vn 0 0 1
vn 0 0 -1
vn 0 0 -1
vn 0 0 -1
vn 0 0 -1
f 2809/2809/2809 2811/2811/2811 2810/2810/2810
f 2811/2811/2811 2812/2812/2812 2810/2810/2810
f 2813/2813/2813 2815/2815/2815 2814/2814/2814
f 2815/2815/2815 2816/2816/2816 2814/2814/2814
f 2817/2817/2817 2819/2819/2819 2818/2818/2818
f 2819/2819/2819 2820/2820/2820 2818/2818/2818
f 2821/2821/2821 2823/2823/2823 2822/2822/2822
f 2823/2823/2823 2824/2824/2824 2822/2822/2822
f 2825/2825/2825 2827/2827/2827 2826/2826/2826
f 2827/2827/2827 2828/2828/2828 2826/2826/2826
f 2829/2829/2829 2831/2831/2831 2830/2830/2830
f 2831/2831/2831 2832/2832/2832 2830/2830/2830
o head0_2
usemtl material11
v 0.53125 5.90625 0.1875
v 0.53125 5.90625 -0.6875
v 0.53125 4.40625 0.1875
v 0.53125 4.40625 -0.6875
v -0.53125 5.90625 -0.6875
v -0.53125 5.90625 0.1875
v -0.53125 4.40625 -0.6875
v -0.53125 4.40625 0.1875
v -0.53125 5.90625 -0.6875
v 0.53125 5.90625 -0.6875
v -0.53125 5.90625 0.1875
v 0.53125 5.90625 0.1875
v -0.53125 4.40625 0.1875
v 0.53125 4.40625 0.1875
v -0.53125 4.40625 -0.6875
v 0.53125 4.40625 -0.6875
v -0.53125 5.90625 0.1875
v 0.53125 5.90625 0.1875
v -0.53125 4.40625 0.1875
v 0.53125 4.40625 0.1875
v 0.53125 5.90625 -0.6875
v -0.53125 5.90625 -0.6875
v 0.53125 4.40625 -0.6875
v -0.53125 4.40625 -0.6875
vt 0.00006103515625 0.05084228515625
vt 0.05072021484375 0.05084228515625
vt 0.00006103515625 0.14056396484375
vt 0.05072021484375 0.14056396484375
vt 0.1133422926068306 0.05084228515625
vt 0.16400146484375 0.05084228515625
vt 0.1133422926068306 0.14056396484375
vt 0.16400146484375 0.14056396484375
vt 0.11322021484375 0.05072021484375
vt 0.0508422814309597 0.05072021484375
vt 0.11322021484375 0.00006103515625
vt 0.0508422814309597 0.00006103515625
vt 0.17572021484375 0.00006103515625
vt 0.1133422926068306 0.00006103515625
vt 0.17572021484375 0.05072021484375
vt 0.1133422926068306 0.05072021484375
vt 0.16412353515625 0.05084228515625
vt 0.22650146484375 0.05084228515625
vt 0.16412353515625 0.14056396484375
vt 0.22650146484375 0.14056396484375
vt 0.0508422814309597 0.05084228515625
vt 0.11322021484375 0.05084228515625
vt 0.0508422814309597 0.14056396484375
vt 0.11322021484375 0.14056396484375
vn 1 0 0
vn 1 0 0
vn 1 0 0
vn 1 0 0
vn -1 0 0
vn -1 0 0
vn -1 0 0
vn -1 0 0
vn 0 1 0
vn 0 1 0
vn 0 1 0
vn 0 1 0
vn 0 -1 0
vn 0 -1 0
vn 0 -1 0
vn 0 -1 0
vn 0 0 1
vn 0 0 1
vn 0 0 1
vn 0 0 1
vn 0 0 -1
vn 0 0 -1
vn 0 0 -1
vn 0 0 -1
f 2833/2833/2833 2835/2835/2835 2834/2834/2834
f 2835/2835/2835 2836/2836/2836 2834/2834/2834
f 2837/2837/2837 2839/2839/2839 2838/2838/2838
f 2839/2839/2839 2840/2840/2840 2838/2838/2838
f 2841/2841/2841 2843/2843/2843 2842/2842/2842
f 2843/2843/2843 2844/2844/2844 2842/2842/2842
f 2845/2845/2845 2847/2847/2847 2846/2846/2846
f 2847/2847/2847 2848/2848/2848 2846/2846/2846
f 2849/2849/2849 2851/2851/2851 2850/2850/2850
f 2851/2851/2851 2852/2852/2852 2850/2850/2850
f 2853/2853/2853 2855/2855/2855 2854/2854/2854
f 2855/2855/2855 2856/2856/2856 2854/2854/2854
o head0_3
usemtl material11
v 0.4375 5.4375 0.125
v 0.4375 5.4375 -0.5625
v 0.4375 5.125 0.125
v 0.4375 5.125 -0.5625
v -0.4375 5.4375 -0.5625
v -0.4375 5.4375 0.125
v -0.4375 5.125 -0.5625
v -0.4375 5.125 0.125
v -0.4375 5.4375 -0.5625
v 0.4375 5.4375 -0.5625
v -0.4375 5.4375 0.125
v 0.4375 5.4375 0.125
v -0.4375 5.125 0.125
v 0.4375 5.125 0.125
v -0.4375 5.125 -0.5625
v 0.4375 5.125 -0.5625
v -0.4375 5.4375 0.125
v 0.4375 5.4375 0.125
v -0.4375 5.125 0.125
v 0.4375 5.125 0.125
v 0.4375 5.4375 -0.5625
v -0.4375 5.4375 -0.5625
v 0.4375 5.125 -0.5625
v -0.4375 5.125 -0.5625
vt 0.00006103515625 0.30865478515625
vt 0.04290771484375 0.30865478515625
vt 0.00006103515625 0.32806396484375
vt 0.04290771484375 0.32806396484375
vt 0.09771728515625 0.30865478515625
vt 0.14056396484375 0.30865478515625
vt 0.09771728515625 0.32806396484375
vt 0.14056396484375 0.32806396484375
vt 0.09759521484375 0.30853271484375
vt 0.04302978515625 0.30853271484375
vt 0.09759521484375 0.26568603515625
vt 0.04302978515625 0.26568603515625
vt 0.15228271484375 0.26568603515625
vt 0.09771728515625 0.26568603515625
vt 0.15228271484375 0.30853271484375
vt 0.09771728515625 0.30853271484375
vt 0.14068603515625 0.30865478515625
vt 0.19525146484375 0.30865478515625
vt 0.14068603515625 0.32806396484375
vt 0.19525146484375 0.32806396484375
vt 0.04302978515625 0.30865478515625
vt 0.09759521484375 0.30865478515625
vt 0.04302978515625 0.32806396484375
vt 0.09759521484375 0.32806396484375
vn 1 0 0
vn 1 0 0
vn 1 0 0
vn 1 0 0
vn -1 0 0
vn -1 0 0
vn -1 0 0
vn -1 0 0
vn 0 1 0
vn 0 1 0
vn 0 1 0
vn 0 1 0
vn 0 -1 0
vn 0 -1 0
vn 0 -1 0
vn 0 -1 0
vn 0 0 1
vn 0 0 1
vn 0 0 1
vn 0 0 1
vn 0 0 -1
vn 0 0 -1
vn 0 0 -1
vn 0 0 -1
f 2857/2857/2857 2859/2859/2859 2858/2858/2858
f 2859/2859/2859 2860/2860/2860 2858/2858/2858
f 2861/2861/2861 2863/2863/2863 2862/2862/2862
f 2863/2863/2863 2864/2864/2864 2862/2862/2862
f 2865/2865/2865 2867/2867/2867 2866/2866/2866
f 2867/2867/2867 2868/2868/2868 2866/2866/2866
f 2869/2869/2869 2871/2871/2871 2870/2870/2870
f 2871/2871/2871 2872/2872/2872 2870/2870/2870
f 2873/2873/2873 2875/2875/2875 2874/2874/2874
f 2875/2875/2875 2876/2876/2876 2874/2874/2874
f 2877/2877/2877 2879/2879/2879 2878/2878/2878
f 2879/2879/2879 2880/2880/2880 2878/2878/2878
o head0_4
usemtl material11
v -0.4025384390822652 5.527236757151285 0.1296027768143737
v -0.3135693923282737 5.4375 -0.5461842259724936
v -0.40786252872459827 5.217410237971969 0.17004325261164255
v -0.3188934819706068 5.127673480820684 -0.5057437501752247
v -0.4375 5.4375 -0.5625
v -0.5264690467539915 5.527236757151285 0.11328700278686721
v -0.44282408964233305 5.127673480820684 -0.5220595242027312
v -0.5317931363963246 5.217410237971969 0.15372747858413605
v -0.4375 5.4375 -0.5625
v -0.3135693923282737 5.4375 -0.5461842259724936
v -0.5264690467539915 5.527236757151285 0.11328700278686721
v -0.4025384390822652 5.527236757151285 0.1296027768143737
v -0.5317931363963246 5.217410237971969 0.15372747858413605
v -0.40786252872459827 5.217410237971969 0.17004325261164255
v -0.44282408964233305 5.127673480820684 -0.5220595242027312
v -0.3188934819706068 5.127673480820684 -0.5057437501752247
v -0.5264690467539915 5.527236757151285 0.11328700278686721
v -0.4025384390822652 5.527236757151285 0.1296027768143737
v -0.5317931363963246 5.217410237971969 0.15372747858413605
v -0.40786252872459827 5.217410237971969 0.17004325261164255
v -0.3135693923282737 5.4375 -0.5461842259724936
v -0.4375 5.4375 -0.5625
v -0.3188934819706068 5.127673480820684 -0.5057437501752247
v -0.44282408964233305 5.127673480820684 -0.5220595242027312
vt 0.56646728515625 0.08209228515625
vt 0.60931396484375 0.08209228515625
vt 0.56646728515625 0.10150146484375
vt 0.60931396484375 0.10150146484375
vt 0.61724853515625 0.08209228515625
vt 0.66009521484375 0.08209228515625
vt 0.61724853515625 0.10150146484375
vt 0.66009521484375 0.10150146484375
vt 0.61712646484375 0.08197021484375
vt 0.60943603515625 0.08197021484375
vt 0.61712646484375 0.03912353515625
vt 0.60943603515625 0.03912353515625
vt 0.62493896484375 0.03912353515625
vt 0.61724853515625 0.03912353515625
vt 0.62493896484375 0.08197021484375
vt 0.61724853515625 0.08197021484375
vt 0.66021728515625 0.08209228515625
vt 0.66790771484375 0.08209228515625
vt 0.66021728515625 0.10150146484375
vt 0.66790771484375 0.10150146484375
vt 0.60943603515625 0.08209228515625
vt 0.61712646484375 0.08209228515625
vt 0.60943603515625 0.10150146484375
vt 0.61712646484375 0.10150146484375
vn 0.9914448613738105 3.469446951953615e-18 0.1305261922200516
vn 0.9914448613738105 3.469446951953615e-18 0.1305261922200516
vn 0.9914448613738105 3.469446951953615e-18 0.1305261922200516
vn 0.9914448613738105 3.469446951953615e-18 0.1305261922200516
vn -0.9914448613738105 -3.469446951953615e-18 -0.1305261922200516
vn -0.9914448613738105 -3.469446951953615e-18 -0.1305261922200516
vn -0.9914448613738105 -3.469446951953615e-18 -0.1305261922200516
vn -0.9914448613738105 -3.469446951953615e-18 -0.1305261922200516
vn 0.017037086855465854 0.9914448613738105 -0.1294095225512604
vn 0.017037086855465854 0.9914448613738105 -0.1294095225512604
vn 0.017037086855465854 0.9914448613738105 -0.1294095225512604
vn 0.017037086855465854 0.9914448613738105 -0.1294095225512604
vn -0.017037086855465854 -0.9914448613738105 0.1294095225512604
vn -0.017037086855465854 -0.9914448613738105 0.1294095225512604
vn -0.017037086855465854 -0.9914448613738105 0.1294095225512604
vn -0.017037086855465854 -0.9914448613738105 0.1294095225512604
vn -0.12940952255126037 0.13052619222005157 0.9829629131445341
vn -0.12940952255126037 0.13052619222005157 0.9829629131445341
vn -0.12940952255126037 0.13052619222005157 0.9829629131445341
vn -0.12940952255126037 0.13052619222005157 0.9829629131445341
vn 0.12940952255126037 -0.13052619222005157 -0.9829629131445341
vn 0.12940952255126037 -0.13052619222005157 -0.9829629131445341
vn 0.12940952255126037 -0.13052619222005157 -0.9829629131445341
vn 0.12940952255126037 -0.13052619222005157 -0.9829629131445341
f 2881/2881/2881 2883/2883/2883 2882/2882/2882
f 2883/2883/2883 2884/2884/2884 2882/2882/2882
f 2885/2885/2885 2887/2887/2887 2886/2886/2886
f 2887/2887/2887 2888/2888/2888 2886/2886/2886
f 2889/2889/2889 2891/2891/2891 2890/2890/2890
f 2891/2891/2891 2892/2892/2892 2890/2890/2890
f 2893/2893/2893 2895/2895/2895 2894/2894/2894
f 2895/2895/2895 2896/2896/2896 2894/2894/2894
f 2897/2897/2897 2899/2899/2899 2898/2898/2898
f 2899/2899/2899 2900/2900/2900 2898/2898/2898
f 2901/2901/2901 2903/2903/2903 2902/2902/2902
f 2903/2903/2903 2904/2904/2904 2902/2902/2902
o head0_5
usemtl material11
v 0.5264690467539915 5.527236757151285 0.11328700278686721
v 0.4375 5.4375 -0.5625
v 0.5317931363963246 5.217410237971969 0.15372747858413605
v 0.44282408964233305 5.127673480820684 -0.5220595242027312
v 0.3135693923282737 5.4375 -0.5461842259724936
v 0.4025384390822652 5.527236757151285 0.1296027768143737
v 0.3188934819706068 5.127673480820684 -0.5057437501752247
v 0.40786252872459827 5.217410237971969 0.17004325261164255
v 0.3135693923282737 5.4375 -0.5461842259724936
v 0.4375 5.4375 -0.5625
v 0.4025384390822652 5.527236757151285 0.1296027768143737
v 0.5264690467539915 5.527236757151285 0.11328700278686721
v 0.40786252872459827 5.217410237971969 0.17004325261164255
v 0.5317931363963246 5.217410237971969 0.15372747858413605
v 0.3188934819706068 5.127673480820684 -0.5057437501752247
v 0.44282408964233305 5.127673480820684 -0.5220595242027312
v 0.4025384390822652 5.527236757151285 0.1296027768143737
v 0.5264690467539915 5.527236757151285 0.11328700278686721
v 0.40786252872459827 5.217410237971969 0.17004325261164255
v 0.5317931363963246 5.217410237971969 0.15372747858413605
v 0.4375 5.4375 -0.5625
v 0.3135693923282737 5.4375 -0.5461842259724936
v 0.44282408964233305 5.127673480820684 -0.5220595242027312
v 0.3188934819706068 5.127673480820684 -0.5057437501752247
vt 0.55084228515625 0.58599853515625
vt 0.59368896484375 0.58599853515625
vt 0.55084228515625 0.60540771484375
vt 0.59368896484375 0.60540771484375
vt 0.60162353515625 0.58599853515625
vt 0.64447021484375 0.58599853515625
vt 0.60162353515625 0.60540771484375
vt 0.64447021484375 0.60540771484375
vt 0.60150146484375 0.58587646484375
vt 0.59381103515625 0.58587646484375
vt 0.60150146484375 0.54302978515625
vt 0.59381103515625 0.54302978515625
vt 0.60931396484375 0.54302978515625
vt 0.60162353515625 0.54302978515625
vt 0.60931396484375 0.58587646484375
vt 0.60162353515625 0.58587646484375
vt 0.64459228515625 0.58599853515625
vt 0.65228271484375 0.58599853515625
vt 0.64459228515625 0.60540771484375
vt 0.65228271484375 0.60540771484375
vt 0.59381103515625 0.58599853515625
vt 0.60150146484375 0.58599853515625
vt 0.59381103515625 0.60540771484375
vt 0.60150146484375 0.60540771484375
vn 0.9914448613738105 -3.469446951953615e-18 -0.1305261922200516
vn 0.9914448613738105 -3.469446951953615e-18 -0.1305261922200516
vn 0.9914448613738105 -3.469446951953615e-18 -0.1305261922200516
vn 0.9914448613738105 -3.469446951953615e-18 -0.1305261922200516
vn -0.9914448613738105 3.469446951953615e-18 0.1305261922200516
vn -0.9914448613738105 3.469446951953615e-18 0.1305261922200516
vn -0.9914448613738105 3.469446951953615e-18 0.1305261922200516
vn -0.9914448613738105 3.469446951953615e-18 0.1305261922200516
vn -0.017037086855465854 0.9914448613738105 -0.1294095225512604
vn -0.017037086855465854 0.9914448613738105 -0.1294095225512604
vn -0.017037086855465854 0.9914448613738105 -0.1294095225512604
vn -0.017037086855465854 0.9914448613738105 -0.1294095225512604
vn 0.017037086855465854 -0.9914448613738105 0.1294095225512604
vn 0.017037086855465854 -0.9914448613738105 0.1294095225512604
vn 0.017037086855465854 -0.9914448613738105 0.1294095225512604
vn 0.017037086855465854 -0.9914448613738105 0.1294095225512604
vn 0.12940952255126037 0.13052619222005157 0.9829629131445341
vn 0.12940952255126037 0.13052619222005157 0.9829629131445341
vn 0.12940952255126037 0.13052619222005157 0.9829629131445341
vn 0.12940952255126037 0.13052619222005157 0.9829629131445341
vn -0.12940952255126037 -0.13052619222005157 -0.9829629131445341
vn -0.12940952255126037 -0.13052619222005157 -0.9829629131445341
vn -0.12940952255126037 -0.13052619222005157 -0.9829629131445341
vn -0.12940952255126037 -0.13052619222005157 -0.9829629131445341
f 2905/2905/2905 2907/2907/2907 2906/2906/2906
f 2907/2907/2907 2908/2908/2908 2906/2906/2906
f 2909/2909/2909 2911/2911/2911 2910/2910/2910
f 2911/2911/2911 2912/2912/2912 2910/2910/2910
f 2913/2913/2913 2915/2915/2915 2914/2914/2914
f 2915/2915/2915 2916/2916/2916 2914/2914/2914
f 2917/2917/2917 2919/2919/2919 2918/2918/2918
f 2919/2919/2919 2920/2920/2920 2918/2918/2918
f 2921/2921/2921 2923/2923/2923 2922/2922/2922
f 2923/2923/2923 2924/2924/2924 2922/2922/2922
f 2925/2925/2925 2927/2927/2927 2926/2926/2926
f 2927/2927/2927 2928/2928/2928 2926/2926/2926
o head0_6
usemtl material11
v 0.5 5.4375 -0.5625
v 0.5 5.4375 -0.625
v 0.5 5.125 -0.5625
v 0.5 5.125 -0.625
v -0.5 5.4375 -0.625
v -0.5 5.4375 -0.5625
v -0.5 5.125 -0.625
v -0.5 5.125 -0.5625
v -0.5 5.4375 -0.625
v 0.5 5.4375 -0.625
v -0.5 5.4375 -0.5625
v 0.5 5.4375 -0.5625
v -0.5 5.125 -0.5625
v 0.5 5.125 -0.5625
v -0.5 5.125 -0.625
v 0.5 5.125 -0.625
v -0.5 5.4375 -0.5625
v 0.5 5.4375 -0.5625
v -0.5 5.125 -0.5625
v 0.5 5.125 -0.5625
v 0.5 5.4375 -0.625
v -0.5 5.4375 -0.625
v 0.5 5.125 -0.625
v -0.5 5.125 -0.625
vt 0.00006103515625 0.14459228515625
vt 0.00384521484375 0.14459228515625
vt 0.00006103515625 0.16400146484375
vt 0.00384521484375 0.16400146484375
vt 0.06646728515625 0.14459228515625
vt 0.07025146484375 0.14459228515625
vt 0.06646728515625 0.16400146484375
vt 0.07025146484375 0.16400146484375
vt 0.06634521484375 0.14447021484375
vt 0.00396728515625 0.14447021484375
vt 0.06634521484375 0.14068603515625
vt 0.00396728515625 0.14068603515625
vt 0.12884521484375 0.14068603515625
vt 0.06646728515625 0.14068603515625
vt 0.12884521484375 0.14447021484375
vt 0.06646728515625 0.14447021484375
vt 0.07037353515625 0.14459228515625
vt 0.13275146484375 0.14459228515625
vt 0.07037353515625 0.16400146484375
vt 0.13275146484375 0.16400146484375
vt 0.00396728515625 0.14459228515625
vt 0.06634521484375 0.14459228515625
vt 0.00396728515625 0.16400146484375
vt 0.06634521484375 0.16400146484375
vn 1 0 0
vn 1 0 0
vn 1 0 0
vn 1 0 0
vn -1 0 0
vn -1 0 0
vn -1 0 0
vn -1 0 0
vn 0 1 0
vn 0 1 0
vn 0 1 0
vn 0 1 0
vn 0 -1 0
vn 0 -1 0
vn 0 -1 0
vn 0 -1 0
vn 0 0 1
vn 0 0 1
vn 0 0 1
vn 0 0 1
vn 0 0 -1
vn 0 0 -1
vn 0 0 -1
vn 0 0 -1
f 2929/2929/2929 2931/2931/2931 2930/2930/2930
f 2931/2931/2931 2932/2932/2932 2930/2930/2930
f 2933/2933/2933 2935/2935/2935 2934/2934/2934
f 2935/2935/2935 2936/2936/2936 2934/2934/2934
f 2937/2937/2937 2939/2939/2939 2938/2938/2938
f 2939/2939/2939 2940/2940/2940 2938/2938/2938
f 2941/2941/2941 2943/2943/2943 2942/2942/2942
f 2943/2943/2943 2944/2944/2944 2942/2942/2942
f 2945/2945/2945 2947/2947/2947 2946/2946/2946
f 2947/2947/2947 2948/2948/2948 2946/2946/2946
f 2949/2949/2949 2951/2951/2951 2950/2950/2950
f 2951/2951/2951 2952/2952/2952 2950/2950/2950
o head0_7
usemtl material11
v 0.25 5.125 -0.5625
v 0.25 5.125 -0.625
v 0.25 4.875 -0.5625
v 0.25 4.875 -0.625
v -0.25 5.125 -0.625
v -0.25 5.125 -0.5625
v -0.25 4.875 -0.625
v -0.25 4.875 -0.5625
v -0.25 5.125 -0.625
v 0.25 5.125 -0.625
v -0.25 5.125 -0.5625
v 0.25 5.125 -0.5625
v -0.25 4.875 -0.5625
v 0.25 4.875 -0.5625
v -0.25 4.875 -0.625
v 0.25 4.875 -0.625
v -0.25 5.125 -0.5625
v 0.25 5.125 -0.5625
v -0.25 4.875 -0.5625
v 0.25 4.875 -0.5625
v 0.25 5.125 -0.625
v -0.25 5.125 -0.625
v 0.25 4.875 -0.625
v -0.25 4.875 -0.625
vt 0.00006103515625 0.16802978515625
vt 0.00384521484375 0.16802978515625
vt 0.00006103515625 0.18353271484375
vt 0.00384521484375 0.18353271484375
vt 0.03521728515625 0.16802978515625
vt 0.03900146484375 0.16802978515625
vt 0.03521728515625 0.18353271484375
vt 0.03900146484375 0.18353271484375
vt 0.03509521484375 0.16790771484375
vt 0.00396728515625 0.16790771484375
vt 0.03509521484375 0.16412353515625
vt 0.00396728515625 0.16412353515625
vt 0.06634521484375 0.16412353515625
vt 0.03521728515625 0.16412353515625
vt 0.06634521484375 0.16790771484375
vt 0.03521728515625 0.16790771484375
vt 0.03912353515625 0.16802978515625
vt 0.07025146484375 0.16802978515625
vt 0.03912353515625 0.18353271484375
vt 0.07025146484375 0.18353271484375
vt 0.00396728515625 0.16802978515625
vt 0.03509521484375 0.16802978515625
vt 0.00396728515625 0.18353271484375
vt 0.03509521484375 0.18353271484375
vn 1 0 0
vn 1 0 0
vn 1 0 0
vn 1 0 0
vn -1 0 0
vn -1 0 0
vn -1 0 0
vn -1 0 0
vn 0 1 0
vn 0 1 0
vn 0 1 0
vn 0 1 0
vn 0 -1 0
vn 0 -1 0
vn 0 -1 0
vn 0 -1 0
vn 0 0 1
vn 0 0 1
vn 0 0 1
vn 0 0 1
vn 0 0 -1
vn 0 0 -1
vn 0 0 -1
vn 0 0 -1
f 2953/2953/2953 2955/2955/2955 2954/2954/2954
f 2955/2955/2955 2956/2956/2956 2954/2954/2954
f 2957/2957/2957 2959/2959/2959 2958/2958/2958
f 2959/2959/2959 2960/2960/2960 2958/2958/2958
f 2961/2961/2961 2963/2963/2963 2962/2962/2962
f 2963/2963/2963 2964/2964/2964 2962/2962/2962
f 2965/2965/2965 2967/2967/2967 2966/2966/2966
f 2967/2967/2967 2968/2968/2968 2966/2966/2966
f 2969/2969/2969 2971/2971/2971 2970/2970/2970
f 2971/2971/2971 2972/2972/2972 2970/2970/2970
f 2973/2973/2973 2975/2975/2975 2974/2974/2974
f 2975/2975/2975 2976/2976/2976 2974/2974/2974
o b0_1
usemtl material11
v 0.34375 5.162588224041861 -0.17453538399876967
v 0.34375 5.125000003584692 -0.2937499886308079
v 0.34375 4.8049443675112755 -0.061770709184667316
v 0.34375 4.767356147054107 -0.18098531381670568
v -0.34375 5.125000003584692 -0.2937499886308079
v -0.34375 5.162588224041861 -0.17453538399876967
v -0.34375 4.767356147054107 -0.18098531381670568
v -0.34375 4.8049443675112755 -0.061770709184667316
v -0.34375 5.125000003584692 -0.2937499886308079
v 0.34375 5.125000003584692 -0.2937499886308079
v -0.34375 5.162588224041861 -0.17453538399876967
v 0.34375 5.162588224041861 -0.17453538399876967
v -0.34375 4.8049443675112755 -0.061770709184667316
v 0.34375 4.8049443675112755 -0.061770709184667316
v -0.34375 4.767356147054107 -0.18098531381670568
v 0.34375 4.767356147054107 -0.18098531381670568
v -0.34375 5.162588224041861 -0.17453538399876967
v 0.34375 5.162588224041861 -0.17453538399876967
v -0.34375 4.8049443675112755 -0.061770709184667316
v 0.34375 4.8049443675112755 -0.061770709184667316
v 0.34375 5.125000003584692 -0.2937499886308079
v -0.34375 5.125000003584692 -0.2937499886308079
v 0.34375 4.767356147054107 -0.18098531381670568
v -0.34375 4.767356147054107 -0.18098531381670568
vt 0.60552978515625 0.15631103515625
vt 0.61322021484375 0.15631103515625
vt 0.60552978515625 0.17962646484375
vt 0.61322021484375 0.17962646484375
vt 0.65631103515625 0.15631103515625
vt 0.66400146484375 0.15631103515625
vt 0.65631103515625 0.17962646484375
vt 0.66400146484375 0.17962646484375
vt 0.65618896484375 0.15618896484375
vt 0.61334228515625 0.15618896484375
vt 0.65618896484375 0.14849853515625
vt 0.61334228515625 0.14849853515625
vt 0.69915771484375 0.14849853515625
vt 0.65631103515625 0.14849853515625
vt 0.69915771484375 0.15618896484375
vt 0.65631103515625 0.15618896484375
vt 0.66412353515625 0.15631103515625
vt 0.70697021484375 0.15631103515625
vt 0.66412353515625 0.17962646484375
vt 0.70697021484375 0.17962646484375
vt 0.61334228515625 0.15631103515625
vt 0.65618896484375 0.15631103515625
vt 0.61334228515625 0.17962646484375
vt 0.65618896484375 0.17962646484375
vn 1 0 0
vn 1 0 0
vn 1 0 0
vn 1 0 0
vn -1 0 0
vn -1 0 0
vn -1 0 0
vn -1 0 0
vn 0 0.9537169507482269 -0.30070579950427306
vn 0 0.9537169507482269 -0.30070579950427306
vn 0 0.9537169507482269 -0.30070579950427306
vn 0 0.9537169507482269 -0.30070579950427306
vn 0 -0.9537169507482269 0.30070579950427306
vn 0 -0.9537169507482269 0.30070579950427306
vn 0 -0.9537169507482269 0.30070579950427306
vn 0 -0.9537169507482269 0.30070579950427306
vn 0 0.30070579950427306 0.9537169507482269
vn 0 0.30070579950427306 0.9537169507482269
vn 0 0.30070579950427306 0.9537169507482269
vn 0 0.30070579950427306 0.9537169507482269
vn 0 -0.30070579950427306 -0.9537169507482269
vn 0 -0.30070579950427306 -0.9537169507482269
vn 0 -0.30070579950427306 -0.9537169507482269
vn 0 -0.30070579950427306 -0.9537169507482269
f 2977/2977/2977 2979/2979/2979 2978/2978/2978
f 2979/2979/2979 2980/2980/2980 2978/2978/2978
f 2981/2981/2981 2983/2983/2983 2982/2982/2982
f 2983/2983/2983 2984/2984/2984 2982/2982/2982
f 2985/2985/2985 2987/2987/2987 2986/2986/2986
f 2987/2987/2987 2988/2988/2988 2986/2986/2986
f 2989/2989/2989 2991/2991/2991 2990/2990/2990
f 2991/2991/2991 2992/2992/2992 2990/2990/2990
f 2993/2993/2993 2995/2995/2995 2994/2994/2994
f 2995/2995/2995 2996/2996/2996 2994/2994/2994
f 2997/2997/2997 2999/2999/2999 2998/2998/2998
f 2999/2999/2999 3000/3000/3000 2998/2998/2998
o mouth0_1
usemtl material11
v 0.25062501430511475 4.889237868479658 -0.21012545933003524
v 0.25062501430511475 4.813049730735297 -0.6422098597901592
v 0.25062501430511475 4.764906096282756 -0.18820241333242282
v 0.25062501430511475 4.688717958538395 -0.6202868137925469
v -0.25062501430511475 4.813049730735297 -0.6422098597901592
v -0.25062501430511475 4.889237868479658 -0.21012545933003524
v -0.25062501430511475 4.688717958538395 -0.6202868137925469
v -0.25062501430511475 4.764906096282756 -0.18820241333242282
v -0.25062501430511475 4.813049730735297 -0.6422098597901592
v 0.25062501430511475 4.813049730735297 -0.6422098597901592
v -0.25062501430511475 4.889237868479658 -0.21012545933003524
v 0.25062501430511475 4.889237868479658 -0.21012545933003524
v -0.25062501430511475 4.764906096282756 -0.18820241333242282
v 0.25062501430511475 4.764906096282756 -0.18820241333242282
v -0.25062501430511475 4.688717958538395 -0.6202868137925469
v 0.25062501430511475 4.688717958538395 -0.6202868137925469
v -0.25062501430511475 4.889237868479658 -0.21012545933003524
v 0.25062501430511475 4.889237868479658 -0.21012545933003524
v -0.25062501430511475 4.764906096282756 -0.18820241333242282
v 0.25062501430511475 4.764906096282756 -0.18820241333242282
v 0.25062501430511475 4.813049730735297 -0.6422098597901592
v -0.25062501430511475 4.813049730735297 -0.6422098597901592
v 0.25062501430511475 4.688717958538395 -0.6202868137925469
v -0.25062501430511475 4.688717958538395 -0.6202868137925469
vt 0.52349853515625 0.46881103515625
vt 0.55072021484375 0.46881103515625
vt 0.52349853515625 0.47650146484375
vt 0.55072021484375 0.47650146484375
vt 0.58209228515625 0.46881103515625
vt 0.60931396484375 0.46881103515625
vt 0.58209228515625 0.47650146484375
vt 0.60931396484375 0.47650146484375
vt 0.58197021484375 0.46868896484375
vt 0.55084228515625 0.46868896484375
vt 0.58197021484375 0.44146728515625
vt 0.55084228515625 0.44146728515625
vt 0.61322021484375 0.44146728515625
vt 0.58209228515625 0.44146728515625
vt 0.61322021484375 0.46868896484375
vt 0.58209228515625 0.46868896484375
vt 0.60943603515625 0.46881103515625
vt 0.64056396484375 0.46881103515625
vt 0.60943603515625 0.47650146484375
vt 0.64056396484375 0.47650146484375
vt 0.55084228515625 0.46881103515625
vt 0.58197021484375 0.46881103515625
vt 0.55084228515625 0.47650146484375
vt 0.58197021484375 0.47650146484375
vn 1 0 0
vn 1 0 0
vn 1 0 0
vn 1 0 0
vn -1 0 0
vn -1 0 0
vn -1 0 0
vn -1 0 0
vn 0 0.984807753012208 -0.1736481776669303
vn 0 0.984807753012208 -0.1736481776669303
vn 0 0.984807753012208 -0.1736481776669303
vn 0 0.984807753012208 -0.1736481776669303
vn 0 -0.984807753012208 0.1736481776669303
vn 0 -0.984807753012208 0.1736481776669303
vn 0 -0.984807753012208 0.1736481776669303
vn 0 -0.984807753012208 0.1736481776669303
vn 0 0.1736481776669303 0.984807753012208
vn 0 0.1736481776669303 0.984807753012208
vn 0 0.1736481776669303 0.984807753012208
vn 0 0.1736481776669303 0.984807753012208
vn 0 -0.1736481776669303 -0.984807753012208
vn 0 -0.1736481776669303 -0.984807753012208
vn 0 -0.1736481776669303 -0.984807753012208
vn 0 -0.1736481776669303 -0.984807753012208
f 3001/3001/3001 3003/3003/3003 3002/3002/3002
f 3003/3003/3003 3004/3004/3004 3002/3002/3002
f 3005/3005/3005 3007/3007/3007 3006/3006/3006
f 3007/3007/3007 3008/3008/3008 3006/3006/3006
f 3009/3009/3009 3011/3011/3011 3010/3010/3010
f 3011/3011/3011 3012/3012/3012 3010/3010/3010
f 3013/3013/3013 3015/3015/3015 3014/3014/3014
f 3015/3015/3015 3016/3016/3016 3014/3014/3014
f 3017/3017/3017 3019/3019/3019 3018/3018/3018
f 3019/3019/3019 3020/3020/3020 3018/3018/3018
f 3021/3021/3021 3023/3023/3023 3022/3022/3022
f 3023/3023/3023 3024/3024/3024 3022/3022/3022
o mouth0_2
usemtl material11
v -0.2182108993005794 4.90186867952892 -0.13489394282643152
v -0.12709313655450566 4.816498468088646 -0.6190524709045737
v -0.2182108993005794 4.778767710402393 -0.11318792061806515
v -0.12709313655450566 4.69339749896212 -0.5973464486962075
v -0.25 4.81254285972516 -0.6414858407019388
v -0.34111776274607375 4.8979130711654335 -0.15732731262379657
v -0.25 4.689441890598634 -0.6197798184935726
v -0.34111776274607375 4.774812102038908 -0.13562129041543025
v -0.25 4.81254285972516 -0.6414858407019388
v -0.12709313655450566 4.816498468088646 -0.6190524709045737
v -0.34111776274607375 4.8979130711654335 -0.15732731262379657
v -0.2182108993005794 4.90186867952892 -0.13489394282643152
v -0.34111776274607375 4.774812102038908 -0.13562129041543025
v -0.2182108993005794 4.778767710402393 -0.11318792061806515
v -0.25 4.689441890598634 -0.6197798184935726
v -0.12709313655450566 4.69339749896212 -0.5973464486962075
v -0.34111776274607375 4.8979130711654335 -0.15732731262379657
v -0.2182108993005794 4.90186867952892 -0.13489394282643152
v -0.34111776274607375 4.774812102038908 -0.13562129041543025
v -0.2182108993005794 4.778767710402393 -0.11318792061806515
v -0.12709313655450566 4.816498468088646 -0.6190524709045737
v -0.25 4.81254285972516 -0.6414858407019388
v -0.12709313655450566 4.69339749896212 -0.5973464486962075
v -0.25 4.689441890598634 -0.6197798184935726
vt 0.41412353515625 0.09771728515625
vt 0.4452514946460724 0.09771728515625
vt 0.41412353515625 0.10540771484375
vt 0.4452514946460724 0.10540771484375
vt 0.4531860649585724 0.09771728515625
vt 0.4843139946460724 0.09771728515625
vt 0.4531860649585724 0.10540771484375
vt 0.4843139946460724 0.10540771484375
vt 0.45306396484375 0.09759521484375
vt 0.44537353515625 0.09759521484375
vt 0.45306396484375 0.06646728515625
vt 0.44537353515625 0.06646728515625
vt 0.4608764350414276 0.06646728515625
vt 0.4531860649585724 0.06646728515625
vt 0.4608764350414276 0.09759521484375
vt 0.4531860649585724 0.09759521484375
vt 0.48443603515625 0.09771728515625
vt 0.49212646484375 0.09771728515625
vt 0.48443603515625 0.10540771484375
vt 0.49212646484375 0.10540771484375
vt 0.44537353515625 0.09771728515625
vt 0.45306396484375 0.09771728515625
vt 0.44537353515625 0.10540771484375
vt 0.45306396484375 0.10540771484375
vn 0.9832549075639547 0.031644866907886836 0.1794669583789207
vn 0.9832549075639547 0.031644866907886836 0.1794669583789207
vn 0.9832549075639547 0.031644866907886836 0.1794669583789207
vn 0.9832549075639547 0.031644866907886836 0.1794669583789207
vn -0.9832549075639547 -0.031644866907886836 -0.1794669583789207
vn -0.9832549075639547 -0.031644866907886836 -0.1794669583789207
vn -0.9832549075639547 -0.031644866907886836 -0.1794669583789207
vn -0.9832549075639547 -0.031644866907886836 -0.1794669583789207
vn -3.469446951953614e-18 0.9848077530122081 -0.1736481776669303
vn -3.469446951953614e-18 0.9848077530122081 -0.1736481776669303
vn -3.469446951953614e-18 0.9848077530122081 -0.1736481776669303
vn -3.469446951953614e-18 0.9848077530122081 -0.1736481776669303
vn 3.469446951953614e-18 -0.9848077530122081 0.1736481776669303
vn 3.469446951953614e-18 -0.9848077530122081 0.1736481776669303
vn 3.469446951953614e-18 -0.9848077530122081 0.1736481776669303
vn 3.469446951953614e-18 -0.9848077530122081 0.1736481776669303
vn -0.18223552549214742 0.17074042288054672 0.9683170561562845
vn -0.18223552549214742 0.17074042288054672 0.9683170561562845
vn -0.18223552549214742 0.17074042288054672 0.9683170561562845
vn -0.18223552549214742 0.17074042288054672 0.9683170561562845
vn 0.18223552549214742 -0.17074042288054672 -0.9683170561562845
vn 0.18223552549214742 -0.17074042288054672 -0.9683170561562845
vn 0.18223552549214742 -0.17074042288054672 -0.9683170561562845
vn 0.18223552549214742 -0.17074042288054672 -0.9683170561562845
f 3025/3025/3025 3027/3027/3027 3026/3026/3026
f 3027/3027/3027 3028/3028/3028 3026/3026/3026
f 3029/3029/3029 3031/3031/3031 3030/3030/3030
f 3031/3031/3031 3032/3032/3032 3030/3030/3030
f 3033/3033/3033 3035/3035/3035 3034/3034/3034
f 3035/3035/3035 3036/3036/3036 3034/3034/3034
f 3037/3037/3037 3039/3039/3039 3038/3038/3038
f 3039/3039/3039 3040/3040/3040 3038/3038/3038
f 3041/3041/3041 3043/3043/3043 3042/3042/3042
f 3043/3043/3043 3044/3044/3044 3042/3042/3042
f 3045/3045/3045 3047/3047/3047 3046/3046/3046
f 3047/3047/3047 3048/3048/3048 3046/3046/3046
o mouth0_3
usemtl material11
v 0.34111776274607375 4.8979130711654335 -0.15732731262379657
v 0.25 4.81254285972516 -0.6414858407019388
v 0.34111776274607375 4.774812102038908 -0.13562129041543025
v 0.25 4.689441890598634 -0.6197798184935726
v 0.12709313655450566 4.816498468088646 -0.6190524709045737
v 0.2182108993005794 4.90186867952892 -0.13489394282643152
v 0.12709313655450566 4.69339749896212 -0.5973464486962075
v 0.2182108993005794 4.778767710402393 -0.11318792061806515
v 0.12709313655450566 4.816498468088646 -0.6190524709045737
v 0.25 4.81254285972516 -0.6414858407019388
v 0.2182108993005794 4.90186867952892 -0.13489394282643152
v 0.34111776274607375 4.8979130711654335 -0.15732731262379657
v 0.2182108993005794 4.778767710402393 -0.11318792061806515
v 0.34111776274607375 4.774812102038908 -0.13562129041543025
v 0.12709313655450566 4.69339749896212 -0.5973464486962075
v 0.25 4.689441890598634 -0.6197798184935726
v 0.2182108993005794 4.90186867952892 -0.13489394282643152
v 0.34111776274607375 4.8979130711654335 -0.15732731262379657
v 0.2182108993005794 4.778767710402393 -0.11318792061806515
v 0.34111776274607375 4.774812102038908 -0.13562129041543025
v 0.25 4.81254285972516 -0.6414858407019388
v 0.12709313655450566 4.816498468088646 -0.6190524709045737
v 0.25 4.689441890598634 -0.6197798184935726
v 0.12709313655450566 4.69339749896212 -0.5973464486962075
vt 0.17584228515625 0.03131103515625
vt 0.20697021484375 0.03131103515625
vt 0.17584228515625 0.03900146484375
vt 0.20697021484375 0.03900146484375
vt 0.21490478515625 0.03131103515625
vt 0.2460327297449112 0.03131103515625
vt 0.21490478515625 0.03900146484375
vt 0.2460327297449112 0.03900146484375
vt 0.2147827297449112 0.03118896484375
vt 0.20709228515625 0.03118896484375
vt 0.2147827297449112 0.00006103515625
vt 0.20709228515625 0.00006103515625
vt 0.22259521484375 0.00006103515625
vt 0.21490478515625 0.00006103515625
vt 0.22259521484375 0.03118896484375
vt 0.21490478515625 0.03118896484375
vt 0.24615478515625 0.03131103515625
vt 0.25384521484375 0.03131103515625
vt 0.24615478515625 0.03900146484375
vt 0.25384521484375 0.03900146484375
vt 0.20709228515625 0.03131103515625
vt 0.2147827297449112 0.03131103515625
vt 0.20709228515625 0.03900146484375
vt 0.2147827297449112 0.03900146484375
vn 0.9832549075639547 -0.031644866907886836 -0.1794669583789207
vn 0.9832549075639547 -0.031644866907886836 -0.1794669583789207
vn 0.9832549075639547 -0.031644866907886836 -0.1794669583789207
vn 0.9832549075639547 -0.031644866907886836 -0.1794669583789207
vn -0.9832549075639547 0.031644866907886836 0.1794669583789207
vn -0.9832549075639547 0.031644866907886836 0.1794669583789207
vn -0.9832549075639547 0.031644866907886836 0.1794669583789207
vn -0.9832549075639547 0.031644866907886836 0.1794669583789207
vn 3.469446951953614e-18 0.9848077530122081 -0.1736481776669303
vn 3.469446951953614e-18 0.9848077530122081 -0.1736481776669303
vn 3.469446951953614e-18 0.9848077530122081 -0.1736481776669303
vn 3.469446951953614e-18 0.9848077530122081 -0.1736481776669303
vn -3.469446951953614e-18 -0.9848077530122081 0.1736481776669303
vn -3.469446951953614e-18 -0.9848077530122081 0.1736481776669303
vn -3.469446951953614e-18 -0.9848077530122081 0.1736481776669303
vn -3.469446951953614e-18 -0.9848077530122081 0.1736481776669303
vn 0.18223552549214742 0.17074042288054672 0.9683170561562845
vn 0.18223552549214742 0.17074042288054672 0.9683170561562845
vn 0.18223552549214742 0.17074042288054672 0.9683170561562845
vn 0.18223552549214742 0.17074042288054672 0.9683170561562845
vn -0.18223552549214742 -0.17074042288054672 -0.9683170561562845
vn -0.18223552549214742 -0.17074042288054672 -0.9683170561562845
vn -0.18223552549214742 -0.17074042288054672 -0.9683170561562845
vn -0.18223552549214742 -0.17074042288054672 -0.9683170561562845
f 3049/3049/3049 3051/3051/3051 3050/3050/3050
f 3051/3051/3051 3052/3052/3052 3050/3050/3050
f 3053/3053/3053 3055/3055/3055 3054/3054/3054
f 3055/3055/3055 3056/3056/3056 3054/3054/3054
f 3057/3057/3057 3059/3059/3059 3058/3058/3058
f 3059/3059/3059 3060/3060/3060 3058/3058/3058
f 3061/3061/3061 3063/3063/3063 3062/3062/3062
f 3063/3063/3063 3064/3064/3064 3062/3062/3062
f 3065/3065/3065 3067/3067/3067 3066/3066/3066
f 3067/3067/3067 3068/3068/3068 3066/3066/3066
f 3069/3069/3069 3071/3071/3071 3070/3070/3070
f 3071/3071/3071 3072/3072/3072 3070/3070/3070
